0,1.197814941
0.003333333,-0.161590576
0.006666667,-0.044677734
0.01,0.022903442
0.013333333,0.074920654
0.016666667,0.158055623
0.02,0.208251953
0.023333333,0.198455811
0.026666667,0.108250936
0.03,0.081695557
0.033333333,0.02398173
0.036666667,0.02549235
0.04,-0.06578064
0.043333333,-0.156570435
0.046666667,-0.238688151
0.05,-0.276870728
0.053333333,-0.285130819
0.056666667,-0.30657959
0.06,-0.275436401
0.063333333,-0.238454183
0.066666667,-0.083669027
0.07,-0.038131714
0.073333333,-0.029261271
0.076666667,-0.00100708
0.08,-0.006027222
0.083333333,-0.009791056
0.086666667,-0.009470622
0.09,0.023223877
0.093333333,-0.011789958
0.096666667,0.045781453
0.1,0.056762695
0.103333333,0.067982992
0.106666667,0.054163615
0.11,0.084243774
0.113333333,0.088775635
0.116666667,0.124613444
0.12,0.048202515
0.123333333,0.027699788
0.126666667,0.068827311
0.13,0.146759033
0.133333333,0.201568604
0.136666667,0.161214193
0.14,0.149002075
0.143333333,0.145523071
0.146666667,0.157831828
0.15,0.184631348
0.153333333,0.21421814
0.156666667,0.227259318
0.16,0.240600586
0.163333333,0.239659627
0.166666667,0.215911865
0.17,0.211257935
0.173333333,0.25100708
0.176666667,0.225738525
0.18,0.298217773
0.183333333,0.297368368
0.186666667,0.271072388
0.19,0.22593689
0.193333333,0.271799723
0.196666667,0.334477743
0.2,0.324859619
0.203333333,0.32850647
0.206666667,0.295501709
0.21,0.3462677
0.213333333,0.289703369
0.216666667,0.346476237
0.22,0.344100952
0.223333333,0.426605225
0.226666667,0.37491862
0.23,0.428451538
0.233333333,0.394668579
0.236666667,0.414683024
0.24,0.397247314
0.243333333,0.466018677
0.246666667,0.484298706
0.25,0.524902344
0.253333333,0.531956991
0.256666667,0.565048218
0.26,0.52166748
0.263333333,0.539815267
0.266666667,0.550282796
0.27,0.563171387
0.273333333,0.571746826
0.276666667,0.581034342
0.28,0.595291138
0.283333333,0.624516805
0.286666667,0.615239461
0.29,0.630172729
0.293333333,0.596750895
0.296666667,0.60975647
0.3,0.626678467
0.303333333,0.602630615
0.306666667,0.5597229
0.31,0.607452393
0.313333333,0.605122884
0.316666667,0.542322795
0.32,0.503890991
0.323333333,0.497609456
0.326666667,0.530822754
0.33,0.500930786
0.333333333,0.541559855
0.336666667,0.565007528
0.34,0.52192688
0.343333333,0.524302165
0.346666667,0.48991394
0.35,0.507736206
0.353333333,0.485168457
0.356666667,0.471974691
0.36,0.4740448
0.363333333,0.482004801
0.366666667,0.477956136
0.37,0.466079712
0.373333333,0.43939209
0.376666667,0.475479126
0.38,0.522491455
0.383333333,0.508092244
0.386666667,0.448023478
0.39,0.449905396
0.393333333,0.492940267
0.396666667,0.464406331
0.4,0.476608276
0.403333333,0.437678019
0.406666667,0.47567749
0.41,0.468795776
0.413333333,0.489217122
0.416666667,0.527699788
0.42,0.496536255
0.423333333,0.489273071
0.426666667,0.473648071
0.43,0.503646851
0.433333333,0.493011475
0.436666667,0.587320964
0.44,0.53553772
0.443333333,0.529764811
0.446666667,0.515853882
0.45,0.513687134
0.453333333,0.511891683
0.456666667,0.489634196
0.46,0.502731323
0.463333333,0.505701701
0.466666667,0.50239563
0.47,0.527572632
0.473333333,0.522165934
0.476666667,0.552103678
0.48,0.564712524
0.483333333,0.512924194
0.486666667,0.545801799
0.49,0.472961426
0.493333333,0.53276062
0.496666667,0.509394328
0.5,0.537872314
0.503333333,0.508839925
0.506666667,0.487467448
0.51,0.506225586
0.513333333,0.579600016
0.516666667,0.574315389
0.52,0.574417114
0.523333333,0.532002767
0.526666667,0.531514486
0.53,0.635665894
0.533333333,0.572077433
0.536666667,0.616953532
0.54,0.554626465
0.543333333,0.598495483
0.546666667,0.561304728
0.55,0.522460938
0.553333333,0.561599731
0.556666667,0.583902995
0.56,0.559539795
0.563333333,0.575083415
0.566666667,0.559285482
0.57,0.528686523
0.573333333,0.550262451
0.576666667,0.567214966
0.58,0.535858154
0.583333333,0.5859375
0.586666667,0.559916178
0.59,0.542663574
0.593333333,0.550532023
0.596666667,0.540771484
0.6,0.552749634
0.603333333,0.511952718
0.606666667,0.583953857
0.61,0.562866211
0.613333333,0.54015096
0.616666667,0.554631551
0.62,0.575637817
0.623333333,0.545389811
0.626666667,0.594538371
0.63,0.552444458
0.633333333,0.599110921
0.636666667,0.528925578
0.64,0.603744507
0.643333333,0.5918986
0.646666667,0.583241781
0.65,0.583724976
0.653333333,0.544667562
0.656666667,0.610565186
0.66,0.603439331
0.663333333,0.572138468
0.666666667,0.58555603
0.67,0.547470093
0.673333333,0.592992147
0.676666667,0.537780762
0.68,0.528442383
0.683333333,0.558268229
0.686666667,0.564915975
0.69,0.572525024
0.693333333,0.574106852
0.696666667,0.584457397
0.7,0.569992065
0.703333333,0.557250977
0.706666667,0.519734701
0.71,0.495605469
0.713333333,0.513036092
0.716666667,0.533548991
0.72,0.497955322
0.723333333,0.538533529
0.726666667,0.543095907
0.73,0.562896729
0.733333333,0.552800496
0.736666667,0.492121379
0.74,0.451950073
0.743333333,0.495666504
0.746666667,0.493896484
0.75,0.499725342
0.753333333,0.502466838
0.756666667,0.501815796
0.76,0.518081665
0.763333333,0.542215983
0.766666667,0.599314372
0.77,0.540252686
0.773333333,0.559504191
0.776666667,0.547780355
0.78,0.608764648
0.783333333,0.58400472
0.786666667,0.534688314
0.79,0.513259888
0.793333333,0.634938558
0.796666667,0.648330688
0.8,0.608673096
0.803333333,0.564987183
0.806666667,0.59161377
0.81,0.576385498
0.813333333,0.579030355
0.816666667,0.602544149
0.82,0.616638184
0.823333333,0.610936483
0.826666667,0.579081217
0.83,0.564453125
0.833333333,0.607045492
0.836666667,0.578582764
0.84,0.581375122
0.843333333,0.568506877
0.846666667,0.562708537
0.85,0.608139038
0.853333333,0.63663737
0.856666667,0.596984863
0.86,0.579498291
0.863333333,0.60488383
0.866666667,0.554656982
0.87,0.445297241
0.873333333,0.499938965
0.876666667,0.543095907
0.88,0.665878296
0.883333333,0.644302368
0.886666667,0.621332804
0.89,0.610855103
0.893333333,0.608210246
0.896666667,0.575068156
0.9,0.616760254
0.903333333,0.568450928
0.906666667,0.577936808
0.91,0.595336914
0.913333333,0.560394287
0.916666667,0.562667847
0.92,0.534423828
0.923333333,0.511494954
0.926666667,0.554595947
0.93,0.53112793
0.933333333,0.546773275
0.936666667,0.498662313
0.94,0.513687134
0.943333333,0.494094849
0.946666667,0.541707357
0.95,0.534057617
0.953333333,0.492284139
0.956666667,0.490030924
0.96,0.484313965
0.963333333,0.547780355
0.966666667,0.542653402
0.97,0.553527832
0.973333333,0.510838826
0.976666667,0.503718058
0.98,0.572814941
0.983333333,0.49949646
0.986666667,0.598587036
0.99,0.629043579
0.993333333,0.684967041
0.996666667,0.705769857
1,0.813674927
1.003333333,0.844523112
1.006666667,0.792811076
1.01,0.715118408
1.013333333,0.713785807
1.016666667,0.604985555
1.02,0.543869019
1.023333333,0.392364502
1.026666667,0.351572673
1.03,0.249420166
1.033333333,0.24983724
1.036666667,0.222188314
1.04,0.215011597
1.043333333,0.225367228
1.046666667,0.310434977
1.05,0.371704102
1.053333333,0.391916911
1.056666667,0.421646118
1.06,0.441589355
1.063333333,0.480545044
1.066666667,0.489069621
1.07,0.472305298
1.073333333,0.4400177
1.076666667,0.469360352
1.08,0.480407715
1.083333333,0.487391154
1.086666667,0.500793457
1.09,0.502655029
1.093333333,0.486750285
1.096666667,0.465677897
1.1,0.451660156
1.103333333,0.503631592
1.106666667,0.498494466
1.11,0.451553345
1.113333333,0.506047567
1.116666667,0.506108602
1.12,0.495376587
1.123333333,0.469411214
1.126666667,0.509256999
1.13,0.551559448
1.133333333,0.539220174
1.136666667,0.474950155
1.14,0.509887695
1.143333333,0.546829224
1.146666667,0.551396688
1.15,0.519638062
1.153333333,0.486562093
1.156666667,0.48483785
1.16,0.471359253
1.163333333,0.52394104
1.166666667,0.497817993
1.17,0.498382568
1.173333333,0.489847819
1.176666667,0.476552327
1.18,0.469406128
1.183333333,0.495859782
1.186666667,0.520670573
1.19,0.499572754
1.193333333,0.504669189
1.196666667,0.523951213
1.2,0.530776978
1.203333333,0.534851074
1.206666667,0.544708252
1.21,0.595123291
1.213333333,0.595738729
1.216666667,0.597432454
1.22,0.60395813
1.223333333,0.56284078
1.226666667,0.621612549
1.23,0.614456177
1.233333333,0.655848185
1.236666667,0.640823364
1.24,0.59197998
1.243333333,0.626490275
1.246666667,0.665934245
1.25,0.685882568
1.253333333,0.675542196
1.256666667,0.669296265
1.26,0.656829834
1.263333333,0.67447408
1.266666667,0.667444865
1.27,0.667175293
1.273333333,0.644460042
1.276666667,0.640436808
1.28,0.641403198
1.283333333,0.646438599
1.286666667,0.603368123
1.29,0.604629517
1.293333333,0.654378255
1.296666667,0.636749268
1.3,0.610809326
1.303333333,0.598932902
1.306666667,0.566223145
1.31,0.553543091
1.313333333,0.54208374
1.316666667,0.53876241
1.32,0.495513916
1.323333333,0.442525228
1.326666667,0.395039876
1.33,0.437561035
1.333333333,0.405883789
1.336666667,0.397705078
1.34,0.399551392
1.343333333,0.416046143
1.346666667,0.443237305
1.35,0.403900146
1.353333333,0.389378866
1.356666667,0.390619914
1.36,0.400161743
1.363333333,0.469914754
1.366666667,0.450007121
1.37,0.429550171
1.373333333,0.397003174
1.376666667,0.379252116
1.38,0.438980103
1.383333333,0.3977712
1.386666667,0.439463298
1.39,0.391113281
1.393333333,0.438878377
1.396666667,0.428212484
1.4,0.420074463
1.403333333,0.400655111
1.406666667,0.408747355
1.41,0.414871216
1.413333333,0.418736776
1.416666667,0.450007121
1.42,0.413452148
1.423333333,0.380320231
1.426666667,0.404571533
1.43,0.419967651
1.433333333,0.442810059
1.436666667,0.413853963
1.44,0.374984741
1.443333333,0.387878418
1.446666667,0.441563924
1.45,0.473632812
1.453333333,0.431925456
1.456666667,0.371353149
1.46,0.399215698
1.463333333,0.415445964
1.466666667,0.413106283
1.47,0.33454895
1.473333333,0.361236572
1.476666667,0.308904012
1.48,0.370452881
1.483333333,0.369822184
1.486666667,0.353602091
1.49,0.362945557
1.493333333,0.351069132
1.496666667,0.412867228
1.5,0.380706787
1.503333333,0.39175415
1.506666667,0.414087931
1.51,0.421401978
1.513333333,0.402257284
1.516666667,0.400009155
1.52,0.361862183
1.523333333,0.341049194
1.526666667,0.394922892
1.53,0.415618896
1.533333333,0.39255778
1.536666667,0.358062744
1.54,0.364837646
1.543333333,0.367986043
1.546666667,0.364064535
1.55,0.357971191
1.553333333,0.356923421
1.556666667,0.373087565
1.56,0.360458374
1.563333333,0.396296183
1.566666667,0.373509725
1.57,0.316513062
1.573333333,0.333465576
1.576666667,0.315526326
1.58,0.352005005
1.583333333,0.352350871
1.586666667,0.351852417
1.59,0.333862305
1.593333333,0.323857625
1.596666667,0.331380208
1.6,0.389785767
1.603333333,0.322799683
1.606666667,0.337493896
1.61,0.373901367
1.613333333,0.35706075
1.616666667,0.378850301
1.62,0.30406189
1.623333333,0.334960938
1.626666667,0.413391113
1.63,0.396057129
1.633333333,0.397338867
1.636666667,0.344975789
1.64,0.305160522
1.643333333,0.3743337
1.646666667,0.397023519
1.65,0.376052856
1.653333333,0.404744466
1.656666667,0.348932902
1.66,0.357437134
1.663333333,0.402501424
1.666666667,0.382868449
1.67,0.378250122
1.673333333,0.361083984
1.676666667,0.351511637
1.68,0.339477539
1.683333333,0.387573242
1.686666667,0.393651326
1.69,0.381729126
1.693333333,0.384516398
1.696666667,0.359853109
1.7,0.36491394
1.703333333,0.41805013
1.706666667,0.411132812
1.71,0.369064331
1.713333333,0.407272339
1.716666667,0.432510376
1.72,0.3646698
1.723333333,0.36134847
1.726666667,0.37638855
1.73,0.395828247
1.733333333,0.416666667
1.736666667,0.416585286
1.74,0.386734009
1.743333333,0.357386271
1.746666667,0.386032104
1.75,0.466156006
1.753333333,0.390991211
1.756666667,0.399815877
1.76,0.331878662
1.763333333,0.429438273
1.766666667,0.384928385
1.77,0.340774536
1.773333333,0.350916545
1.776666667,0.369842529
1.78,0.410140991
1.783333333,0.340220133
1.786666667,0.389261882
1.79,0.396331787
1.793333333,0.389389038
1.796666667,0.39205424
1.8,0.445327759
1.803333333,0.402064006
1.806666667,0.383611043
1.81,0.347915649
1.813333333,0.380101522
1.816666667,0.405527751
1.82,0.426452637
1.823333333,0.39449056
1.826666667,0.429214478
1.83,0.479064941
1.833333333,0.444793701
1.836666667,0.422739665
1.84,0.383880615
1.843333333,0.361302694
1.846666667,0.378199259
1.85,0.39680481
1.853333333,0.424397786
1.856666667,0.376734416
1.86,0.36239624
1.863333333,0.436141968
1.866666667,0.411936442
1.87,0.357971191
1.873333333,0.36092631
1.876666667,0.393371582
1.88,0.397079468
1.883333333,0.411071777
1.886666667,0.389984131
1.89,0.398468018
1.893333333,0.374898275
1.896666667,0.332397461
1.9,0.426864624
1.903333333,0.423253377
1.906666667,0.401372274
1.91,0.411483765
1.913333333,0.400726318
1.916666667,0.430297852
1.92,0.424133301
1.923333333,0.418467204
1.926666667,0.518030802
1.93,0.560546875
1.933333333,0.668233236
1.936666667,0.638427734
1.94,0.705078125
1.943333333,0.694366455
1.946666667,0.720769246
1.95,0.614089966
1.953333333,0.535324097
1.956666667,0.427861532
1.96,0.33241272
1.963333333,0.274693807
1.966666667,0.229415894
1.97,0.183868408
1.973333333,0.107899984
1.976666667,0.094121297
1.98,0.12727356
1.983333333,0.206273397
1.986666667,0.185267131
1.99,0.213409424
1.993333333,0.297251383
1.996666667,0.327234904
2,0.32043457
2.003333333,0.316645304
2.006666667,0.344802856
2.01,0.370422363
2.013333333,0.375869751
2.016666667,0.360107422
2.02,0.368026733
2.023333333,0.389973958
2.026666667,0.363596598
2.03,0.396270752
2.033333333,0.440495809
2.036666667,0.4159139
2.04,0.424316406
2.043333333,0.412119548
2.046666667,0.397979736
2.05,0.462265015
2.053333333,0.446050008
2.056666667,0.408411662
2.06,0.375732422
2.063333333,0.450439453
2.066666667,0.419387817
2.07,0.421234131
2.073333333,0.422439575
2.076666667,0.42612203
2.08,0.461730957
2.083333333,0.403722127
2.086666667,0.393066406
2.09,0.389160156
2.093333333,0.426635742
2.096666667,0.425776164
2.1,0.439224243
2.103333333,0.420227051
2.106666667,0.442911784
2.11,0.405059814
2.113333333,0.431844076
2.116666667,0.451711019
2.12,0.45135498
2.123333333,0.424209595
2.126666667,0.437230428
2.13,0.465530396
2.133333333,0.454533895
2.136666667,0.457672119
2.14,0.496017456
2.143333333,0.481892904
2.146666667,0.481180827
2.15,0.502471924
2.153333333,0.463694255
2.156666667,0.514531453
2.16,0.492889404
2.163333333,0.526438395
2.166666667,0.571314494
2.17,0.579772949
2.173333333,0.630167643
2.176666667,0.552769979
2.18,0.563995361
2.183333333,0.546620687
2.186666667,0.55573527
2.19,0.523651123
2.193333333,0.604497274
2.196666667,0.629196167
2.2,0.639648438
2.203333333,0.602818807
2.206666667,0.590459188
2.21,0.608123779
2.213333333,0.597935994
2.216666667,0.580164591
2.22,0.557754517
2.223333333,0.573888143
2.226666667,0.54850769
2.23,0.566390991
2.233333333,0.562082926
2.236666667,0.509668986
2.24,0.489013672
2.243333333,0.477874756
2.246666667,0.453267415
2.25,0.424194336
2.253333333,0.434656779
2.256666667,0.461791992
2.26,0.429885864
2.263333333,0.411794027
2.266666667,0.398813883
2.27,0.43737793
2.273333333,0.33627828
2.276666667,0.386494954
2.28,0.375610352
2.283333333,0.349477132
2.286666667,0.37159729
2.29,0.342758179
2.293333333,0.348098755
2.296666667,0.382710775
2.3,0.419311523
2.303333333,0.407409668
2.306666667,0.357070923
2.31,0.367095947
2.313333333,0.352915446
2.316666667,0.386581421
2.32,0.372543335
2.323333333,0.351008097
2.326666667,0.364725749
2.33,0.425735474
2.333333333,0.386428833
2.336666667,0.37806193
2.34,0.355545044
2.343333333,0.402943929
2.346666667,0.369725545
2.35,0.391693115
2.353333333,0.405415853
2.356666667,0.321222941
2.36,0.307006836
2.363333333,0.321965535
2.366666667,0.305811564
2.37,0.344085693
2.373333333,0.347061157
2.376666667,0.317459106
2.38,0.336959839
2.383333333,0.322469076
2.386666667,0.320210775
2.39,0.393447876
2.393333333,0.365809123
2.396666667,0.376419067
2.4,0.31867981
2.403333333,0.319636027
2.406666667,0.255574544
2.41,0.297698975
2.413333333,0.341974894
2.416666667,0.351969401
2.42,0.339385986
2.423333333,0.318552653
2.426666667,0.365478516
2.43,0.329162598
2.433333333,0.350062052
2.436666667,0.320576986
2.44,0.316925049
2.443333333,0.316167196
2.446666667,0.288172404
2.45,0.300369263
2.453333333,0.308242798
2.456666667,0.317779541
2.46,0.293518066
2.463333333,0.289520264
2.466666667,0.374679565
2.47,0.357269287
2.473333333,0.307133993
2.476666667,0.316055298
2.48,0.336074829
2.483333333,0.341873169
2.486666667,0.309814453
2.49,0.309768677
2.493333333,0.285227458
2.496666667,0.239735921
2.5,0.260162354
2.503333333,0.259368896
2.506666667,0.209523519
2.51,0.295089722
2.513333333,0.260045369
2.516666667,0.316899618
2.52,0.310699463
2.523333333,0.301864624
2.526666667,0.245259603
2.53,0.289108276
2.533333333,0.270614624
2.536666667,0.296488444
2.54,0.292266846
2.543333333,0.273747762
2.546666667,0.283543905
2.55,0.311508179
2.553333333,0.314509074
2.556666667,0.233495076
2.56,0.240386963
2.563333333,0.274490356
2.566666667,0.326970418
2.57,0.298233032
2.573333333,0.317769368
2.576666667,0.275085449
2.58,0.284133911
2.583333333,0.292205811
2.586666667,0.322280884
2.59,0.327087402
2.593333333,0.323944092
2.596666667,0.280726115
2.6,0.314712524
2.603333333,0.349624634
2.606666667,0.339472453
2.61,0.361984253
2.613333333,0.357035319
2.616666667,0.373535156
2.62,0.341323853
2.623333333,0.353510539
2.626666667,0.30460612
2.63,0.361633301
2.633333333,0.370635986
2.636666667,0.362091064
2.64,0.341674805
2.643333333,0.344731649
2.646666667,0.270390828
2.65,0.250930786
2.653333333,0.265848796
2.656666667,0.291386922
2.66,0.311798096
2.663333333,0.259465535
2.666666667,0.30263265
2.67,0.32951355
2.673333333,0.311864217
2.676666667,0.280751546
2.68,0.265777588
2.683333333,0.334421794
2.686666667,0.2718455
2.69,0.308685303
2.693333333,0.334996541
2.696666667,0.358347575
2.7,0.382843018
2.703333333,0.334574382
2.706666667,0.284372965
2.71,0.280487061
2.713333333,0.331726074
2.716666667,0.357691447
2.72,0.354415894
2.723333333,0.317901611
2.726666667,0.339452108
2.73,0.325866699
2.733333333,0.343678792
2.736666667,0.329325358
2.74,0.342529297
2.743333333,0.341303507
2.746666667,0.375264486
2.75,0.340652466
2.753333333,0.349700928
2.756666667,0.323735555
2.76,0.366714478
2.763333333,0.329859416
2.766666667,0.380503337
2.77,0.350250244
2.773333333,0.373977661
2.776666667,0.368082682
2.78,0.381820679
2.783333333,0.346323649
2.786666667,0.377873739
2.79,0.310211182
2.793333333,0.294418335
2.796666667,0.26361084
2.8,0.328903198
2.803333333,0.327519735
2.806666667,0.293273926
2.81,0.269287109
2.813333333,0.26210022
2.816666667,0.299835205
2.82,0.289810181
2.823333333,0.287902832
2.826666667,0.315048218
2.83,0.332107544
2.833333333,0.277709961
2.836666667,0.287999471
2.84,0.273300171
2.843333333,0.305709839
2.846666667,0.291748047
2.85,0.309677124
2.853333333,0.323511759
2.856666667,0.366673787
2.86,0.305236816
2.863333333,0.248804728
2.866666667,0.271275838
2.87,0.302459717
2.873333333,0.326721191
2.876666667,0.328740438
2.88,0.461135864
2.883333333,0.488204956
2.886666667,0.537806193
2.89,0.502670288
2.893333333,0.488886515
2.896666667,0.436787923
2.9,0.392684937
2.903333333,0.358495076
2.906666667,0.297444661
2.91,0.176223755
2.913333333,0.12713623
2.916666667,0.083796183
2.92,0.021347046
2.923333333,-0.013432821
2.926666667,-0.003295898
2.93,0.008850098
2.933333333,0.090357463
2.936666667,0.100296021
2.94,0.144363403
2.943333333,0.271158854
2.946666667,0.283950806
2.95,0.290908813
2.953333333,0.264836629
2.956666667,0.321172078
2.96,0.281265259
2.963333333,0.293319702
2.966666667,0.270843506
2.97,0.306304932
2.973333333,0.341369629
2.976666667,0.325302124
2.98,0.385131836
2.983333333,0.393600464
2.986666667,0.32337443
2.99,0.337432861
2.993333333,0.317667643
2.996666667,0.350118001
3,0.358200073
3.003333333,0.37697347
3.006666667,0.369562785
3.01,0.351135254
3.013333333,0.331202189
3.016666667,0.367457072
3.02,0.313491821
3.023333333,0.337860107
3.026666667,0.320785522
3.03,0.323013306
3.033333333,0.329055786
3.036666667,0.362894694
3.04,0.317474365
3.043333333,0.309646606
3.046666667,0.358291626
3.05,0.355377197
3.053333333,0.408040365
3.056666667,0.360285441
3.06,0.321640015
3.063333333,0.343032837
3.066666667,0.421905518
3.07,0.410720825
3.073333333,0.389597575
3.076666667,0.411783854
3.08,0.451965332
3.083333333,0.452041626
3.086666667,0.427403768
3.09,0.440414429
3.093333333,0.463770549
3.096666667,0.413213094
3.1,0.445632935
3.103333333,0.479136149
3.106666667,0.490524292
3.11,0.477050781
3.113333333,0.500244141
3.116666667,0.50587972
3.12,0.528762817
3.123333333,0.524815877
3.126666667,0.483896891
3.13,0.493103027
3.133333333,0.480397542
3.136666667,0.465576172
3.14,0.476547241
3.143333333,0.607121785
3.146666667,0.514506022
3.15,0.522842407
3.153333333,0.474217733
3.156666667,0.516489665
3.16,0.542190552
3.163333333,0.483261108
3.166666667,0.486373901
3.17,0.50881958
3.173333333,0.49822998
3.176666667,0.451522827
3.18,0.447158813
3.183333333,0.475260417
3.186666667,0.448527018
3.19,0.43132019
3.193333333,0.396672567
3.196666667,0.391281128
3.2,0.367126465
3.203333333,0.364568075
3.206666667,0.317448934
3.21,0.29876709
3.213333333,0.27831014
3.216666667,0.271148682
3.22,0.262710571
3.223333333,0.220163981
3.226666667,0.206380208
3.23,0.181793213
3.233333333,0.185394287
3.236666667,0.261657715
3.24,0.263961792
3.243333333,0.230560303
3.246666667,0.226674398
3.25,0.216293335
3.253333333,0.171335856
3.256666667,0.243021647
3.26,0.234039307
3.263333333,0.244532267
3.266666667,0.270360311
3.27,0.224441528
3.273333333,0.202229818
3.276666667,0.224568685
3.28,0.206619263
3.283333333,0.196914673
3.286666667,0.1659139
3.29,0.24659729
3.293333333,0.249989827
3.296666667,0.21077474
3.3,0.211257935
3.303333333,0.229192098
3.306666667,0.235331217
3.31,0.255020142
3.313333333,0.242823283
3.316666667,0.22084554
3.32,0.240859985
3.323333333,0.274998983
3.326666667,0.266708374
3.33,0.27394104
3.333333333,0.238545736
3.336666667,0.286092122
3.34,0.271377563
3.343333333,0.248418172
3.346666667,0.236796061
3.35,0.253829956
3.353333333,0.247899373
3.356666667,0.274200439
3.36,0.246109009
3.363333333,0.266586304
3.366666667,0.255788167
3.37,0.245895386
3.373333333,0.243667603
3.376666667,0.227930705
3.38,0.266799927
3.383333333,0.277913411
3.386666667,0.290054321
3.39,0.281295776
3.393333333,0.27196757
3.396666667,0.284159342
3.4,0.302505493
3.403333333,0.293614705
3.406666667,0.294698079
3.41,0.338287354
3.413333333,0.308751424
3.416666667,0.276056925
3.42,0.19078064
3.423333333,0.21500651
3.426666667,0.273401896
3.43,0.252716064
3.433333333,0.255025228
3.436666667,0.301472982
3.44,0.259262085
3.443333333,0.256317139
3.446666667,0.253219604
3.45,0.21194458
3.453333333,0.15973409
3.456666667,0.259648641
3.46,0.2240448
3.463333333,0.197921753
3.466666667,0.204645793
3.47,0.224380493
3.473333333,0.250956217
3.476666667,0.250447591
3.48,0.264816284
3.483333333,0.237833659
3.486666667,0.221867879
3.49,0.197921753
3.493333333,0.214019775
3.496666667,0.227050781
3.5,0.235748291
3.503333333,0.266515096
3.506666667,0.225799561
3.51,0.19744873
3.513333333,0.23932902
3.516666667,0.22626241
3.52,0.235198975
3.523333333,0.286509196
3.526666667,0.314203898
3.53,0.261413574
3.533333333,0.276845296
3.536666667,0.289316813
3.54,0.268676758
3.543333333,0.220408122
3.546666667,0.310348511
3.55,0.275039673
3.553333333,0.276301066
3.556666667,0.279129028
3.56,0.208145142
3.563333333,0.247111003
3.566666667,0.271148682
3.57,0.227325439
3.573333333,0.220357259
3.576666667,0.244908651
3.58,0.212127686
3.583333333,0.208409627
3.586666667,0.229365031
3.59,0.192108154
3.593333333,0.194966634
3.596666667,0.22354126
3.6,0.181121826
3.603333333,0.270797729
3.606666667,0.260386149
3.61,0.161499023
3.613333333,0.19787089
3.616666667,0.182825724
3.62,0.191268921
3.623333333,0.243143717
3.626666667,0.268783569
3.63,0.212524414
3.633333333,0.238978068
3.636666667,0.228607178
3.64,0.265060425
3.643333333,0.228739421
3.646666667,0.215459188
3.65,0.208435059
3.653333333,0.228006999
3.656666667,0.220433553
3.66,0.211471558
3.663333333,0.146677653
3.666666667,0.228246053
3.67,0.239639282
3.673333333,0.188232422
3.676666667,0.212966919
3.68,0.249664307
3.683333333,0.244903564
3.686666667,0.230356852
3.69,0.202468872
3.693333333,0.25747172
3.696666667,0.234614054
3.7,0.22354126
3.703333333,0.188593547
3.706666667,0.195073446
3.71,0.202636719
3.713333333,0.217336019
3.716666667,0.200398763
3.72,0.194671631
3.723333333,0.205535889
3.726666667,0.208007813
3.73,0.203781128
3.733333333,0.236409505
3.736666667,0.212778727
3.74,0.237228394
3.743333333,0.214314779
3.746666667,0.217992147
3.75,0.188446045
3.753333333,0.118606567
3.756666667,0.107213338
3.76,0.128189087
3.763333333,0.090682983
3.766666667,0.143890381
3.77,0.144882202
3.773333333,0.147399902
3.776666667,0.095291138
3.78,0.081314087
3.783333333,0.075429281
3.786666667,0.148808797
3.79,0.111862183
3.793333333,0.092697144
3.796666667,0.085622152
3.8,0.117797852
3.803333333,0.104777018
3.806666667,0.131281535
3.81,0.040084839
3.813333333,0.066223145
3.816666667,0.089263916
3.82,0.090240479
3.823333333,0.088205973
3.826666667,0.152862549
3.83,0.076141357
3.833333333,0.038782756
3.836666667,0.049438477
3.84,0.131576538
3.843333333,0.150126139
3.846666667,0.201222738
3.85,0.271148682
3.853333333,0.269582113
3.856666667,0.314219157
3.86,0.294906616
3.863333333,0.232477824
3.866666667,0.204798381
3.87,0.151733398
3.873333333,0.139923096
3.876666667,0.116556803
3.88,-0.04536438
3.883333333,-0.096969604
3.886666667,-0.194234212
3.89,-0.195999146
3.893333333,-0.181503296
3.896666667,-0.137217204
3.9,-0.076675415
3.903333333,0.020238241
3.906666667,0.055409749
3.91,0.112503052
3.913333333,0.130218506
3.916666667,0.126139323
3.92,0.093063354
3.923333333,0.094019572
3.926666667,0.096232096
3.93,0.118637085
3.933333333,0.123519897
3.936666667,0.158284505
3.94,0.176971436
3.943333333,0.129302979
3.946666667,0.142232259
3.95,0.14175415
3.953333333,0.14847819
3.956666667,0.164698283
3.96,0.186813354
3.963333333,0.222056071
3.966666667,0.134429932
3.97,0.151672363
3.973333333,0.216145833
3.976666667,0.176335653
3.98,0.216567993
3.983333333,0.247065226
3.986666667,0.247309367
3.99,0.257644653
3.993333333,0.226882935
3.996666667,0.217269897
4,0.20866394
4.003333333,0.228312174
4.006666667,0.236195882
4.01,0.217803955
4.013333333,0.238759359
4.016666667,0.268274943
4.02,0.260635376
4.023333333,0.270136515
4.026666667,0.271677653
4.03,0.281280518
4.033333333,0.279515584
4.036666667,0.282455444
4.04,0.257461548
4.043333333,0.288157145
4.046666667,0.342631022
4.05,0.362548828
4.053333333,0.3508962
4.056666667,0.317784627
4.06,0.321853638
4.063333333,0.30809021
4.066666667,0.320460002
4.07,0.35319519
4.073333333,0.383646647
4.076666667,0.409723918
4.08,0.398086548
4.083333333,0.398635864
4.086666667,0.417775472
4.09,0.416885376
4.093333333,0.383178711
4.096666667,0.358037313
4.1,0.375213623
4.103333333,0.377568563
4.106666667,0.459218343
4.11,0.385116577
4.113333333,0.431172689
4.116666667,0.462595622
4.12,0.439285278
4.123333333,0.488677979
4.126666667,0.444992065
4.13,0.487976074
4.133333333,0.452092489
4.136666667,0.448933919
4.14,0.486053467
4.143333333,0.444285075
4.146666667,0.470967611
4.15,0.482788086
4.153333333,0.443049113
4.156666667,0.426193237
4.16,0.45602417
4.163333333,0.418538411
4.166666667,0.401433309
4.17,0.336044312
4.173333333,0.340011597
4.176666667,0.325322469
4.18,0.308990479
4.183333333,0.268961589
4.186666667,0.241770426
4.19,0.311325073
4.193333333,0.278050741
4.196666667,0.287180583
4.2,0.277175903
4.203333333,0.241327922
4.206666667,0.236409505
4.21,0.250244141
4.213333333,0.205729167
4.216666667,0.252634684
4.22,0.175994873
4.223333333,0.215764364
4.226666667,0.217285156
4.23,0.230438232
4.233333333,0.269419352
4.236666667,0.235102336
4.24,0.255722046
4.243333333,0.280237834
4.246666667,0.278711955
4.25,0.296783447
4.253333333,0.278335571
4.256666667,0.315867106
4.26,0.278167725
4.263333333,0.30305481
4.266666667,0.318425496
4.27,0.27696228
4.273333333,0.227050781
4.276666667,0.263656616
4.28,0.2993927
4.283333333,0.299402873
4.286666667,0.291712443
4.29,0.277023315
4.293333333,0.251134237
4.296666667,0.297765096
4.3,0.271377563
4.303333333,0.293507894
4.306666667,0.292475382
4.31,0.281005859
4.313333333,0.281082153
4.316666667,0.268783569
4.32,0.216369629
4.323333333,0.258295695
4.326666667,0.239679972
4.33,0.268920898
4.333333333,0.304412842
4.336666667,0.326802572
4.34,0.298690796
4.343333333,0.26137797
4.346666667,0.203893026
4.35,0.23147583
4.353333333,0.333521525
4.356666667,0.263880412
4.36,0.284881592
4.363333333,0.29892985
4.366666667,0.262908936
4.37,0.236373901
4.373333333,0.205413818
4.376666667,0.258611043
4.38,0.239059448
4.383333333,0.196151733
4.386666667,0.203562419
4.39,0.191207886
4.393333333,0.211130778
4.396666667,0.269058228
4.4,0.238876343
4.403333333,0.236872355
4.406666667,0.21047465
4.41,0.237380981
4.413333333,0.247344971
4.416666667,0.214513143
4.42,0.235839844
4.423333333,0.200444539
4.426666667,0.201385498
4.43,0.191970825
4.433333333,0.164464315
4.436666667,0.157903035
4.44,0.174346924
4.443333333,0.211842855
4.446666667,0.199473063
4.45,0.203399658
4.453333333,0.204503377
4.456666667,0.159439087
4.46,0.134155273
4.463333333,0.164759318
4.466666667,0.185572306
4.47,0.184890747
4.473333333,0.164576213
4.476666667,0.181554159
4.48,0.185623169
4.483333333,0.19220988
4.486666667,0.159210205
4.49,0.193862915
4.493333333,0.167597453
4.496666667,0.141799927
4.5,0.161743164
4.503333333,0.142242432
4.506666667,0.144017537
4.51,0.157211304
4.513333333,0.152170817
4.516666667,0.148010254
4.52,0.169677734
4.523333333,0.157953898
4.526666667,0.13117981
4.53,0.111602783
4.533333333,0.095494588
4.536666667,0.151850382
4.54,0.184432983
4.543333333,0.152638753
4.546666667,0.198689779
4.55,0.213699341
4.553333333,0.179011027
4.556666667,0.169784546
4.56,0.200317383
4.563333333,0.17384847
4.566666667,0.193608602
4.57,0.172927856
4.573333333,0.184102376
4.576666667,0.237630208
4.58,0.202606201
4.583333333,0.180435181
4.586666667,0.203292847
4.59,0.177215576
4.593333333,0.191523234
4.596666667,0.131922404
4.6,0.172805786
4.603333333,0.183944702
4.606666667,0.146931966
4.61,0.182632446
4.613333333,0.225418091
4.616666667,0.156885783
4.62,0.164321899
4.623333333,0.166773478
4.626666667,0.157170614
4.63,0.152984619
4.633333333,0.147272746
4.636666667,0.120625814
4.64,0.205154419
4.643333333,0.202453613
4.646666667,0.182276408
4.65,0.142211914
4.653333333,0.141148885
4.656666667,0.118133545
4.66,0.116134644
4.663333333,0.174601237
4.666666667,0.168863932
4.67,0.149688721
4.673333333,0.165064494
4.676666667,0.155359904
4.68,0.157470703
4.683333333,0.160293579
4.686666667,0.174540202
4.69,0.180114746
4.693333333,0.218826294
4.696666667,0.194712321
4.7,0.197296143
4.703333333,0.208384196
4.706666667,0.119710286
4.71,0.083312988
4.713333333,0.13398234
4.716666667,0.166778564
4.72,0.180923462
4.723333333,0.226476034
4.726666667,0.17322286
4.73,0.190444946
4.733333333,0.179545085
4.736666667,0.210947673
4.74,0.183746338
4.743333333,0.140894572
4.746666667,0.181915283
4.75,0.2368927
4.753333333,0.210072835
4.756666667,0.182540894
4.76,0.205978394
4.763333333,0.190241496
4.766666667,0.15141805
4.77,0.210357666
4.773333333,0.159439087
4.776666667,0.1746521
4.78,0.167755127
4.783333333,0.150578817
4.786666667,0.13168335
4.79,0.135910034
4.793333333,0.177062988
4.796666667,0.165039062
4.8,0.162353516
4.803333333,0.16502889
4.806666667,0.173599243
4.81,0.160385132
4.813333333,0.166244507
4.816666667,0.191650391
4.82,0.113327026
4.823333333,0.255396525
4.826666667,0.172566732
4.83,0.154769897
4.833333333,0.204467773
4.836666667,0.163864136
4.84,0.142532349
4.843333333,0.132527669
4.846666667,0.161600749
4.85,0.230255127
4.853333333,0.25982666
4.856666667,0.296742757
4.86,0.3072052
4.863333333,0.386169434
4.866666667,0.441004435
4.87,0.496917725
4.873333333,0.485656738
4.876666667,0.472473145
4.88,0.382003784
4.883333333,0.337804159
4.886666667,0.294855754
4.89,0.197616577
4.893333333,0.035242716
4.896666667,-0.014022827
4.9,-0.054092407
4.903333333,-0.142145793
4.906666667,-0.183766683
4.91,-0.085998535
4.913333333,-0.028864543
4.916666667,0.0319163
4.92,0.097824097
4.923333333,0.131210327
4.926666667,0.157582601
4.93,0.168395996
4.933333333,0.127538045
4.936666667,0.284276326
4.94,0.183914185
4.943333333,0.225911458
4.946666667,0.248906453
4.95,0.249862671
4.953333333,0.240168254
4.956666667,0.25453186
4.96,0.231033325
4.963333333,0.256088257
4.966666667,0.235366821
4.97,0.257080078
4.973333333,0.296966553
4.976666667,0.277699788
4.98,0.267807007
4.983333333,0.278930664
4.986666667,0.214635213
4.99,0.220504761
4.993333333,0.262369792
4.996666667,0.240921021
5,0.215911865
5.003333333,0.256958008
5.006666667,0.299723307
5.01,0.23147583
5.013333333,0.229329427
5.016666667,0.250854492
5.02,0.250534058
5.023333333,0.252909342
5.026666667,0.279210409
5.03,0.283782959
5.033333333,0.258687337
5.036666667,0.265935262
5.04,0.251434326
5.043333333,0.277216593
5.046666667,0.320292155
5.05,0.280075073
5.053333333,0.304438273
5.056666667,0.288859049
5.06,0.26776123
5.063333333,0.288935343
5.066666667,0.325215658
5.07,0.336837769
5.073333333,0.339497884
5.076666667,0.369094849
5.08,0.340515137
5.083333333,0.343195597
5.086666667,0.368835449
5.09,0.382171631
5.093333333,0.409642537
5.096666667,0.460230509
5.1,0.432281494
5.103333333,0.413197835
5.106666667,0.390680949
5.11,0.465087891
5.113333333,0.453496297
5.116666667,0.439198812
5.12,0.449157715
5.123333333,0.440241496
5.126666667,0.381022135
5.13,0.410400391
5.133333333,0.420888265
5.136666667,0.386316935
5.14,0.471893311
5.143333333,0.461827596
5.146666667,0.382034302
5.15,0.408248901
5.153333333,0.414632161
5.156666667,0.426183065
5.16,0.336898804
5.163333333,0.321004232
5.166666667,0.316238403
5.17,0.312484741
5.173333333,0.305821737
5.176666667,0.316665649
5.18,0.288696289
5.183333333,0.289967855
5.186666667,0.259109497
5.19,0.220901489
5.193333333,0.213582357
5.196666667,0.208124797
5.2,0.177993774
5.203333333,0.223490397
5.206666667,0.222488403
5.21,0.191177368
5.213333333,0.215947469
5.216666667,0.224151611
5.22,0.179092407
5.223333333,0.186248779
5.226666667,0.232940674
5.23,0.22038269
5.233333333,0.169423421
5.236666667,0.206263224
5.24,0.180633545
5.243333333,0.133158366
5.246666667,0.180216471
5.25,0.182342529
5.253333333,0.134262085
5.256666667,0.187947591
5.26,0.210159302
5.263333333,0.249384562
5.266666667,0.200169881
5.27,0.250457764
5.273333333,0.237726847
5.276666667,0.215047201
5.28,0.253707886
5.283333333,0.283610026
5.286666667,0.255198161
5.29,0.267227173
5.293333333,0.249059041
5.296666667,0.241236369
5.3,0.278244019
5.303333333,0.289754232
5.306666667,0.266230265
5.31,0.278945923
5.313333333,0.257019043
5.316666667,0.291264852
5.32,0.30317688
5.323333333,0.278559367
5.326666667,0.283594767
5.33,0.269714355
5.333333333,0.257364909
5.336666667,0.294657389
5.34,0.264785767
5.343333333,0.274551392
5.346666667,0.293650309
5.35,0.314102173
5.353333333,0.338170369
5.356666667,0.307449341
5.36,0.241851807
5.363333333,0.28872172
5.366666667,0.269902547
5.37,0.277282715
5.373333333,0.281789144
5.376666667,0.283981323
5.38,0.254776001
5.383333333,0.287297567
5.386666667,0.37646993
5.39,0.2993927
5.393333333,0.291168213
5.396666667,0.22694397
5.4,0.270385742
5.403333333,0.231257121
5.406666667,0.292287191
5.41,0.277770996
5.413333333,0.26797994
5.416666667,0.33416748
5.42,0.31262207
5.423333333,0.346110026
5.426666667,0.267654419
5.43,0.298110962
5.433333333,0.316441854
5.436666667,0.370656331
5.44,0.338134766
5.443333333,0.296641032
5.446666667,0.234659831
5.45,0.243453979
5.453333333,0.325581868
5.456666667,0.259429932
5.46,0.305709839
5.463333333,0.273788452
5.466666667,0.290095011
5.47,0.285324097
5.473333333,0.312627157
5.476666667,0.284250895
5.48,0.259536743
5.483333333,0.25507609
5.486666667,0.315933228
5.49,0.239837646
5.493333333,0.285507202
5.496666667,0.289494832
5.5,0.25100708
5.503333333,0.272827148
5.506666667,0.302607218
5.51,0.299667358
5.513333333,0.348164876
5.516666667,0.321375529
5.52,0.289138794
5.523333333,0.315653483
5.526666667,0.258717855
5.53,0.259246826
5.533333333,0.324198405
5.536666667,0.205347697
5.54,0.300598145
5.543333333,0.306655884
5.546666667,0.292404175
5.55,0.32699585
5.553333333,0.305048625
5.556666667,0.263758341
5.56,0.297836304
5.563333333,0.294591268
5.566666667,0.268249512
5.57,0.325332642
5.573333333,0.294123332
5.576666667,0.276972453
5.58,0.272293091
5.583333333,0.283050537
5.586666667,0.269648234
5.59,0.251785278
5.593333333,0.265477498
5.596666667,0.193786621
5.6,0.242233276
5.603333333,0.218190511
5.606666667,0.269699097
5.61,0.259216309
5.613333333,0.278630575
5.616666667,0.260162354
5.62,0.256866455
5.623333333,0.225916545
5.626666667,0.236475627
5.63,0.21711731
5.633333333,0.230763753
5.636666667,0.253173828
5.64,0.285079956
5.643333333,0.248540243
5.646666667,0.260070801
5.65,0.2734375
5.653333333,0.295679728
5.656666667,0.252207438
5.66,0.279205322
5.663333333,0.270767212
5.666666667,0.341924032
5.67,0.294662476
5.673333333,0.326685588
5.676666667,0.279108683
5.68,0.271591187
5.683333333,0.261383057
5.686666667,0.29401652
5.69,0.282058716
5.693333333,0.283981323
5.696666667,0.323242188
5.7,0.324859619
5.703333333,0.289154053
5.706666667,0.262201945
5.71,0.2449646
5.713333333,0.294631958
5.716666667,0.307413737
5.72,0.323730469
5.723333333,0.245391846
5.726666667,0.277857463
5.73,0.273544312
5.733333333,0.236638387
5.736666667,0.250188192
5.74,0.288391113
5.743333333,0.309651693
5.746666667,0.326609294
5.75,0.308227539
5.753333333,0.351806641
5.756666667,0.407012939
5.76,0.337722778
5.763333333,0.308476766
5.766666667,0.297190348
5.77,0.341705322
5.773333333,0.320404053
5.776666667,0.360326131
5.78,0.365432739
5.783333333,0.341033936
5.786666667,0.353978475
5.79,0.386459351
5.793333333,0.323827108
5.796666667,0.29548645
5.8,0.31463623
5.803333333,0.333969116
5.806666667,0.291224162
5.81,0.335113525
5.813333333,0.304341634
5.816666667,0.247116089
5.82,0.26763916
5.823333333,0.302078247
5.826666667,0.291188558
5.83,0.300033569
5.833333333,0.265248617
5.836666667,0.299448649
5.84,0.291809082
5.843333333,0.266723633
5.846666667,0.247436523
5.85,0.222702026
5.853333333,0.237386068
5.856666667,0.245407104
5.86,0.231002808
5.863333333,0.229131063
5.866666667,0.258916219
5.87,0.264785767
5.873333333,0.22307841
5.876666667,0.185877482
5.88,0.250732422
5.883333333,0.310033162
5.886666667,0.300328573
5.89,0.454040527
5.893333333,0.463892619
5.896666667,0.498357137
5.9,0.519485474
5.903333333,0.489593506
5.906666667,0.443049113
5.91,0.407775879
5.913333333,0.334945679
5.916666667,0.370661418
5.92,0.211273193
5.923333333,0.098358154
5.926666667,0.043233236
5.93,-0.061294556
5.933333333,-0.063985189
5.936666667,-0.106150309
5.94,-0.025543213
5.943333333,-0.024648031
5.946666667,0.07043457
5.95,0.15663147
5.953333333,0.191808065
5.956666667,0.192199707
5.96,0.185180664
5.963333333,0.167912801
5.966666667,0.20421346
5.97,0.161758423
5.973333333,0.180048625
5.976666667,0.179367065
5.98,0.203735352
5.983333333,0.276463826
5.986666667,0.247146606
5.99,0.221481323
5.993333333,0.16410319
5.996666667,0.273254395
6,0.262451172
6.003333333,0.200846354
6.006666667,0.183436076
6.01,0.178497314
6.013333333,0.257217407
6.016666667,0.277023315
6.02,0.259429932
6.023333333,0.214660645
6.026666667,0.232691447
6.03,0.265548706
6.033333333,0.272725423
6.036666667,0.310857137
6.04,0.285339355
6.043333333,0.247217814
6.046666667,0.287577311
6.05,0.320053101
6.053333333,0.261891683
6.056666667,0.294484456
6.06,0.263671875
6.063333333,0.261688232
6.066666667,0.312296549
6.07,0.334594727
6.073333333,0.306574504
6.076666667,0.362803141
6.08,0.362823486
6.083333333,0.346755981
6.086666667,0.344365438
6.09,0.343933105
6.093333333,0.315755208
6.096666667,0.336003621
6.1,0.361633301
6.103333333,0.344075521
6.106666667,0.391316732
6.11,0.448516846
6.113333333,0.421529134
6.116666667,0.45211792
6.12,0.436233521
6.123333333,0.44925944
6.126666667,0.419728597
6.13,0.456588745
6.133333333,0.47686259
6.136666667,0.551106771
6.14,0.523834229
6.143333333,0.489603678
6.146666667,0.523595174
6.15,0.578384399
6.153333333,0.59677124
6.156666667,0.524414062
6.16,0.538528442
6.163333333,0.550857544
6.166666667,0.573603312
6.17,0.551956177
6.173333333,0.549758911
6.176666667,0.567637126
6.18,0.539215088
6.183333333,0.529785156
6.186666667,0.551294963
6.19,0.535140991
6.193333333,0.549550374
6.196666667,0.486231486
6.2,0.469284058
6.203333333,0.512090047
6.206666667,0.443862915
6.21,0.420059204
6.213333333,0.438130697
6.216666667,0.411987305
6.22,0.392929077
6.223333333,0.383839925
6.226666667,0.335881551
6.23,0.363677979
6.233333333,0.386505127
6.236666667,0.361160278
6.24,0.429367065
6.243333333,0.339014689
6.246666667,0.342854818
6.25,0.405883789
6.253333333,0.335500081
6.256666667,0.287134806
6.26,0.327301025
6.263333333,0.353103638
6.266666667,0.372594198
6.27,0.382675171
6.273333333,0.35206604
6.276666667,0.301884969
6.28,0.30229187
6.283333333,0.317891439
6.286666667,0.329299927
6.29,0.349304199
6.293333333,0.302495321
6.296666667,0.288350423
6.3,0.333404541
6.303333333,0.38033549
6.306666667,0.374832153
6.31,0.332229614
6.313333333,0.35828654
6.316666667,0.38520813
6.32,0.354827881
6.323333333,0.368255615
6.326666667,0.385640462
6.33,0.350799561
6.333333333,0.396855672
6.336666667,0.404225667
6.34,0.433990479
6.343333333,0.412684123
6.346666667,0.418777466
6.35,0.388870239
6.353333333,0.390090942
6.356666667,0.370366414
6.36,0.374649048
6.363333333,0.388829549
6.366666667,0.413080851
6.37,0.404327393
6.373333333,0.382685343
6.376666667,0.390350342
6.38,0.330169678
6.383333333,0.365142822
6.386666667,0.451248169
6.39,0.389663696
6.393333333,0.349939982
6.396666667,0.318115234
6.4,0.345687866
6.403333333,0.363830566
6.406666667,0.364969889
6.41,0.423095703
6.413333333,0.399454753
6.416666667,0.361633301
6.42,0.326980591
6.423333333,0.384536743
6.426666667,0.380396525
6.43,0.361724854
6.433333333,0.36954244
6.436666667,0.377685547
6.44,0.395141602
6.443333333,0.287307739
6.446666667,0.304982503
6.45,0.349960327
6.453333333,0.382400513
6.456666667,0.296676636
6.46,0.317871094
6.463333333,0.3499705
6.466666667,0.371805827
6.47,0.358337402
6.473333333,0.347666423
6.476666667,0.299779256
6.48,0.317932129
6.483333333,0.276056925
6.486666667,0.301589966
6.49,0.346969604
6.493333333,0.302978516
6.496666667,0.320943197
6.5,0.329208374
6.503333333,0.351999919
6.506666667,0.308156331
6.51,0.340072632
6.513333333,0.368367513
6.516666667,0.356801351
6.52,0.36277771
6.523333333,0.338094076
6.526666667,0.329152425
6.53,0.395523071
6.533333333,0.321146647
6.536666667,0.332524618
6.54,0.316375732
6.543333333,0.338694255
6.546666667,0.34421285
6.55,0.339508057
6.553333333,0.274820964
6.556666667,0.350606283
6.56,0.331344604
6.563333333,0.291651408
6.566666667,0.339635213
6.57,0.342590332
6.573333333,0.367965698
6.576666667,0.348398844
6.58,0.368850708
6.583333333,0.383758545
6.586666667,0.369303385
6.59,0.36831665
6.593333333,0.300669352
6.596666667,0.325159709
6.6,0.407562256
6.603333333,0.389877319
6.606666667,0.349141439
6.61,0.337677002
6.613333333,0.334665934
6.616666667,0.285898844
6.62,0.305755615
6.623333333,0.302068075
6.626666667,0.368937174
6.63,0.303878784
6.633333333,0.315806071
6.636666667,0.289520264
6.64,0.300186157
6.643333333,0.360285441
6.646666667,0.358942668
6.65,0.35118103
6.653333333,0.374282837
6.656666667,0.341847738
6.66,0.344604492
6.663333333,0.326349894
6.666666667,0.327555339
6.67,0.299057007
6.673333333,0.299046834
6.676666667,0.303614299
6.68,0.335388184
6.683333333,0.325495402
6.686666667,0.235875448
6.69,0.218139648
6.693333333,0.341725667
6.696666667,0.296447754
6.7,0.298080444
6.703333333,0.301549276
6.706666667,0.246047974
6.71,0.294952393
6.713333333,0.269226074
6.716666667,0.238952637
6.72,0.227874756
6.723333333,0.244628906
6.726666667,0.254837036
6.73,0.264831543
6.733333333,0.263875326
6.736666667,0.240264893
6.74,0.280776978
6.743333333,0.266387939
6.746666667,0.262400309
6.75,0.315475464
6.753333333,0.337036133
6.756666667,0.297129313
6.76,0.270004272
6.763333333,0.301895142
6.766666667,0.264383952
6.77,0.291397095
6.773333333,0.280817668
6.776666667,0.269719442
6.78,0.339157104
6.783333333,0.348103841
6.786666667,0.264846802
6.79,0.270584106
6.793333333,0.267812093
6.796666667,0.272577922
6.8,0.277404785
6.803333333,0.309967041
6.806666667,0.342595418
6.81,0.321670532
6.813333333,0.280105591
6.816666667,0.310084025
6.82,0.310058594
6.823333333,0.275126139
6.826666667,0.203913371
6.83,0.235549927
6.833333333,0.279490153
6.836666667,0.261144002
6.84,0.207946777
6.843333333,0.202387492
6.846666667,0.268747965
6.85,0.263748169
6.853333333,0.260391235
6.856666667,0.224156698
6.86,0.266494751
6.863333333,0.245488485
6.866666667,0.272598267
6.87,0.242172241
6.873333333,0.234263102
6.876666667,0.208155314
6.88,0.261444092
6.883333333,0.235137939
6.886666667,0.229008993
6.89,0.228256226
6.893333333,0.212341309
6.896666667,0.217503866
6.9,0.235595703
6.903333333,0.203191121
6.906666667,0.188400269
6.91,0.211883545
6.913333333,0.332570394
6.916666667,0.431187948
6.92,0.436050415
6.923333333,0.497294108
6.926666667,0.575261434
6.93,0.581069946
6.933333333,0.48634847
6.936666667,0.417154948
6.94,0.334640503
6.943333333,0.326761882
6.946666667,0.216176351
6.95,0.112304687
6.953333333,0.002700806
6.956666667,-0.076629639
6.96,-0.106216431
6.963333333,-0.126856486
6.966666667,0.013554891
6.97,0.051773071
6.973333333,0.081558228
6.976666667,0.153991699
6.98,0.227859497
6.983333333,0.179697673
6.986666667,0.206247965
6.99,0.240112305
6.993333333,0.214701335
6.996666667,0.206314087
7,0.22315979
7.003333333,0.201599121
7.006666667,0.206614176
7.01,0.24156189
7.013333333,0.241541545
7.016666667,0.23882548
7.02,0.23298645
7.023333333,0.196563721
7.026666667,0.175949097
7.03,0.213500977
7.033333333,0.245488485
7.036666667,0.26352946
7.04,0.271865845
7.043333333,0.285552979
7.046666667,0.289408366
7.05,0.336914062
7.053333333,0.343633016
7.056666667,0.278025309
7.06,0.256515503
7.063333333,0.268666585
7.066666667,0.288798014
7.07,0.337142944
7.073333333,0.285517375
7.076666667,0.334192912
7.08,0.339172363
7.083333333,0.298563639
7.086666667,0.309127808
7.09,0.260147095
7.093333333,0.251185099
7.096666667,0.303029378
7.1,0.297622681
7.103333333,0.285512288
7.106666667,0.254526774
7.11,0.214111328
7.113333333,0.340250651
7.116666667,0.324249268
7.12,0.31463623
7.123333333,0.370798747
7.126666667,0.34715271
7.13,0.358184814
7.133333333,0.362472534
7.136666667,0.349655151
7.14,0.394454956
7.143333333,0.420084635
7.146666667,0.410776774
7.15,0.424423218
7.153333333,0.391967773
7.156666667,0.395573934
7.16,0.507904053
7.163333333,0.490854899
7.166666667,0.494257609
7.17,0.48425293
7.173333333,0.524378459
7.176666667,0.444564819
7.18,0.448577881
7.183333333,0.439453125
7.186666667,0.456375122
7.19,0.46421814
7.193333333,0.481160482
7.196666667,0.481852214
7.2,0.486679077
7.203333333,0.468256632
7.206666667,0.437586466
7.21,0.479095459
7.213333333,0.49710083
7.216666667,0.461298625
7.22,0.466400146
7.223333333,0.436960856
7.226666667,0.496831258
7.23,0.428817749
7.233333333,0.381139119
7.236666667,0.377090454
7.24,0.276504517
7.243333333,0.28205363
7.246666667,0.304906209
7.25,0.240325928
7.253333333,0.196034749
7.256666667,0.22013855
7.26,0.185348511
7.263333333,0.178375244
7.266666667,0.134455363
7.27,0.132949829
7.273333333,0.100468953
7.276666667,0.101938883
7.28,0.092956543
7.283333333,0.08488973
7.286666667,0.085942586
7.29,0.124923706
7.293333333,0.043523153
7.296666667,0.065093994
7.3,0.052337646
7.303333333,0.098114014
7.306666667,0.055638631
7.31,0.039871216
7.313333333,0.085189819
7.316666667,0.133463542
7.32,0.105194092
7.323333333,0.056182861
7.326666667,0.046066284
7.33,0.065078735
7.333333333,0.058237712
7.336666667,0.045873006
7.34,0.05871582
7.343333333,0.114903768
7.346666667,0.07236735
7.35,0.072174072
7.353333333,0.091156006
7.356666667,0.058181763
7.36,0.075668335
7.363333333,0.069402059
7.366666667,0.124053955
7.37,0.066040039
7.373333333,0.030721029
7.376666667,0.048350016
7.38,0.051712036
7.383333333,0.073750814
7.386666667,0.145329793
7.39,0.068664551
7.393333333,0.119659424
7.396666667,0.030985514
7.4,0.058288574
7.403333333,0.056009928
7.406666667,0.037195841
7.41,0.039230347
7.413333333,0.072555542
7.416666667,0.100199382
7.42,0.060333252
7.423333333,0.058329264
7.426666667,0.076807658
7.43,0.082824707
7.433333333,0.03306071
7.436666667,0.024810791
7.44,0.059371948
7.443333333,0.028254191
7.446666667,0.006663005
7.45,0.066299438
7.453333333,0.096791585
7.456666667,0.039632161
7.46,0.016998291
7.463333333,-0.007054647
7.466666667,0.021235148
7.47,0.016891479
7.473333333,0.022074382
7.476666667,-0.00936381
7.48,0.054656982
7.483333333,0.038630168
7.486666667,0.013590495
7.49,-0.055328369
7.493333333,0.015848796
7.496666667,0.065419515
7.5,0.089263916
7.503333333,0.031529744
7.506666667,0.059346517
7.51,0.051620483
7.513333333,0.008626302
7.516666667,0.078252157
7.52,0.014709473
7.523333333,0.040588379
7.526666667,-0.004597982
7.53,0.003326416
7.533333333,0.018030802
7.536666667,0.028244019
7.54,0.014007568
7.543333333,-0.007436117
7.546666667,0.017400106
7.55,-0.045089722
7.553333333,-0.046386719
7.556666667,-0.07081604
7.56,-0.049102783
7.563333333,-0.017562866
7.566666667,-0.027516683
7.57,-0.012542725
7.573333333,0.01651001
7.576666667,-0.051956177
7.58,-0.044799805
7.583333333,-0.013224284
7.586666667,-0.029337565
7.59,-0.023284912
7.593333333,-0.049489339
7.596666667,-0.025975545
7.6,-0.004272461
7.603333333,-0.047312419
7.606666667,-0.057978312
7.61,-0.035446167
7.613333333,-0.054636637
7.616666667,-0.016886393
7.62,0.021560669
7.623333333,-0.024836222
7.626666667,-0.028676351
7.63,-0.053787231
7.633333333,0.009358724
7.636666667,-0.01936849
7.64,-0.056442261
7.643333333,-0.072662354
7.646666667,-0.041809082
7.65,-0.006866455
7.653333333,-0.028223674
7.656666667,-0.046040853
7.66,-0.007553101
7.663333333,-0.024729411
7.666666667,-0.021743774
7.67,-0.037078857
7.673333333,-0.043736776
7.676666667,-0.07144165
7.68,-0.015975952
7.683333333,-0.065180461
7.686666667,-0.036560059
7.69,-0.005386353
7.693333333,-0.018610636
7.696666667,0.010950724
7.7,-0.006332397
7.703333333,-0.046045939
7.706666667,-0.09749349
7.71,-0.044250488
7.713333333,-0.054295858
7.716666667,-0.05994161
7.72,-0.04750061
7.723333333,-0.055908203
7.726666667,-0.057785034
7.73,-0.059555054
7.733333333,-0.062255859
7.736666667,-0.0243632
7.74,-0.055084229
7.743333333,-0.11541748
7.746666667,-0.053787231
7.75,-0.002288818
7.753333333,-0.11366272
7.756666667,-0.088419596
7.76,-0.117263794
7.763333333,-0.088821411
7.766666667,-0.094935099
7.77,-0.074035645
7.773333333,-0.05855306
7.776666667,-0.057693481
7.78,-0.065292358
7.783333333,-0.082295736
7.786666667,-0.117136637
7.79,-0.108428955
7.793333333,-0.090082804
7.796666667,-0.077626546
7.8,-0.064163208
7.803333333,-0.067988078
7.806666667,-0.077173869
7.81,-0.114822388
7.813333333,-0.092753092
7.816666667,-0.083007812
7.82,-0.05847168
7.823333333,-0.014602661
7.826666667,-0.067540487
7.83,-0.060470581
7.833333333,-0.026702881
7.836666667,-0.079864502
7.84,-0.11946106
7.843333333,-0.124231974
7.846666667,-0.099360148
7.85,-0.146484375
7.853333333,-0.136835734
7.856666667,-0.104929606
7.86,-0.110229492
7.863333333,-0.141825358
7.866666667,-0.123697917
7.87,-0.118682861
7.873333333,-0.146957397
7.876666667,-0.160761515
7.88,-0.163650513
7.883333333,-0.145848592
7.886666667,-0.150141398
7.89,-0.154205322
7.893333333,-0.150293986
7.896666667,-0.137151082
7.9,-0.147171021
7.903333333,-0.134338379
7.906666667,-0.099578857
7.91,-0.079879761
7.913333333,-0.1328125
7.916666667,-0.109100342
7.92,-0.130493164
7.923333333,-0.130137126
7.926666667,-0.076095581
7.93,-0.034042358
7.933333333,0.027440389
7.936666667,0.108428955
7.94,0.145111084
7.943333333,0.223627726
7.946666667,0.289464315
7.95,0.325622559
7.953333333,0.221898397
7.956666667,0.105723063
7.96,0.004379272
7.963333333,-0.021174113
7.966666667,-0.11235555
7.97,-0.211013794
7.973333333,-0.311676025
7.976666667,-0.383188883
7.98,-0.409988403
7.983333333,-0.448608398
7.986666667,-0.382954915
7.99,-0.314224243
7.993333333,-0.287150065
7.996666667,-0.156809489
8,-0.057220459
8.003333333,-0.031173706
8.006666667,-0.041422526
8.01,-0.084671021
8.013333333,-0.038162231
8.016666667,-0.036621094
8.02,-0.030593872
8.023333333,-0.072153727
8.026666667,-0.057149251
8.03,-0.039245605
8.033333333,-0.03267924
8.036666667,-0.01222229
8.04,-0.039321899
8.043333333,0.013839722
8.046666667,-0.016042074
8.05,0.007629395
8.053333333,-0.022862752
8.056666667,-0.010640462
8.06,0.022293091
8.063333333,-0.004847209
8.066666667,0.028686523
8.07,0.038848877
8.073333333,0.041849772
8.076666667,0.046325684
8.08,0.013717651
8.083333333,0.017674764
8.086666667,0.045481364
8.09,0.032226562
8.093333333,0.112182617
8.096666667,0.053848267
8.1,0.089035034
8.103333333,0.117823283
8.106666667,0.116836548
8.11,0.055374146
8.113333333,0.053222656
8.116666667,0.03288269
8.12,0.094146729
8.123333333,0.066472371
8.126666667,0.042978923
8.13,0.078430176
8.133333333,0.151163737
8.136666667,0.09677124
8.14,0.124954224
8.143333333,0.172434489
8.146666667,0.113637288
8.15,0.12298584
8.153333333,0.167495728
8.156666667,0.17725118
8.16,0.167175293
8.163333333,0.172490438
8.166666667,0.218200684
8.17,0.233520508
8.173333333,0.192769368
8.176666667,0.182434082
8.18,0.186935425
8.183333333,0.281651815
8.186666667,0.240183512
8.19,0.236083984
8.193333333,0.204686483
8.196666667,0.252263387
8.2,0.290374756
8.203333333,0.274261475
8.206666667,0.296722412
8.21,0.270263672
8.213333333,0.274429321
8.216666667,0.289154053
8.22,0.245834351
8.223333333,0.233037313
8.226666667,0.249384562
8.23,0.240753174
8.233333333,0.227584839
8.236666667,0.263514201
8.24,0.230209351
8.243333333,0.179031372
8.246666667,0.179779053
8.25,0.188827515
8.253333333,0.190088908
8.256666667,0.168869019
8.26,0.127243042
8.263333333,0.119211833
8.266666667,0.047429403
8.27,0.083145142
8.273333333,0.096984863
8.276666667,0.050750732
8.28,-0.05519104
8.283333333,0.067036947
8.286666667,0.029713949
8.29,0.007171631
8.293333333,-0.006988525
8.296666667,0.015085856
8.3,0.009460449
8.303333333,-0.014333089
8.306666667,-0.031524658
8.31,-0.01373291
8.313333333,0.007303874
8.316666667,-0.018793742
8.32,-0.042312622
8.323333333,-0.053446452
8.326666667,-0.029312134
8.33,-0.014877319
8.333333333,-0.010299683
8.336666667,-0.042541504
8.34,-0.006790161
8.343333333,-0.045618693
8.346666667,-0.072580973
8.35,-0.05355835
8.353333333,-0.072397868
8.356666667,-0.043762207
8.36,-0.019119263
8.363333333,-0.059865316
8.366666667,-0.020751953
8.37,-0.019760132
8.373333333,-0.052093506
8.376666667,-0.029658
8.38,-0.032836914
8.383333333,0.019989014
8.386666667,-0.000361125
8.39,-0.042053223
8.393333333,-0.008977254
8.396666667,-0.040262858
8.4,0.008468628
8.403333333,0.019592285
8.406666667,0.023773193
8.41,0.006912231
8.413333333,0.017323812
8.416666667,-0.040562948
8.42,0.006546021
8.423333333,0.038691203
8.426666667,0.055979411
8.43,0.02557373
8.433333333,-0.012257894
8.436666667,-0.018137614
8.44,-0.010055542
8.443333333,0.086598714
8.446666667,0.079559326
8.45,0.028305054
8.453333333,0.05144755
8.456666667,0.065388997
8.46,0.06942749
8.463333333,0.050292969
8.466666667,0.099538167
8.47,0.103378296
8.473333333,0.093312581
8.476666667,0.078567505
8.48,0.096466064
8.483333333,0.106531779
8.486666667,0.122655233
8.49,0.084487915
8.493333333,0.110056559
8.496666667,0.166982015
8.5,0.119781494
8.503333333,0.129842122
8.506666667,0.104344686
8.51,0.120422363
8.513333333,0.164281209
8.516666667,0.1709493
8.52,0.18862915
8.523333333,0.157536825
8.526666667,0.152496338
8.53,0.14201355
8.533333333,0.137659709
8.536666667,0.123819987
8.54,0.11100769
8.543333333,0.182225545
8.546666667,0.152348836
8.55,0.159378052
8.553333333,0.159317017
8.556666667,0.141174316
8.56,0.139953613
8.563333333,0.083887736
8.566666667,0.141677856
8.57,0.12487793
8.573333333,0.154129028
8.576666667,0.166427612
8.58,0.204742432
8.583333333,0.184377035
8.586666667,0.153569539
8.59,0.150436401
8.593333333,0.193242391
8.596666667,0.207743327
8.6,0.17539978
8.603333333,0.173121134
8.606666667,0.191380819
8.61,0.209747314
8.613333333,0.195302327
8.616666667,0.217310588
8.62,0.1796875
8.623333333,0.242502848
8.626666667,0.233362834
8.63,0.192581177
8.633333333,0.214004517
8.636666667,0.164672852
8.64,0.175048828
8.643333333,0.220235189
8.646666667,0.221654256
8.65,0.220031738
8.653333333,0.17203776
8.656666667,0.229685465
8.66,0.199874878
8.663333333,0.213597616
8.666666667,0.270970662
8.67,0.231307983
8.673333333,0.237009684
8.676666667,0.220067342
8.68,0.176834106
8.683333333,0.211054484
8.686666667,0.209482829
8.69,0.223327637
8.693333333,0.22211202
8.696666667,0.167093913
8.7,0.202789307
8.703333333,0.210912069
8.706666667,0.21987915
8.71,0.244522095
8.713333333,0.209538778
8.716666667,0.233739217
8.72,0.246154785
8.723333333,0.231491089
8.726666667,0.144938151
8.73,0.176437378
8.733333333,0.201797485
8.736666667,0.208368937
8.74,0.256607056
8.743333333,0.224451701
8.746666667,0.250823975
8.75,0.2784729
8.753333333,0.255004883
8.756666667,0.23693339
8.76,0.261932373
8.763333333,0.241032918
8.766666667,0.256093343
8.77,0.281021118
8.773333333,0.293014526
8.776666667,0.25638326
8.78,0.250244141
8.783333333,0.249633789
8.786666667,0.259587606
8.79,0.213989258
8.793333333,0.221415202
8.796666667,0.209162394
8.8,0.193405151
8.803333333,0.237767537
8.806666667,0.231201172
8.81,0.212173462
8.813333333,0.247395833
8.816666667,0.258000692
8.82,0.241699219
8.823333333,0.214324951
8.826666667,0.215092977
8.83,0.209838867
8.833333333,0.205357869
8.836666667,0.192988078
8.84,0.200012207
8.843333333,0.172281901
8.846666667,0.146891276
8.85,0.108413696
8.853333333,0.088277181
8.856666667,0.123947144
8.86,0.194244385
8.863333333,0.135203044
8.866666667,0.161794027
8.87,0.146133423
8.873333333,0.098480225
8.876666667,0.134521484
8.88,0.17024231
8.883333333,0.143356323
8.886666667,0.123458862
8.89,0.158050537
8.893333333,0.138631185
8.896666667,0.130513509
8.9,0.13168335
8.903333333,0.153137207
8.906666667,0.132990519
8.91,0.1534729
8.913333333,0.11622111
8.916666667,0.179417928
8.92,0.293502808
8.923333333,0.352513631
8.926666667,0.409474691
8.93,0.51940918
8.933333333,0.565668742
8.936666667,0.481882731
8.94,0.412155151
8.943333333,0.304377238
8.946666667,0.244125366
8.95,0.209960937
8.953333333,0.043538411
8.956666667,-0.015904744
8.96,-0.067108154
8.963333333,-0.112258911
8.966666667,-0.180664062
8.97,-0.143218994
8.973333333,-0.104217529
8.976666667,-0.064921061
8.98,-0.006378174
8.983333333,0.122451782
8.986666667,0.111958822
8.99,0.129348755
8.993333333,0.176381429
8.996666667,0.179621379
9,0.224304199
9.003333333,0.213709513
9.006666667,0.167760213
9.01,0.151504517
9.013333333,0.192113241
9.016666667,0.217488607
9.02,0.21395874
9.023333333,0.189020793
9.026666667,0.200546265
9.03,0.235916138
9.033333333,0.272750854
9.036666667,0.23479716
9.04,0.210861206
9.043333333,0.270055135
9.046666667,0.280248006
9.05,0.296020508
9.053333333,0.325419108
9.056666667,0.261169434
9.06,0.256729126
9.063333333,0.274093628
9.066666667,0.219930013
9.07,0.311477661
9.073333333,0.288401286
9.076666667,0.201939901
9.08,0.205718994
9.083333333,0.347391764
9.086666667,0.329630534
9.09,0.308670044
9.093333333,0.264979045
9.096666667,0.206120809
9.1,0.221176147
9.103333333,0.256479899
9.106666667,0.296091715
9.11,0.268585205
9.113333333,0.302541097
9.116666667,0.308685303
9.12,0.308746338
9.123333333,0.289454142
9.126666667,0.311248779
9.13,0.346420288
9.133333333,0.294036865
9.136666667,0.331685384
9.14,0.331848145
9.143333333,0.280370076
9.146666667,0.309402466
9.15,0.370025635
9.153333333,0.339899699
9.156666667,0.319412231
9.16,0.339813232
9.163333333,0.344629924
9.166666667,0.383249919
9.17,0.348510742
9.173333333,0.364252726
9.176666667,0.416061401
9.18,0.425018311
9.183333333,0.437342326
9.186666667,0.398330688
9.19,0.433959961
9.193333333,0.483973185
9.196666667,0.488978068
9.2,0.494918823
9.203333333,0.466608683
9.206666667,0.494669596
9.21,0.514663696
9.213333333,0.421081543
9.216666667,0.424194336
9.22,0.461624146
9.223333333,0.420247396
9.226666667,0.416554769
9.23,0.412582397
9.233333333,0.369491577
9.236666667,0.317637126
9.24,0.339294434
9.243333333,0.308949788
9.246666667,0.24895223
9.25,0.259399414
9.253333333,0.235499064
9.256666667,0.187642415
9.26,0.17149353
9.263333333,0.135569255
9.266666667,0.172475179
9.27,0.108688354
9.273333333,0.120986938
9.276666667,0.124425252
9.28,0.143951416
9.283333333,0.143127441
9.286666667,0.148498535
9.29,0.117507935
9.293333333,0.121907552
9.296666667,0.091837565
9.3,0.164794922
9.303333333,0.148376465
9.306666667,0.159739176
9.31,0.141815186
9.313333333,0.174102783
9.316666667,0.171229045
9.32,0.16607666
9.323333333,0.125813802
9.326666667,0.125554403
9.33,0.183639526
9.333333333,0.201034546
9.336666667,0.165817261
9.34,0.166122437
9.343333333,0.147989909
9.346666667,0.130671183
9.35,0.185546875
9.353333333,0.140111287
9.356666667,0.139587402
9.36,0.113830566
9.363333333,0.193125407
9.366666667,0.181172689
9.37,0.142501831
9.373333333,0.087229411
9.376666667,0.093775431
9.38,0.058364868
9.383333333,0.133590698
9.386666667,0.156840007
9.39,0.129516602
9.393333333,0.144983927
9.396666667,0.127334595
9.4,0.10887146
9.403333333,0.096506755
9.406666667,0.110443115
9.41,0.13331604
9.413333333,0.120234172
9.416666667,0.137837728
9.42,0.113967896
9.423333333,0.132253011
9.426666667,0.142842611
9.43,0.164352417
9.433333333,0.132115682
9.436666667,0.113484701
9.44,0.089981079
9.443333333,0.119455973
9.446666667,0.104807536
9.45,0.099716187
9.453333333,0.111755371
9.456666667,0.111546834
9.46,0.163497925
9.463333333,0.126698812
9.466666667,0.111719767
9.47,0.108581543
9.473333333,0.121470133
9.476666667,0.089513143
9.48,0.105041504
9.483333333,0.10559082
9.486666667,0.095082601
9.49,0.085891724
9.493333333,0.086420695
9.496666667,0.092152913
9.5,0.066375732
9.503333333,0.090565999
9.506666667,0.086380005
9.51,0.069107056
9.513333333,0.082789103
9.516666667,0.106658936
9.52,0.126480103
9.523333333,0.087056478
9.526666667,0.074142456
9.53,0.113250732
9.533333333,0.121994019
9.536666667,0.063232422
9.54,0.056335449
9.543333333,0.101175944
9.546666667,0.090642293
9.55,0.118789673
9.553333333,0.118703206
9.556666667,0.103739421
9.56,0.088592529
9.563333333,0.132293701
9.566666667,0.129063924
9.57,0.129943848
9.573333333,0.117182414
9.576666667,0.069259644
9.58,0.054855347
9.583333333,0.124867757
9.586666667,0.073933919
9.59,0.09677124
9.593333333,0.082794189
9.596666667,0.104726156
9.6,0.106201172
9.603333333,0.107289632
9.606666667,0.113210042
9.61,0.117523193
9.613333333,0.129313151
9.616666667,0.107294718
9.62,0.083450317
9.623333333,0.127405802
9.626666667,0.121490479
9.63,0.130722046
9.633333333,0.114517212
9.636666667,0.123906453
9.64,0.118041992
9.643333333,0.134592692
9.646666667,0.148549398
9.65,0.165710449
9.653333333,0.109827677
9.656666667,0.103988647
9.66,0.199462891
9.663333333,0.207000732
9.666666667,0.165939331
9.67,0.149459839
9.673333333,0.196848551
9.676666667,0.16511027
9.68,0.188735962
9.683333333,0.258560181
9.686666667,0.219889323
9.69,0.184829712
9.693333333,0.183787028
9.696666667,0.201299032
9.7,0.267791748
9.703333333,0.172114054
9.706666667,0.194071452
9.71,0.215805054
9.713333333,0.182800293
9.716666667,0.143636068
9.72,0.1822052
9.723333333,0.175252279
9.726666667,0.248046875
9.73,0.245346069
9.733333333,0.258407593
9.736666667,0.293395996
9.74,0.240615845
9.743333333,0.220794678
9.746666667,0.231226603
9.75,0.268554688
9.753333333,0.235056559
9.756666667,0.197682699
9.76,0.208847046
9.763333333,0.174657186
9.766666667,0.172348022
9.77,0.202590942
9.773333333,0.170679728
9.776666667,0.123240153
9.78,0.118850708
9.783333333,0.209732056
9.786666667,0.176361084
9.79,0.132492065
9.793333333,0.172154744
9.796666667,0.144897461
9.8,0.120162964
9.803333333,0.154179891
9.806666667,0.20119222
9.81,0.177703857
9.813333333,0.139902751
9.816666667,0.130004883
9.82,0.195877075
9.823333333,0.176055908
9.826666667,0.175099691
9.83,0.242782593
9.833333333,0.221633911
9.836666667,0.274729411
9.84,0.304458618
9.843333333,0.369537354
9.846666667,0.427942912
9.85,0.488891602
9.853333333,0.507807414
9.856666667,0.437657674
9.86,0.341583252
9.863333333,0.300140381
9.866666667,0.257644653
9.87,0.128463745
9.873333333,0.108317057
9.876666667,-0.012598674
9.88,-0.052429199
9.883333333,-0.090637207
9.886666667,-0.053787231
9.89,-0.11958313
9.893333333,-0.133916219
9.896666667,-0.014516195
9.9,0.044631958
9.903333333,0.134633382
9.906666667,0.164535522
9.91,0.171142578
9.913333333,0.221303304
9.916666667,0.224049886
9.92,0.207839966
9.923333333,0.206563314
9.926666667,0.197825114
9.93,0.21421814
9.933333333,0.22122701
9.936666667,0.216842651
9.94,0.181854248
9.943333333,0.176701864
9.946666667,0.233729045
9.95,0.269470215
9.953333333,0.281519572
9.956666667,0.245407104
9.96,0.272689819
9.963333333,0.282450358
9.966666667,0.273590088
9.97,0.265808105
9.973333333,0.261967977
9.976666667,0.288914998
9.98,0.283340454
9.983333333,0.291570028
9.986666667,0.328379313
9.99,0.278442383
9.993333333,0.274353027
9.996666667,0.265716553
10,0.291824341
10.00333333,0.313532511
10.00666667,0.309575399
10.01,0.272476196
10.01333333,0.26327006
10.01666667,0.277964274
10.02,0.248443604
10.02333333,0.233734131
10.02666667,0.31656901
10.03,0.257125854
10.03333333,0.276870728
10.03666667,0.296691895
10.04,0.339645386
10.04333333,0.299463908
10.04666667,0.315266927
10.05,0.341796875
10.05333333,0.336619059
10.05666667,0.31284078
10.06,0.33706665
10.06333333,0.316467285
10.06666667,0.363438924
10.07,0.385864258
10.07333333,0.37562561
10.07666667,0.374582926
10.08,0.363037109
10.08333333,0.398763021
10.08666667,0.406316121
10.09,0.38734436
10.09333333,0.450520833
10.09666667,0.410639445
10.1,0.411148071
10.10333333,0.492482503
10.10666667,0.4496816
10.11,0.497299194
10.11333333,0.458511353
10.11666667,0.465189616
10.12,0.48085022
10.12333333,0.451731364
10.12666667,0.448176066
10.13,0.521499634
10.13333333,0.42388916
10.13666667,0.431523641
10.14,0.419311523
10.14333333,0.441945394
10.14666667,0.419845581
10.15,0.393829346
10.15333333,0.36235555
10.15666667,0.34845988
10.16,0.346389771
10.16333333,0.316060384
10.16666667,0.336329142
10.17,0.332550049
10.17333333,0.280039469
10.17666667,0.257904053
10.18,0.281173706
10.18333333,0.274251302
10.18666667,0.24492391
10.19,0.228149414
10.19333333,0.193517049
10.19666667,0.145528158
10.2,0.220489502
10.20333333,0.235626221
10.20666667,0.225046794
10.21,0.226028442
10.21333333,0.243642171
10.21666667,0.247065226
10.22,0.205718994
10.22333333,0.181869507
10.22666667,0.19225057
10.23,0.205429077
10.23333333,0.209299723
10.23666667,0.222681681
10.24,0.228271484
10.24333333,0.296946208
10.24666667,0.231989543
10.25,0.215148926
10.25333333,0.20711263
10.25666667,0.278116862
10.26,0.266830444
10.26333333,0.263727824
10.26666667,0.285568237
10.27,0.257461548
10.27333333,0.23798116
10.27666667,0.245691935
10.28,0.229354858
10.28333333,0.249862671
10.28666667,0.215866089
10.29,0.241271973
10.29333333,0.262110392
10.29666667,0.241333008
10.3,0.238800049
10.30333333,0.257344564
10.30666667,0.243810018
10.31,0.221328735
10.31333333,0.231323242
10.31666667,0.247828166
10.32,0.251434326
10.32333333,0.254984538
10.32666667,0.22517395
10.33,0.256072998
10.33333333,0.250244141
10.33666667,0.228937785
10.34,0.217956543
10.34333333,0.210784912
10.34666667,0.233840942
10.35,0.235137939
10.35333333,0.280817668
10.35666667,0.241007487
10.36,0.267532349
10.36333333,0.199834188
10.36666667,0.236231486
10.37,0.226913452
10.37333333,0.211624146
10.37666667,0.255584717
10.38,0.252227783
10.38333333,0.292104085
10.38666667,0.319793701
10.39,0.296234131
10.39333333,0.25877889
10.39666667,0.239395142
10.4,0.189819336
10.40333333,0.255554199
10.40666667,0.24991862
10.41,0.186294556
10.41333333,0.275482178
10.41666667,0.270462036
10.42,0.274932861
10.42333333,0.242375692
10.42666667,0.235626221
10.43,0.240493774
10.43333333,0.201568604
10.43666667,0.267105103
10.44,0.206436157
10.44333333,0.243240356
10.44666667,0.264022827
10.45,0.226516724
10.45333333,0.21031189
10.45666667,0.233057658
10.46,0.297332764
10.46333333,0.204096476
10.46666667,0.204671224
10.47,0.268753052
10.47333333,0.263463338
10.47666667,0.251856486
10.48,0.223846436
10.48333333,0.229797363
10.48666667,0.205169678
10.49,0.274169922
10.49333333,0.231953939
10.49666667,0.201680501
10.5,0.248718262
10.50333333,0.242797852
10.50666667,0.265268962
10.51,0.255706787
10.51333333,0.279546102
10.51666667,0.324350993
10.52,0.260192871
10.52333333,0.235488892
10.52666667,0.238657633
10.53,0.248962402
10.53333333,0.256271362
10.53666667,0.250208537
10.54,0.219390869
10.54333333,0.305475871
10.54666667,0.275619507
10.55,0.276412964
10.55333333,0.260309855
10.55666667,0.263158162
10.56,0.230529785
10.56333333,0.253646851
10.56666667,0.257110596
10.57,0.247436523
10.57333333,0.224461873
10.57666667,0.219955444
10.58,0.24446106
10.58333333,0.3074646
10.58666667,0.303726196
10.59,0.274673462
10.59333333,0.275594076
10.59666667,0.328303019
10.6,0.31036377
10.60333333,0.272186279
10.60666667,0.301915487
10.61,0.286132812
10.61333333,0.279734294
10.61666667,0.277404785
10.62,0.283782959
10.62333333,0.250996908
10.62666667,0.239390055
10.63,0.248519897
10.63333333,0.276006063
10.63666667,0.306131999
10.64,0.238632202
10.64333333,0.246373494
10.64666667,0.265675863
10.65,0.213775635
10.65333333,0.292338053
10.65666667,0.26226298
10.66,0.216323853
10.66333333,0.302174886
10.66666667,0.301996867
10.67,0.26802063
10.67333333,0.259353638
10.67666667,0.259811401
10.68,0.286026001
10.68333333,0.254313151
10.68666667,0.249501546
10.69,0.214401245
10.69333333,0.266357422
10.69666667,0.34266154
10.7,0.405807495
10.70333333,0.462493896
10.70666667,0.472284953
10.71,0.55619812
10.71333333,0.486114502
10.71666667,0.463943481
10.72,0.391311646
10.72333333,0.3409729
10.72666667,0.25890096
10.73,0.117736816
10.73333333,0.055847168
10.73666667,0.043497721
10.74,-0.067871094
10.74333333,-0.038635254
10.74666667,-0.119272868
10.75,-0.048446655
10.75333333,0.01431783
10.75666667,0.100886027
10.76,0.101669312
10.76333333,0.152694702
10.76666667,0.224075317
10.77,0.19090271
10.77333333,0.217636108
10.77666667,0.20904541
10.78,0.212417603
10.78333333,0.282796224
10.78666667,0.298060099
10.79,0.242645264
10.79333333,0.262817383
10.79666667,0.271753947
10.8,0.295562744
10.80333333,0.261225382
10.80666667,0.275100708
10.81,0.294937134
10.81333333,0.261810303
10.81666667,0.273412069
10.82,0.273574829
10.82333333,0.276545207
10.82666667,0.276285807
10.83,0.264328003
10.83333333,0.298563639
10.83666667,0.341644287
10.84,0.314849854
10.84333333,0.32723999
10.84666667,0.319702148
10.85,0.267333984
10.85333333,0.281717936
10.85666667,0.25100708
10.86,0.3097229
10.86333333,0.296702067
10.86666667,0.29645284
10.87,0.279922485
10.87333333,0.295394897
10.87666667,0.264902751
10.88,0.338897705
10.88333333,0.368626912
10.88666667,0.357055664
10.89,0.295028687
10.89333333,0.28368632
10.89666667,0.293655396
10.9,0.41343689
10.90333333,0.357096354
10.90666667,0.352300008
10.91,0.379592896
10.91333333,0.370691935
10.91666667,0.426864624
10.92,0.411209106
10.92333333,0.380523682
10.92666667,0.424870809
10.93,0.391143799
10.93333333,0.510075887
10.93666667,0.440536499
10.94,0.466323853
10.94333333,0.483851115
10.94666667,0.485438029
10.95,0.505371094
10.95333333,0.496098836
10.95666667,0.486033122
10.96,0.481369019
10.96333333,0.512954712
10.96666667,0.529123942
10.97,0.509933472
10.97333333,0.521764119
10.97666667,0.513819377
10.98,0.512878418
10.98333333,0.479278564
10.98666667,0.47428894
10.99,0.481430054
10.99333333,0.430679321
10.99666667,0.435841878
11,0.431060791
11.00333333,0.400609334
11.00666667,0.373896281
11.01,0.386901855
11.01333333,0.347325643
11.01666667,0.362065633
11.02,0.371627808
11.02333333,0.322697957
11.02666667,0.333908081
11.03,0.306259155
11.03333333,0.272699992
11.03666667,0.328857422
11.04,0.281707764
11.04333333,0.292088826
11.04666667,0.305348714
11.05,0.3074646
11.05333333,0.298472087
11.05666667,0.303573608
11.06,0.31199646
11.06333333,0.277552287
11.06666667,0.294113159
11.07,0.284759521
11.07333333,0.291809082
11.07666667,0.264139811
11.08,0.257919312
11.08333333,0.283559163
11.08666667,0.301579793
11.09,0.307144165
11.09333333,0.309290568
11.09666667,0.284962972
11.1,0.284194946
11.10333333,0.277603149
11.10666667,0.300089518
11.11,0.279098511
11.11333333,0.336705526
11.11666667,0.304438273
11.12,0.303787231
11.12333333,0.324864705
11.12666667,0.315973918
11.13,0.289382935
11.13333333,0.337168376
11.13666667,0.338088989
11.14,0.284606934
11.14333333,0.273635864
11.14666667,0.270991007
11.15,0.29548645
11.15333333,0.278966268
11.15666667,0.327891032
11.16,0.337738037
11.16333333,0.329421997
11.16666667,0.282923381
11.17,0.340789795
11.17333333,0.321502686
11.17666667,0.319961548
11.18,0.286346436
11.18333333,0.310236613
11.18666667,0.334472656
11.19,0.281585693
11.19333333,0.282033285
11.19666667,0.27301534
11.2,0.343704224
11.20333333,0.316375732
11.20666667,0.326766968
11.21,0.313354492
11.21333333,0.279215495
11.21666667,0.288747152
11.22,0.36100769
11.22333333,0.303166707
11.22666667,0.257105509
11.23,0.275756836
11.23333333,0.282007853
11.23666667,0.327723185
11.24,0.326965332
11.24333333,0.336222331
11.24666667,0.274424235
11.25,0.319671631
11.25333333,0.283187866
11.25666667,0.273788452
11.26,0.272003174
11.26333333,0.301071167
11.26666667,0.295791626
11.27,0.330337524
11.27333333,0.295715332
11.27666667,0.255518595
11.28,0.282546997
11.28333333,0.254211426
11.28666667,0.33152771
11.29,0.271469116
11.29333333,0.321263631
11.29666667,0.35689799
11.3,0.309143066
11.30333333,0.359491984
11.30666667,0.322687785
11.31,0.330566406
11.31333333,0.339553833
11.31666667,0.347900391
11.32,0.32762146
11.32333333,0.329233805
11.32666667,0.313232422
11.33,0.307250977
11.33333333,0.365320841
11.33666667,0.357559204
11.34,0.344940186
11.34333333,0.327351888
11.34666667,0.3352712
11.35,0.301818848
11.35333333,0.289479574
11.35666667,0.292007446
11.36,0.29914856
11.36333333,0.304946899
11.36666667,0.316416423
11.37,0.314788818
11.37333333,0.305765788
11.37666667,0.336888631
11.38,0.27885437
11.38333333,0.317586263
11.38666667,0.326889038
11.39,0.288284302
11.39333333,0.291717529
11.39666667,0.318445841
11.4,0.328445435
11.40333333,0.354329427
11.40666667,0.280400594
11.41,0.237762451
11.41333333,0.284403483
11.41666667,0.296401978
11.42,0.348205566
11.42333333,0.31598409
11.42666667,0.314915975
11.43,0.286407471
11.43333333,0.349324544
11.43666667,0.28914388
11.44,0.274795532
11.44333333,0.288431803
11.44666667,0.261550903
11.45,0.302658081
11.45333333,0.283086141
11.45666667,0.265645345
11.46,0.352127075
11.46333333,0.313980103
11.46666667,0.356114705
11.47,0.328140259
11.47333333,0.362370809
11.47666667,0.304356893
11.48,0.315765381
11.48333333,0.317942301
11.48666667,0.297068278
11.49,0.321548462
11.49333333,0.25177002
11.49666667,0.287246704
11.5,0.30670166
11.50333333,0.282185872
11.50666667,0.239756266
11.51,0.242233276
11.51333333,0.215286255
11.51666667,0.251592
11.52,0.286346436
11.52333333,0.230107625
11.52666667,0.221323649
11.53,0.214447021
11.53333333,0.221303304
11.53666667,0.212610881
11.54,0.213607788
11.54333333,0.242329915
11.54666667,0.185882568
11.55,0.253753662
11.55333333,0.249440511
11.55666667,0.211191813
11.56,0.179672241
11.56333333,0.176773071
11.56666667,0.20787557
11.57,0.198226929
11.57333333,0.231903076
11.57666667,0.198298136
11.58,0.22744751
11.58333333,0.331624349
11.58666667,0.352523804
11.59,0.391067505
11.59333333,0.410008748
11.59666667,0.45014445
11.6,0.540466309
11.60333333,0.515467326
11.60666667,0.429697673
11.61,0.354522705
11.61333333,0.326410929
11.61666667,0.32119751
11.62,0.195541382
11.62333333,0.112823486
11.62666667,0.085957845
11.63,0.073242188
11.63333333,0.001958211
11.63666667,0.031651815
11.64,0.073348999
11.64333333,0.083384196
11.64666667,0.174240112
11.65,0.238571167
11.65333333,0.283894857
11.65666667,0.300526937
11.66,0.288269043
11.66333333,0.287694295
11.66666667,0.247573853
11.67,0.327728271
11.67333333,0.29574585
11.67666667,0.283243815
11.68,0.334075928
11.68333333,0.342432658
11.68666667,0.309707642
11.69,0.295074463
11.69333333,0.294194539
11.69666667,0.313161214
11.7,0.278091431
11.70333333,0.28582255
11.70666667,0.246312459
11.71,0.266357422
11.71333333,0.316233317
11.71666667,0.333404541
11.72,0.286453247
11.72333333,0.287033081
11.72666667,0.330169678
11.73,0.261459351
11.73333333,0.300827026
11.73666667,0.304504395
11.74,0.255325317
11.74333333,0.246103923
11.74666667,0.296702067
11.75,0.356674194
11.75333333,0.351567586
11.75666667,0.333206177
11.76,0.299499512
11.76333333,0.317906698
11.76666667,0.372823079
11.77,0.344650269
11.77333333,0.314020793
11.77666667,0.324615479
11.78,0.373550415
11.78333333,0.303624471
11.78666667,0.347625732
11.79,0.393630981
11.79333333,0.357386271
11.79666667,0.377950033
11.8,0.362091064
11.80333333,0.412058512
11.80666667,0.398976644
11.81,0.426498413
11.81333333,0.475662231
11.81666667,0.39159139
11.82,0.421401978
11.82333333,0.452575684
11.82666667,0.446141561
11.83,0.398162842
11.83333333,0.480143229
11.83666667,0.45022583
11.84,0.467269897
11.84333333,0.466145833
11.84666667,0.447784424
11.85,0.481033325
11.85333333,0.546890259
11.85666667,0.486582438
11.86,0.528030396
11.86333333,0.528737386
11.86666667,0.476811727
11.87,0.431228638
11.87333333,0.452514648
11.87666667,0.455495199
11.88,0.429611206
11.88333333,0.467554728
11.88666667,0.447102865
11.89,0.39630127
11.89333333,0.370452881
11.89666667,0.360168457
11.9,0.31867981
11.90333333,0.315424601
11.90666667,0.306981405
11.91,0.281707764
11.91333333,0.278213501
11.91666667,0.289662679
11.92,0.274505615
11.92333333,0.212270101
11.92666667,0.235677083
11.93,0.222640991
11.93333333,0.252863566
11.93666667,0.209955851
11.94,0.232254028
11.94333333,0.224843343
11.94666667,0.227635701
11.95,0.257949829
11.95333333,0.233042399
11.95666667,0.232543945
11.96,0.261627197
11.96333333,0.221766154
11.96666667,0.237553914
11.97,0.190872192
11.97333333,0.222386678
11.97666667,0.210306803
11.98,0.191482544
11.98333333,0.214691162
11.98666667,0.22891744
11.99,0.206787109
11.99333333,0.244435628
11.99666667,0.317652384
12,0.281906128
12.00333333,0.259923299
12.00666667,0.269536336
12.01,0.253295898
12.01333333,0.238769531
12.01666667,0.236841838
12.02,0.255661011
12.02333333,0.318995158
12.02666667,0.306849162
12.03,0.239746094
12.03333333,0.25525411
12.03666667,0.279129028
12.04,0.277297974
12.04333333,0.321802775
12.04666667,0.288696289
12.05,0.328598022
12.05333333,0.295984904
12.05666667,0.339279175
12.06,0.303482056
12.06333333,0.289260864
12.06666667,0.344136556
12.07,0.329818726
12.07333333,0.285924276
12.07666667,0.305435181
12.08,0.308563232
12.08333333,0.293095907
12.08666667,0.245966593
12.09,0.229446411
12.09333333,0.246261597
12.09666667,0.237548828
12.1,0.298233032
12.10333333,0.258961995
12.10666667,0.282928467
12.11,0.283828735
12.11333333,0.246663411
12.11666667,0.290120443
12.12,0.239135742
12.12333333,0.224370321
12.12666667,0.224192301
12.13,0.222991943
12.13333333,0.219930013
12.13666667,0.224329631
12.14,0.227279663
12.14333333,0.237843831
12.14666667,0.20274353
12.15,0.181427002
12.15333333,0.231038411
12.15666667,0.25553894
12.16,0.209777832
12.16333333,0.26797994
12.16666667,0.24172465
12.17,0.235443115
12.17333333,0.187464396
12.17666667,0.169916789
12.18,0.194869995
12.18333333,0.22664388
12.18666667,0.241928101
12.19,0.13861084
12.19333333,0.274068197
12.19666667,0.273661296
12.2,0.271072388
12.20333333,0.240224202
12.20666667,0.254313151
12.21,0.220733643
12.21333333,0.215291341
12.21666667,0.225245158
12.22,0.227661133
12.22333333,0.243321737
12.22666667,0.216410319
12.23,0.19039917
12.23333333,0.218251546
12.23666667,0.236287435
12.24,0.198928833
12.24333333,0.216995239
12.24666667,0.187876383
12.25,0.183868408
12.25333333,0.170954386
12.25666667,0.198481242
12.26,0.211776733
12.26333333,0.222590129
12.26666667,0.24693807
12.27,0.194778442
12.27333333,0.204538981
12.27666667,0.230036418
12.28,0.179458618
12.28333333,0.166371663
12.28666667,0.204859416
12.29,0.165252686
12.29333333,0.154459635
12.29666667,0.25306193
12.3,0.217971802
12.30333333,0.211390177
12.30666667,0.156682332
12.31,0.192367554
12.31333333,0.192830404
12.31666667,0.181935628
12.32,0.183197021
12.32333333,0.144307454
12.32666667,0.160970052
12.33,0.207870483
12.33333333,0.188191732
12.33666667,0.165425618
12.34,0.216583252
12.34333333,0.215037028
12.34666667,0.161682129
12.35,0.218811035
12.35333333,0.236597697
12.35666667,0.201370239
12.36,0.237487793
12.36333333,0.184987386
12.36666667,0.222244263
12.37,0.249435425
12.37333333,0.22261556
12.37666667,0.228820801
12.38,0.239761353
12.38333333,0.203323364
12.38666667,0.260818481
12.39,0.252731323
12.39333333,0.289840698
12.39666667,0.237960815
12.4,0.212631226
12.40333333,0.252482096
12.40666667,0.251317342
12.41,0.280990601
12.41333333,0.255950928
12.41666667,0.238545736
12.42,0.273849487
12.42333333,0.259882609
12.42666667,0.243225098
12.43,0.266662598
12.43333333,0.280227661
12.43666667,0.25970459
12.44,0.198226929
12.44333333,0.252960205
12.44666667,0.287165324
12.45,0.214920044
12.45333333,0.244995117
12.45666667,0.218958537
12.46,0.167449951
12.46333333,0.169728597
12.46666667,0.217056274
12.47,0.219345093
12.47333333,0.254165649
12.47666667,0.233240763
12.48,0.220855713
12.48333333,0.238723755
12.48666667,0.235565186
12.49,0.209182739
12.49333333,0.210657756
12.49666667,0.217234294
12.5,0.248718262
12.50333333,0.233149211
12.50666667,0.160985311
12.51,0.106887817
12.51333333,0.139485677
12.51666667,0.224405924
12.52,0.200897217
12.52333333,0.151077271
12.52666667,0.136932373
12.53,0.209701538
12.53333333,0.234654744
12.53666667,0.222147624
12.54,0.21383667
12.54333333,0.208638509
12.54666667,0.200642904
12.55,0.174484253
12.55333333,0.24806722
12.55666667,0.185379028
12.56,0.177947998
12.56333333,0.212188721
12.56666667,0.214080811
12.57,0.237686157
12.57333333,0.142074585
12.57666667,0.177942912
12.58,0.236053467
12.58333333,0.306955973
12.58666667,0.370178223
12.59,0.385726929
12.59333333,0.433980306
12.59666667,0.49260966
12.6,0.442657471
12.60333333,0.459996541
12.60666667,0.442469279
12.61,0.383468628
12.61333333,0.316319784
12.61666667,0.240936279
12.62,0.173950195
12.62333333,0.035446167
12.62666667,-0.074656169
12.63,-0.011642456
12.63333333,-0.024922689
12.63666667,-0.023569743
12.64,0.032318115
12.64333333,0.077479045
12.64666667,0.214782715
12.65,0.202789307
12.65333333,0.255803426
12.65666667,0.23038737
12.66,0.265167236
12.66333333,0.274383545
12.66666667,0.267155965
12.67,0.26399231
12.67333333,0.286682129
12.67666667,0.26717631
12.68,0.310714722
12.68333333,0.293858846
12.68666667,0.251342773
12.69,0.299697876
12.69333333,0.285390218
12.69666667,0.30821228
12.7,0.296478271
12.70333333,0.266504924
12.70666667,0.266850789
12.71,0.278442383
12.71333333,0.280024211
12.71666667,0.303751628
12.72,0.287155151
12.72333333,0.269765218
12.72666667,0.269037882
12.73,0.313079834
12.73333333,0.266774495
12.73666667,0.324900309
12.74,0.313400269
12.74333333,0.328399658
12.74666667,0.338897705
12.75,0.342559814
12.75333333,0.312942505
12.75666667,0.283137004
12.76,0.36076355
12.76333333,0.33891805
12.76666667,0.348561605
12.77,0.341110229
12.77333333,0.319341024
12.77666667,0.353052775
12.78,0.335083008
12.78333333,0.317866007
12.78666667,0.412307739
12.79,0.358215332
12.79333333,0.358907064
12.79666667,0.374593099
12.8,0.388641357
12.80333333,0.368204753
12.80666667,0.397059123
12.81,0.378982544
12.81333333,0.40608724
12.81666667,0.457941691
12.82,0.439361572
12.82333333,0.458251953
12.82666667,0.445704142
12.83,0.400405884
12.83333333,0.445429484
12.83666667,0.459035238
12.84,0.401535034
12.84333333,0.400517782
12.84666667,0.42972819
12.85,0.472717285
12.85333333,0.506947835
12.85666667,0.468180339
12.86,0.455764771
12.86333333,0.397079468
12.86666667,0.401051839
12.87,0.395126343
12.87333333,0.364191691
12.87666667,0.456151326
12.88,0.40007019
12.88333333,0.387700399
12.88666667,0.394053141
12.89,0.386566162
12.89333333,0.345306396
12.89666667,0.349349976
12.9,0.294265747
12.90333333,0.270284017
12.90666667,0.244135539
12.91,0.291320801
12.91333333,0.227096558
12.91666667,0.259145101
12.92,0.247650146
12.92333333,0.223556519
12.92666667,0.21152242
12.93,0.191680908
12.93333333,0.181935628
12.93666667,0.223739624
12.94,0.224456787
12.94333333,0.226826986
12.94666667,0.224965413
12.95,0.208435059
12.95333333,0.220626831
12.95666667,0.263916016
12.96,0.180541992
12.96333333,0.183700562
12.96666667,0.189921061
12.97,0.2684021
12.97333333,0.230606079
12.97666667,0.203180949
12.98,0.169052124
12.98333333,0.182723999
12.98666667,0.143193563
12.99,0.148620605
12.99333333,0.165608724
12.99666667,0.18085734
13,0.160980225
13.00333333,0.224782308
13.00666667,0.144495646
13.01,0.163986206
13.01333333,0.163431803
13.01666667,0.183029175
13.02,0.129180908
13.02333333,0.131123861
13.02666667,0.110783895
13.03,0.131607056
13.03333333,0.106531779
13.03666667,0.126205444
13.04,0.136825562
13.04333333,0.14243571
13.04666667,0.13293457
13.05,0.111846924
13.05333333,0.171544393
13.05666667,0.126902262
13.06,0.102676392
13.06333333,0.100819906
13.06666667,0.129038493
13.07,0.13671875
13.07333333,0.091990153
13.07666667,0.12731425
13.08,0.138870239
13.08333333,0.178909302
13.08666667,0.101694743
13.09,0.090988159
13.09333333,0.09181722
13.09666667,0.16641744
13.1,0.113754272
13.10333333,0.126790365
13.10666667,0.17338562
13.11,0.148910522
13.11333333,0.135396322
13.11666667,0.17695109
13.12,0.14453125
13.12333333,0.160603841
13.12666667,0.16662089
13.13,0.15234375
13.13333333,0.140329997
13.13666667,0.137039185
13.14,0.119049072
13.14333333,0.116338094
13.14666667,0.135238647
13.15,0.114364624
13.15333333,0.149353027
13.15666667,0.133097331
13.16,0.156661987
13.16333333,0.128860474
13.16666667,0.168100993
13.17,0.102783203
13.17333333,0.129267375
13.17666667,0.110916138
13.18,0.125259399
13.18333333,0.178934733
13.18666667,0.157974243
13.19,0.156280518
13.19333333,0.17271932
13.19666667,0.179255168
13.2,0.160217285
13.20333333,0.157394409
13.20666667,0.178319295
13.21,0.123123169
13.21333333,0.124674479
13.21666667,0.198135376
13.22,0.183181763
13.22333333,0.137212118
13.22666667,0.134821574
13.23,0.162307739
13.23333333,0.142110189
13.23666667,0.175125122
13.24,0.179382324
13.24333333,0.144627889
13.24666667,0.141301473
13.25,0.168228149
13.25333333,0.149393717
13.25666667,0.148854574
13.26,0.180892944
13.26333333,0.146535238
13.26666667,0.153045654
13.27,0.176239014
13.27333333,0.181803385
13.27666667,0.189971924
13.28,0.178649902
13.28333333,0.211283366
13.28666667,0.247294108
13.29,0.230575562
13.29333333,0.250981649
13.29666667,0.19078064
13.3,0.185470581
13.30333333,0.203592936
13.30666667,0.211110433
13.31,0.191314697
13.31333333,0.181737264
13.31666667,0.150655111
13.32,0.186462402
13.32333333,0.200281779
13.32666667,0.166610718
13.33,0.181762695
13.33333333,0.165430705
13.33666667,0.131296794
13.34,0.149124146
13.34333333,0.154505412
13.34666667,0.204111735
13.35,0.202789307
13.35333333,0.173197428
13.35666667,0.210795085
13.36,0.179244995
13.36333333,0.161448161
13.36666667,0.160878499
13.37,0.167144775
13.37333333,0.135147095
13.37666667,0.157109578
13.38,0.192550659
13.38333333,0.202306112
13.38666667,0.151662191
13.39,0.199417114
13.39333333,0.171585083
13.39666667,0.167622884
13.4,0.164489746
13.40333333,0.200871785
13.40666667,0.197530111
13.41,0.151824951
13.41333333,0.187026978
13.41666667,0.179799398
13.42,0.169647217
13.42333333,0.216405233
13.42666667,0.217890422
13.43,0.220108032
13.43333333,0.183283488
13.43666667,0.173675537
13.44,0.217041016
13.44333333,0.236938477
13.44666667,0.177637736
13.45,0.241317749
13.45333333,0.278401693
13.45666667,0.230133057
13.46,0.192504883
13.46333333,0.225158691
13.46666667,0.225245158
13.47,0.169113159
13.47333333,0.152598063
13.47666667,0.196487427
13.48,0.190979004
13.48333333,0.190429688
13.48666667,0.162027995
13.49,0.153991699
13.49333333,0.180791219
13.49666667,0.183985392
13.5,0.200653076
13.50333333,0.209915161
13.50666667,0.188028971
13.51,0.206970215
13.51333333,0.208221436
13.51666667,0.217514038
13.52,0.187469482
13.52333333,0.166956584
13.52666667,0.217096965
13.53,0.216751099
13.53333333,0.244089762
13.53666667,0.242685954
13.54,0.190368652
13.54333333,0.230392456
13.54666667,0.213109334
13.55,0.241394043
13.55333333,0.213628133
13.55666667,0.219106038
13.56,0.212127686
13.56333333,0.19271342
13.56666667,0.194473267
13.57,0.216888428
13.57333333,0.215301514
13.57666667,0.237869263
13.58,0.263763428
13.58333333,0.258382161
13.58666667,0.262166341
13.59,0.232559204
13.59333333,0.242060343
13.59666667,0.191970825
13.6,0.196228027
13.60333333,0.238611857
13.60666667,0.26739502
13.61,0.282272339
13.61333333,0.285232544
13.61666667,0.264841715
13.62,0.267700195
13.62333333,0.232447306
13.62666667,0.22567749
13.63,0.287734985
13.63333333,0.30553182
13.63666667,0.418863932
13.64,0.428039551
13.64333333,0.483683268
13.64666667,0.546223958
13.65,0.531539917
13.65333333,0.517359416
13.65666667,0.454950968
13.66,0.366470337
13.66333333,0.318527222
13.66666667,0.245157878
13.67,0.136138916
13.67333333,0.05510966
13.67666667,-0.041992188
13.68,-0.090042114
13.68333333,-0.086110433
13.68666667,-0.041712443
13.69,0.005554199
13.69333333,0.060638428
13.69666667,0.107681274
13.7,0.151367188
13.70333333,0.226765951
13.70666667,0.183848063
13.71,0.181304932
13.71333333,0.197168986
13.71666667,0.191930135
13.72,0.183334351
13.72333333,0.198816935
13.72666667,0.235473633
13.73,0.242080688
13.73333333,0.160649618
13.73666667,0.215123494
13.74,0.204437256
13.74333333,0.237503052
13.74666667,0.225606283
13.75,0.229263306
13.75333333,0.274129232
13.75666667,0.249750773
13.76,0.24710083
13.76333333,0.236277262
13.76666667,0.212682088
13.77,0.202285767
13.77333333,0.249338786
13.77666667,0.23155721
13.78,0.242385864
13.78333333,0.275268555
13.78666667,0.29011027
13.79,0.272079468
13.79333333,0.320668538
13.79666667,0.305033366
13.8,0.303344727
13.80333333,0.290929159
13.80666667,0.28922526
13.81,0.258544922
13.81333333,0.266113281
13.81666667,0.310541789
13.82,0.281280518
13.82333333,0.2962087
13.82666667,0.303624471
13.83,0.311706543
13.83333333,0.305811564
13.83666667,0.331176758
13.84,0.320587158
13.84333333,0.32665507
13.84666667,0.343373617
13.85,0.327758789
13.85333333,0.346394857
13.85666667,0.365346273
13.86,0.380752563
13.86333333,0.384328206
13.86666667,0.363616943
13.87,0.328857422
13.87333333,0.357569377
13.87666667,0.36509196
13.88,0.390426636
13.88333333,0.374476115
13.88666667,0.325963338
13.89,0.334411621
13.89333333,0.401387533
13.89666667,0.354695638
13.9,0.453948975
13.90333333,0.451237996
13.90666667,0.381474813
13.91,0.407913208
13.91333333,0.389907837
13.91666667,0.407536825
13.92,0.492828369
13.92333333,0.437616984
13.92666667,0.382680257
13.93,0.344528198
13.93333333,0.339736938
13.93666667,0.347640991
13.94,0.350219727
13.94333333,0.29671224
13.94666667,0.2831014
13.95,0.305404663
13.95333333,0.272145589
13.95666667,0.247665405
13.96,0.256973267
13.96333333,0.214909871
13.96666667,0.188064575
13.97,0.151504517
13.97333333,0.134958903
13.97666667,0.096466064
13.98,0.135467529
13.98333333,0.195846558
13.98666667,0.142313639
13.99,0.148742676
13.99333333,0.129241943
13.99666667,0.136245728
14,0.147628784
14.00333333,0.18145752
14.00666667,0.160542806
14.01,0.120162964
14.01333333,0.104985555
14.01666667,0.115280151
14.02,0.200592041
14.02333333,0.155822754
14.02666667,0.144968669
14.03,0.156417847
14.03333333,0.147247314
14.03666667,0.088719686
14.04,0.222747803
14.04333333,0.138916016
14.04666667,0.150878906
14.05,0.132446289
14.05333333,0.118804932
14.05666667,0.131800334
14.06,0.096008301
14.06333333,0.108515422
14.06666667,0.078201294
14.07,0.125
14.07333333,0.129348755
14.07666667,0.130971273
14.08,0.122238159
14.08333333,0.066121419
14.08666667,0.087855021
14.09,0.100067139
14.09333333,0.138905843
14.09666667,0.133168538
14.1,0.153427124
14.10333333,0.131891886
14.10666667,0.149597168
14.11,0.105133057
14.11333333,0.123962402
14.11666667,0.11932373
14.12,0.101455688
14.12333333,0.112604777
14.12666667,0.134394328
14.13,0.123001099
14.13333333,0.147145589
14.13666667,0.15906779
14.14,0.151168823
14.14333333,0.160552979
14.14666667,0.141998291
14.15,0.157241821
14.15333333,0.139943441
14.15666667,0.122599284
14.16,0.133453369
14.16333333,0.191289266
14.16666667,0.188827515
14.17,0.124176025
14.17333333,0.196512858
14.17666667,0.170216878
14.18,0.148910522
14.18333333,0.187174479
14.18666667,0.165883382
14.19,0.180709839
14.19333333,0.13772583
14.19666667,0.146092733
14.2,0.185928345
14.20333333,0.166849772
14.20666667,0.112050374
14.21,0.177993774
14.21333333,0.093821208
14.21666667,0.095113118
14.22,0.087234497
14.22333333,0.128473918
14.22666667,0.113769531
14.23,0.155410767
14.23333333,0.152231852
14.23666667,0.155029297
14.24,0.112060547
14.24333333,0.142333984
14.24666667,0.148946126
14.25,0.157928467
14.25333333,0.177937826
14.25666667,0.171279907
14.26,0.176147461
14.26333333,0.188924154
14.26666667,0.212300618
14.27,0.170135498
14.27333333,0.19678243
14.27666667,0.228805542
14.28,0.195373535
14.28333333,0.202891032
14.28666667,0.186930339
14.29,0.251403809
14.29333333,0.184529622
14.29666667,0.240763346
14.3,0.248336792
14.30333333,0.216247559
14.30666667,0.215159098
14.31,0.231811523
14.31333333,0.205795288
14.31666667,0.245539347
14.32,0.214553833
14.32333333,0.222142537
14.32666667,0.231343587
14.33,0.213241577
14.33333333,0.295511882
14.33666667,0.245417277
14.34,0.216903687
14.34333333,0.27444458
14.34666667,0.262878418
14.35,0.252761841
14.35333333,0.311559041
14.35666667,0.291188558
14.36,0.259155273
14.36333333,0.274078369
14.36666667,0.217412313
14.37,0.326065063
14.37333333,0.246037801
14.37666667,0.292577108
14.38,0.2603302
14.38333333,0.28889974
14.38666667,0.272333781
14.39,0.24559021
14.39333333,0.305058797
14.39666667,0.280420939
14.4,0.307312012
14.40333333,0.270411174
14.40666667,0.269373576
14.41,0.272018433
14.41333333,0.250879924
14.41666667,0.26512146
14.42,0.282485962
14.42333333,0.25811259
14.42666667,0.248168945
14.43,0.239807129
14.43333333,0.293477376
14.43666667,0.248936971
14.44,0.207199097
14.44333333,0.237126668
14.44666667,0.325942993
14.45,0.307846069
14.45333333,0.303975423
14.45666667,0.258850098
14.46,0.275177002
14.46333333,0.26620992
14.46666667,0.265604655
14.47,0.278259277
14.47333333,0.231109619
14.47666667,0.263539632
14.48,0.260162354
14.48333333,0.256322225
14.48666667,0.231043498
14.49,0.213760376
14.49333333,0.185740153
14.49666667,0.247095744
14.5,0.283813477
14.50333333,0.266840617
14.50666667,0.226079305
14.51,0.254425049
14.51333333,0.218592326
14.51666667,0.262247721
14.52,0.26864624
14.52333333,0.249506632
14.52666667,0.24021403
14.53,0.235076904
14.53333333,0.24676005
14.53666667,0.224151611
14.54,0.199752808
14.54333333,0.201527913
14.54666667,0.205637614
14.55,0.236434937
14.55333333,0.239929199
14.55666667,0.246088664
14.56,0.25289917
14.56333333,0.239598592
14.56666667,0.259552002
14.57,0.238006592
14.57333333,0.183456421
14.57666667,0.237442017
14.58,0.188308716
14.58333333,0.25583903
14.58666667,0.234059652
14.59,0.225418091
14.59333333,0.228586833
14.59666667,0.24891154
14.6,0.296325684
14.60333333,0.298090617
14.60666667,0.260096232
14.61,0.253295898
14.61333333,0.280400594
14.61666667,0.246022542
14.62,0.238647461
14.62333333,0.213775635
14.62666667,0.124903361
14.63,0.12020874
14.63333333,0.095163981
14.63666667,0.14906311
14.64,0.142242432
14.64333333,0.119979858
14.64666667,0.122238159
14.65,0.236282349
14.65333333,0.166503906
14.65666667,0.130106608
14.66,0.160995483
14.66333333,0.165349325
14.66666667,0.170898438
14.67,0.154876709
14.67333333,0.156326294
14.67666667,0.135721842
14.68,0.160202026
14.68333333,0.185089111
14.68666667,0.151067098
14.69,0.174972534
14.69333333,0.199890137
14.69666667,0.194173177
14.7,0.19859314
14.70333333,0.255615234
14.70666667,0.248057048
14.71,0.274291992
14.71333333,0.405970256
14.71666667,0.413208008
14.72,0.514923096
14.72333333,0.466328939
14.72666667,0.459940592
14.73,0.369232178
14.73333333,0.347722371
14.73666667,0.252187093
14.74,0.281890869
14.74333333,0.129272461
14.74666667,0.05430603
14.75,-0.043106079
14.75333333,-0.074824015
14.75666667,-0.116175334
14.76,-0.063079834
14.76333333,-0.008560181
14.76666667,0.009078979
14.77,0.051452637
14.77333333,0.087997437
14.77666667,0.15335083
14.78,0.17565918
14.78333333,0.241088867
14.78666667,0.182296753
14.79,0.142456055
14.79333333,0.137812297
14.79666667,0.208908081
14.8,0.220489502
14.80333333,0.245015462
14.80666667,0.212295532
14.81,0.229949951
14.81333333,0.206415812
14.81666667,0.266723633
14.82,0.287612915
14.82333333,0.292521159
14.82666667,0.270263672
14.83,0.272705078
14.83333333,0.2562205
14.83666667,0.24559021
14.84,0.210342407
14.84333333,0.248962402
14.84666667,0.262252808
14.85,0.302505493
14.85333333,0.311157227
14.85666667,0.313613892
14.86,0.296020508
14.86333333,0.297739665
14.86666667,0.300572713
14.87,0.266372681
14.87333333,0.289505005
14.87666667,0.268239339
14.88,0.307861328
14.88333333,0.342203776
14.88666667,0.315811157
14.89,0.351577759
14.89333333,0.325902303
14.89666667,0.360026042
14.9,0.348815918
14.90333333,0.398503621
14.90666667,0.380966187
14.91,0.383544922
14.91333333,0.427693685
14.91666667,0.432332357
14.92,0.44418335
14.92333333,0.458877563
14.92666667,0.444188436
14.93,0.450469971
14.93333333,0.449345907
14.93666667,0.385513306
14.94,0.422851563
14.94333333,0.44640096
14.94666667,0.45342509
14.95,0.447158813
14.95333333,0.52498881
14.95666667,0.490097046
14.96,0.507644653
14.96333333,0.506500244
14.96666667,0.518086751
14.97,0.466659546
14.97333333,0.546056112
14.97666667,0.527781169
14.98,0.510025024
14.98333333,0.521901449
14.98666667,0.590774536
14.99,0.536331177
14.99333333,0.54653422
14.99666667,0.53364563
15,0.564956665
15.00333333,0.511072795
15.00666667,0.478546143
15.01,0.475738525
15.01333333,0.471048991
15.01666667,0.501149495
15.02,0.451034546
15.02333333,0.439198812
15.02666667,0.388885498
15.03,0.365951538
15.03333333,0.352554321
15.03666667,0.305292765
15.04,0.306365967
15.04333333,0.344940186
15.04666667,0.34018453
15.05,0.297164917
15.05333333,0.30581665
15.05666667,0.238718669
15.06,0.23387146
15.06333333,0.258758545
15.06666667,0.244064331
15.07,0.220733643
15.07333333,0.256286621
15.07666667,0.318328857
15.08,0.278564453
15.08333333,0.257873535
15.08666667,0.266769409
15.09,0.260955811
15.09333333,0.228118896
15.09666667,0.254308065
15.1,0.239944458
15.10333333,0.283477783
15.10666667,0.274617513
15.11,0.259414673
15.11333333,0.266611735
15.11666667,0.280431112
15.12,0.276580811
15.12333333,0.245285034
15.12666667,0.226791382
15.13,0.226242065
15.13333333,0.23958842
15.13666667,0.240498861
15.14,0.306472778
15.14333333,0.260625203
15.14666667,0.235458374
15.15,0.250778198
15.15333333,0.301350911
15.15666667,0.305821737
15.16,0.286880493
15.16333333,0.303049723
15.16666667,0.290171305
15.17,0.303192139
15.17333333,0.310572306
15.17666667,0.278111776
15.18,0.243942261
15.18333333,0.243199666
15.18666667,0.320114136
15.19,0.292297363
15.19333333,0.320083618
15.19666667,0.268254598
15.2,0.265808105
15.20333333,0.265253703
15.20666667,0.309539795
15.21,0.2684021
15.21333333,0.287094116
15.21666667,0.259831746
15.22,0.310012817
15.22333333,0.257954915
15.22666667,0.26508077
15.23,0.240280151
15.23333333,0.263595581
15.23666667,0.325337728
15.24,0.291809082
15.24333333,0.274002075
15.24666667,0.268046061
15.25,0.262451172
15.25333333,0.305089315
15.25666667,0.324696859
15.26,0.283782959
15.26333333,0.292592367
15.26666667,0.282770793
15.27,0.261016846
15.27333333,0.220606486
15.27666667,0.24512736
15.28,0.233673096
15.28333333,0.224202474
15.28666667,0.220753988
15.29,0.217956543
15.29333333,0.287679036
15.29666667,0.28864034
15.3,0.245819092
15.30333333,0.261433919
15.30666667,0.260579427
15.31,0.240219116
15.31333333,0.258504232
15.31666667,0.311813354
15.32,0.291366577
15.32333333,0.225540161
15.32666667,0.236104329
15.33,0.258392334
15.33333333,0.265884399
15.33666667,0.293034871
15.34,0.262420654
15.34333333,0.286422729
15.34666667,0.317408244
15.35,0.27633667
15.35333333,0.319025675
15.35666667,0.297205607
15.36,0.281021118
15.36333333,0.297124227
15.36666667,0.324834188
15.37,0.303573608
15.37333333,0.277654012
15.37666667,0.273320516
15.38,0.27293396
15.38333333,0.292841593
15.38666667,0.307840983
15.39,0.277999878
15.39333333,0.309076945
15.39666667,0.325749715
15.4,0.281066895
15.40333333,0.317108154
15.40666667,0.28763326
15.41,0.314407349
15.41333333,0.321980794
15.41666667,0.304412842
15.42,0.288238525
15.42333333,0.263285319
15.42666667,0.242808024
15.43,0.246627808
15.43333333,0.30708313
15.43666667,0.281560262
15.44,0.307556152
15.44333333,0.323598226
15.44666667,0.308258057
15.45,0.340423584
15.45333333,0.3131663
15.45666667,0.306543986
15.46,0.305328369
15.46333333,0.291280111
15.46666667,0.32758077
15.47,0.283035278
15.47333333,0.318227132
15.47666667,0.371729533
15.48,0.313659668
15.48333333,0.313008626
15.48666667,0.267781576
15.49,0.267166138
15.49333333,0.339747111
15.49666667,0.342676799
15.5,0.365447998
15.50333333,0.32577006
15.50666667,0.323954264
15.51,0.307357788
15.51333333,0.312001546
15.51666667,0.294621785
15.52,0.260299683
15.52333333,0.277338664
15.52666667,0.28314209
15.53,0.24961853
15.53333333,0.261077881
15.53666667,0.271443685
15.54,0.264846802
15.54333333,0.293070475
15.54666667,0.279932658
15.55,0.27885437
15.55333333,0.276982625
15.55666667,0.274897257
15.56,0.325119019
15.56333333,0.309427897
15.56666667,0.298105876
15.57,0.315338135
15.57333333,0.28288269
15.57666667,0.30061849
15.58,0.265472412
15.58333333,0.27402242
15.58666667,0.283966064
15.59,0.261169434
15.59333333,0.241292318
15.59666667,0.257492065
15.6,0.250854492
15.60333333,0.294413249
15.60666667,0.317311605
15.61,0.295181274
15.61333333,0.277491252
15.61666667,0.297088623
15.62,0.288970947
15.62333333,0.333063761
15.62666667,0.308415731
15.63,0.218658447
15.63333333,0.352656047
15.63666667,0.356511434
15.64,0.279403687
15.64333333,0.256128947
15.64666667,0.2674764
15.65,0.320205688
15.65333333,0.281743368
15.65666667,0.260182699
15.66,0.296508789
15.66333333,0.300079346
15.66666667,0.298563639
15.67,0.312423706
15.67333333,0.319864909
15.67666667,0.27919515
15.68,0.269256592
15.68333333,0.257517497
15.68666667,0.344278971
15.69,0.277252197
15.69333333,0.276062012
15.69666667,0.314041138
15.7,0.277099609
15.70333333,0.252334595
15.70666667,0.244486491
15.71,0.214065552
15.71333333,0.261169434
15.71666667,0.306040446
15.72,0.258163452
15.72333333,0.349253337
15.72666667,0.346832275
15.73,0.429794312
15.73333333,0.477371216
15.73666667,0.523590088
15.74,0.488739014
15.74333333,0.421986898
15.74666667,0.350835164
15.75,0.320053101
15.75333333,0.217386882
15.75666667,0.08799235
15.76,0.085739136
15.76333333,0.022359212
15.76666667,-0.008595785
15.77,-0.069442749
15.77333333,-0.086751302
15.77666667,-0.055913289
15.78,-0.034286499
15.78333333,0.006866455
15.78666667,0.129084269
15.79,0.144271851
15.79333333,0.182881673
15.79666667,0.22475179
15.8,0.273361206
15.80333333,0.220108032
15.80666667,0.187210083
15.81,0.239425659
15.81333333,0.2118632
15.81666667,0.293528239
15.82,0.298995972
15.82333333,0.279754639
15.82666667,0.235310872
15.83,0.20501709
15.83333333,0.233332316
15.83666667,0.288101196
15.84,0.277175903
15.84333333,0.250813802
15.84666667,0.245061239
15.85,0.2784729
15.85333333,0.281987508
15.85666667,0.305175781
15.86,0.280960083
15.86333333,0.250086466
15.86666667,0.285797119
15.87,0.302825928
15.87333333,0.360555013
15.87666667,0.339879354
15.88,0.339279175
15.88333333,0.342000326
15.88666667,0.324503581
15.89,0.322433472
15.89333333,0.315882365
15.89666667,0.313624064
15.9,0.327072144
15.90333333,0.336725871
15.90666667,0.306381226
15.91,0.305206299
15.91333333,0.338083903
15.91666667,0.376383464
15.92,0.351959229
15.92333333,0.324625651
15.92666667,0.373143514
15.93,0.422073364
15.93333333,0.368855794
15.93666667,0.362157186
15.94,0.363204956
15.94333333,0.440124512
15.94666667,0.406143188
15.95,0.446853638
15.95333333,0.456629435
15.95666667,0.461730957
15.96,0.438186646
15.96333333,0.434402466
15.96666667,0.455144246
15.97,0.518692017
15.97333333,0.525563558
15.97666667,0.48475647
15.98,0.455978394
15.98333333,0.512517293
15.98666667,0.575052897
15.99,0.545715332
15.99333333,0.5305837
15.99666667,0.507746379
16,0.556945801
16.00333333,0.566513062
16.00666667,0.597508748
16.01,0.578735352
16.01333333,0.537897746
16.01666667,0.541763306
16.02,0.529830933
16.02333333,0.509338379
16.02666667,0.511876424
16.03,0.466461182
16.03333333,0.503540039
16.03666667,0.472605387
16.04,0.444580078
16.04333333,0.419026693
16.04666667,0.366821289
16.05,0.410308838
16.05333333,0.391489665
16.05666667,0.348551432
16.06,0.309524536
16.06333333,0.297887166
16.06666667,0.347137451
16.07,0.335632324
16.07333333,0.325159709
16.07666667,0.337387085
16.08,0.348968506
16.08333333,0.281143188
16.08666667,0.322555542
16.09,0.296691895
16.09333333,0.255223592
16.09666667,0.313293457
16.1,0.313034058
16.10333333,0.277048747
16.10666667,0.326807658
16.11,0.391098022
16.11333333,0.333399455
16.11666667,0.293095907
16.12,0.311645508
16.12333333,0.272557576
16.12666667,0.284464518
16.13,0.264709473
16.13333333,0.293960571
16.13666667,0.321777344
16.14,0.298980713
16.14333333,0.293223063
16.14666667,0.325586955
16.15,0.307006836
16.15333333,0.264973958
16.15666667,0.259343465
16.16,0.266403198
16.16333333,0.270665487
16.16666667,0.273640951
16.17,0.285827637
16.17333333,0.290018717
16.17666667,0.269683838
16.18,0.293151855
16.18333333,0.309651693
16.18666667,0.284718831
16.19,0.226394653
16.19333333,0.309143066
16.19666667,0.267985026
16.2,0.251235962
16.20333333,0.278152466
16.20666667,0.227437337
16.21,0.256774902
16.21333333,0.263839722
16.21666667,0.291875203
16.22,0.266799927
16.22333333,0.252258301
16.22666667,0.244359334
16.23,0.278198242
16.23333333,0.311686198
16.23666667,0.306838989
16.24,0.257019043
16.24333333,0.295379639
16.24666667,0.247929891
16.25,0.262451172
16.25333333,0.249557495
16.25666667,0.271606445
16.26,0.267593384
16.26333333,0.25499471
16.26666667,0.332743327
16.27,0.315322876
16.27333333,0.294743856
16.27666667,0.297170003
16.28,0.299636841
16.28333333,0.309956868
16.28666667,0.314208984
16.29,0.331268311
16.29333333,0.329828898
16.29666667,0.337921143
16.3,0.305099487
16.30333333,0.344497681
16.30666667,0.272761027
16.31,0.268188477
16.31333333,0.25769043
16.31666667,0.250981649
16.32,0.255599976
16.32333333,0.238800049
16.32666667,0.202178955
16.33,0.194656372
16.33333333,0.262451172
16.33666667,0.244750977
16.34,0.236526489
16.34333333,0.256596883
16.34666667,0.163818359
16.35,0.13999939
16.35333333,0.146530151
16.35666667,0.166254679
16.36,0.155532837
16.36333333,0.174006144
16.36666667,0.168024699
16.37,0.157608032
16.37333333,0.185745239
16.37666667,0.149759928
16.38,0.188644409
16.38333333,0.252456665
16.38666667,0.16150411
16.39,0.150787354
16.39333333,0.194407145
16.39666667,0.148798625
16.4,0.204696655
16.40333333,0.1762441
16.40666667,0.164159139
16.41,0.139038086
16.41333333,0.138748169
16.41666667,0.137583415
16.42,0.107528687
16.42333333,0.126520793
16.42666667,0.167872111
16.43,0.134979248
16.43333333,0.109939575
16.43666667,0.155695597
16.44,0.164337158
16.44333333,0.14419047
16.44666667,0.184758504
16.45,0.196304321
16.45333333,0.198486328
16.45666667,0.165039063
16.46,0.160751343
16.46333333,0.19283549
16.46666667,0.163777669
16.47,0.147994995
16.47333333,0.15411377
16.47666667,0.150309245
16.48,0.12487793
16.48333333,0.12781779
16.48666667,0.169189453
16.49,0.143280029
16.49333333,0.168060303
16.49666667,0.181645711
16.5,0.170898438
16.50333333,0.174687703
16.50666667,0.208872477
16.51,0.206954956
16.51333333,0.141270955
16.51666667,0.198720296
16.52,0.216522217
16.52333333,0.196304321
16.52666667,0.21959432
16.53,0.200790405
16.53333333,0.182596842
16.53666667,0.19724528
16.54,0.193481445
16.54333333,0.151240031
16.54666667,0.164459229
16.55,0.185928345
16.55333333,0.215591431
16.55666667,0.214207967
16.56,0.248672485
16.56333333,0.223587036
16.56666667,0.216674805
16.57,0.226104736
16.57333333,0.175882975
16.57666667,0.180521647
16.58,0.221099854
16.58333333,0.260925293
16.58666667,0.272908529
16.59,0.241439819
16.59333333,0.223149618
16.59666667,0.227127075
16.6,0.211410522
16.60333333,0.208567301
16.60666667,0.236099243
16.61,0.226806641
16.61333333,0.271102905
16.61666667,0.280100505
16.62,0.278839111
16.62333333,0.249582926
16.62666667,0.236246745
16.63,0.296203613
16.63333333,0.265757243
16.63666667,0.274851481
16.64,0.240112305
16.64333333,0.260386149
16.64666667,0.325683594
16.65,0.284957886
16.65333333,0.275716146
16.65666667,0.263519287
16.66,0.263412476
16.66333333,0.275334676
16.66666667,0.266265869
16.67,0.286361694
16.67333333,0.265604655
16.67666667,0.287857056
16.68,0.252655029
16.68333333,0.260492961
16.68666667,0.306015015
16.69,0.206893921
16.69333333,0.219456991
16.69666667,0.186808268
16.7,0.196228027
16.70333333,0.235280355
16.70666667,0.228474935
16.71,0.207183838
16.71333333,0.217854818
16.71666667,0.20072937
16.72,0.198974609
16.72333333,0.207433065
16.72666667,0.167811076
16.73,0.186935425
16.73333333,0.209859212
16.73666667,0.184936523
16.74,0.192749023
16.74333333,0.239939372
16.74666667,0.264872233
16.75,0.327682495
16.75333333,0.352361043
16.75666667,0.401392619
16.76,0.476043701
16.76333333,0.441457113
16.76666667,0.455296834
16.77,0.426528931
16.77333333,0.329310099
16.77666667,0.287607829
16.78,0.242019653
16.78333333,0.140686035
16.78666667,0.048853556
16.79,-0.022445679
16.79333333,0.044743856
16.79666667,-0.006993612
16.8,-0.006790161
16.80333333,0.036804199
16.80666667,0.093068441
16.81,0.113433838
16.81333333,0.161758423
16.81666667,0.248769124
16.82,0.257568359
16.82333333,0.203999837
16.82666667,0.157424927
16.83,0.136169434
16.83333333,0.163269043
16.83666667,0.203659058
16.84,0.190917969
16.84333333,0.178476969
16.84666667,0.172856649
16.85,0.174484253
16.85333333,0.192047119
16.85666667,0.229705811
16.86,0.181930542
16.86333333,0.232950846
16.86666667,0.210240682
16.87,0.248153687
16.87333333,0.257624308
16.87666667,0.272969564
16.88,0.235961914
16.88333333,0.232925415
16.88666667,0.275919596
16.89,0.282012939
16.89333333,0.254776001
16.89666667,0.280838013
16.9,0.272369385
16.90333333,0.283320109
16.90666667,0.317474365
16.91,0.300994873
16.91333333,0.287399292
16.91666667,0.284322103
16.92,0.259033203
16.92333333,0.292404175
16.92666667,0.319351196
16.93,0.276947021
16.93333333,0.355097453
16.93666667,0.349782308
16.94,0.341156006
16.94333333,0.375411987
16.94666667,0.324513753
16.95,0.367736816
16.95333333,0.406397502
16.95666667,0.404093424
16.96,0.395111084
16.96333333,0.327143351
16.96666667,0.340805054
16.97,0.376266479
16.97333333,0.413391113
16.97666667,0.416763306
16.98,0.389038086
16.98333333,0.400517782
16.98666667,0.391657511
16.99,0.370239258
16.99333333,0.395563761
16.99666667,0.402582804
17,0.457000732
17.00333333,0.498163859
17.00666667,0.435496012
17.01,0.385894775
17.01333333,0.465413411
17.01666667,0.502726237
17.02,0.51550293
17.02333333,0.514851888
17.02666667,0.469558716
17.03,0.469894409
17.03333333,0.478464762
17.03666667,0.485616048
17.04,0.467498779
17.04333333,0.468170166
17.04666667,0.462977091
17.05,0.475234985
17.05333333,0.43023173
17.05666667,0.414464315
17.06,0.404266357
17.06333333,0.415985107
17.06666667,0.370559692
17.07,0.395278931
17.07333333,0.346913656
17.07666667,0.336196899
17.08,0.281600952
17.08333333,0.253041585
17.08666667,0.292943319
17.09,0.313735962
17.09333333,0.275487264
17.09666667,0.256963094
17.1,0.322494507
17.10333333,0.328180949
17.10666667,0.279612223
17.11,0.281799316
17.11333333,0.25797526
17.11666667,0.325571696
17.12,0.26864624
17.12333333,0.249252319
17.12666667,0.268671672
17.13,0.234161377
17.13333333,0.296936035
17.13666667,0.244735718
17.14,0.232315063
17.14333333,0.310724894
17.14666667,0.28595988
17.15,0.270385742
17.15333333,0.270314535
17.15666667,0.241114299
17.16,0.226852417
17.16333333,0.22072347
17.16666667,0.285339355
17.17,0.280029297
17.17333333,0.301427205
17.17666667,0.251027425
17.18,0.284866333
17.18333333,0.278879801
17.18666667,0.293477376
17.19,0.245056152
17.19333333,0.268961589
17.19666667,0.184275309
17.2,0.201873779
17.20333333,0.25579834
17.20666667,0.267171224
17.21,0.234970093
17.21333333,0.207682292
17.21666667,0.236358643
17.22,0.241607666
17.22333333,0.201014201
17.22666667,0.172566732
17.23,0.275405884
17.23333333,0.29973348
17.23666667,0.268915812
17.24,0.281784058
17.24333333,0.217234294
17.24666667,0.186589559
17.25,0.247955322
17.25333333,0.256520589
17.25666667,0.21673584
17.26,0.244338989
17.26333333,0.191762288
17.26666667,0.223770142
17.27,0.274917603
17.27333333,0.223485311
17.27666667,0.19501241
17.28,0.250320435
17.28333333,0.2247111
17.28666667,0.181243896
17.29,0.21156311
17.29333333,0.229359945
17.29666667,0.23046875
17.3,0.149993896
17.30333333,0.1796875
17.30666667,0.160624186
17.31,0.211242676
17.31333333,0.177179972
17.31666667,0.186055501
17.32,0.191162109
17.32333333,0.191040039
17.32666667,0.184463501
17.33,0.197891235
17.33333333,0.234476725
17.33666667,0.238525391
17.34,0.221115112
17.34333333,0.200617472
17.34666667,0.170344035
17.35,0.183258057
17.35333333,0.247095744
17.35666667,0.209014893
17.36,0.222457886
17.36333333,0.239013672
17.36666667,0.202891032
17.37,0.171783447
17.37333333,0.147979736
17.37666667,0.170430501
17.38,0.173980713
17.38333333,0.189565023
17.38666667,0.180791219
17.39,0.215591431
17.39333333,0.147750854
17.39666667,0.157124837
17.4,0.24810791
17.40333333,0.212504069
17.40666667,0.157836914
17.41,0.171508789
17.41333333,0.159154256
17.41666667,0.21794637
17.42,0.235321045
17.42333333,0.198659261
17.42666667,0.190460205
17.43,0.165161133
17.43333333,0.231552124
17.43666667,0.21866862
17.44,0.15234375
17.44333333,0.184382121
17.44666667,0.198933919
17.45,0.190963745
17.45333333,0.199732463
17.45666667,0.178197225
17.46,0.187789917
17.46333333,0.2240448
17.46666667,0.19182841
17.47,0.248077393
17.47333333,0.203964233
17.47666667,0.201497396
17.48,0.174682617
17.48333333,0.197016398
17.48666667,0.197580973
17.49,0.172195435
17.49333333,0.154139201
17.49666667,0.221964518
17.5,0.182342529
17.50333333,0.164388021
17.50666667,0.170613607
17.51,0.171707153
17.51333333,0.139297485
17.51666667,0.193812052
17.52,0.171035767
17.52333333,0.173650106
17.52666667,0.146474202
17.53,0.134140015
17.53333333,0.179468791
17.53666667,0.179112752
17.54,0.139633179
17.54333333,0.147679647
17.54666667,0.198216756
17.55,0.198669434
17.55333333,0.202789307
17.55666667,0.193135579
17.56,0.190811157
17.56333333,0.1633962
17.56666667,0.193456014
17.57,0.227035522
17.57333333,0.171656291
17.57666667,0.209070841
17.58,0.201919556
17.58333333,0.178654989
17.58666667,0.178146362
17.59,0.191452026
17.59333333,0.167948405
17.59666667,0.202733358
17.6,0.209197998
17.60333333,0.240244548
17.60666667,0.194371541
17.61,0.198989868
17.61333333,0.171524048
17.61666667,0.170669556
17.62,0.194137573
17.62333333,0.183619181
17.62666667,0.189290365
17.63,0.163955688
17.63333333,0.171763102
17.63666667,0.183466593
17.64,0.200576782
17.64333333,0.155721029
17.64666667,0.205668132
17.65,0.180587769
17.65333333,0.174825033
17.65666667,0.146769206
17.66,0.158081055
17.66333333,0.171930949
17.66666667,0.181452433
17.67,0.232147217
17.67333333,0.201522827
17.67666667,0.204854329
17.68,0.19102478
17.68333333,0.183181763
17.68666667,0.207626343
17.69,0.228042603
17.69333333,0.19615682
17.69666667,0.173431396
17.7,0.217208862
17.70333333,0.249323527
17.70666667,0.218159993
17.71,0.2006073
17.71333333,0.215087891
17.71666667,0.14251709
17.72,0.196884155
17.72333333,0.205195109
17.72666667,0.186126709
17.73,0.22833252
17.73333333,0.183919271
17.73666667,0.184768677
17.74,0.160919189
17.74333333,0.19249471
17.74666667,0.139887492
17.75,0.148773193
17.75333333,0.225987752
17.75666667,0.194046021
17.76,0.201568604
17.76333333,0.147837321
17.76666667,0.154139201
17.77,0.180435181
17.77333333,0.20425415
17.77666667,0.195256551
17.78,0.162017822
17.78333333,0.203959147
17.78666667,0.213302612
17.79,0.186676025
17.79333333,0.193242391
17.79666667,0.228012085
17.8,0.22895813
17.80333333,0.279830933
17.80666667,0.337895711
17.81,0.384796143
17.81333333,0.456339518
17.81666667,0.447311401
17.82,0.443267822
17.82333333,0.437464396
17.82666667,0.337229411
17.83,0.288604736
17.83333333,0.304794312
17.83666667,0.171635946
17.84,0.07510376
17.84333333,-0.007197062
17.84666667,-0.098546346
17.85,-0.114517212
17.85333333,-0.075846354
17.85666667,0.051254272
17.86,0.077789307
17.86333333,0.150604248
17.86666667,0.198974609
17.87,0.234802246
17.87333333,0.256281535
17.87666667,0.248957316
17.88,0.26763916
17.88333333,0.250371297
17.88666667,0.276621501
17.89,0.248901367
17.89333333,0.261586507
17.89666667,0.279973348
17.9,0.276031494
17.90333333,0.319152832
17.90666667,0.269460042
17.91,0.243133545
17.91333333,0.302337646
17.91666667,0.309626261
17.92,0.284378052
17.92333333,0.239613851
17.92666667,0.243499756
17.93,0.240768433
17.93333333,0.303700765
17.93666667,0.31632487
17.94,0.289093018
17.94333333,0.260747274
17.94666667,0.293238322
17.95,0.274658203
17.95333333,0.284154256
17.95666667,0.256922404
17.96,0.278442383
17.96333333,0.267705282
17.96666667,0.279642741
17.97,0.266021729
17.97333333,0.307250977
17.97666667,0.308522542
17.98,0.287734985
17.98333333,0.363388062
17.98666667,0.363332113
17.99,0.386581421
17.99333333,0.339350382
17.99666667,0.303583781
18,0.357437134
18.00333333,0.345153809
18.00666667,0.346705119
18.01,0.36114502
18.01333333,0.350916545
18.01666667,0.38075765
18.02,0.420547485
18.02333333,0.421264648
18.02666667,0.414347331
18.03,0.411224365
18.03333333,0.457763672
18.03666667,0.461954753
18.04,0.473434448
18.04333333,0.492721558
18.04666667,0.478449504
18.05,0.493774414
18.05333333,0.505259196
18.05666667,0.494878133
18.06,0.509277344
18.06333333,0.482991536
18.06666667,0.471038818
18.07,0.481796265
18.07333333,0.478719076
18.07666667,0.527521769
18.08,0.505203247
18.08333333,0.486628215
18.08666667,0.458435059
18.09,0.513763428
18.09333333,0.504989624
18.09666667,0.50281779
18.1,0.477752686
18.10333333,0.460703532
18.10666667,0.467346191
18.11,0.437240601
18.11333333,0.371810913
18.11666667,0.428365072
18.12,0.385482788
18.12333333,0.374287923
18.12666667,0.397165934
18.13,0.406509399
18.13333333,0.40473938
18.13666667,0.356842041
18.14,0.348098755
18.14333333,0.294001261
18.14666667,0.308858236
18.15,0.251541138
18.15333333,0.297159831
18.15666667,0.295267741
18.16,0.244308472
18.16333333,0.192026774
18.16666667,0.208155314
18.17,0.188232422
18.17333333,0.214136759
18.17666667,0.20102946
18.18,0.207458496
18.18333333,0.233968099
18.18666667,0.208694458
18.19,0.187927246
18.19333333,0.241699219
18.19666667,0.219421387
18.2,0.263900757
18.20333333,0.236119588
18.20666667,0.219807943
18.21,0.16217041
18.21333333,0.197041829
18.21666667,0.185724894
18.22,0.212051392
18.22333333,0.178970337
18.22666667,0.236460368
18.23,0.225265503
18.23333333,0.221430461
18.23666667,0.228805542
18.24,0.242431641
18.24333333,0.240117391
18.24666667,0.251937866
18.25,0.254440308
18.25333333,0.257822673
18.25666667,0.258244832
18.26,0.276809692
18.26333333,0.233072917
18.26666667,0.239613851
18.27,0.257995605
18.27333333,0.33114624
18.27666667,0.276301066
18.28,0.257751465
18.28333333,0.284805298
18.28666667,0.259007772
18.29,0.25617981
18.29333333,0.215840658
18.29666667,0.269836426
18.3,0.271682739
18.30333333,0.240010579
18.30666667,0.255157471
18.31,0.30368042
18.31333333,0.301808675
18.31666667,0.320866903
18.32,0.281082153
18.32333333,0.260930379
18.32666667,0.29166158
18.33,0.277984619
18.33333333,0.248336792
18.33666667,0.247670492
18.34,0.299240112
18.34333333,0.253723145
18.34666667,0.221613566
18.35,0.297317505
18.35333333,0.244486491
18.35666667,0.193211873
18.36,0.205444336
18.36333333,0.16956075
18.36666667,0.19917806
18.37,0.1953125
18.37333333,0.174341838
18.37666667,0.159784953
18.38,0.145721436
18.38333333,0.176340739
18.38666667,0.207173665
18.39,0.146224976
18.39333333,0.130157471
18.39666667,0.167826335
18.4,0.192565918
18.40333333,0.19241333
18.40666667,0.19640096
18.41,0.212997437
18.41333333,0.172510783
18.41666667,0.189971924
18.42,0.205444336
18.42333333,0.185129801
18.42666667,0.210077922
18.43,0.217407227
18.43333333,0.206019084
18.43666667,0.217412313
18.44,0.245117188
18.44333333,0.260136922
18.44666667,0.227920532
18.45,0.202865601
18.45333333,0.240463257
18.45666667,0.211395264
18.46,0.230499268
18.46333333,0.185317993
18.46666667,0.196736654
18.47,0.235061646
18.47333333,0.243367513
18.47666667,0.188913981
18.48,0.186157227
18.48333333,0.237960815
18.48666667,0.234522502
18.49,0.225036621
18.49333333,0.185846965
18.49666667,0.202148438
18.5,0.198364258
18.50333333,0.211207072
18.50666667,0.217453003
18.51,0.193847656
18.51333333,0.203191121
18.51666667,0.255813599
18.52,0.204162598
18.52333333,0.200576782
18.52666667,0.201263428
18.53,0.262252808
18.53333333,0.229008993
18.53666667,0.218765259
18.54,0.162506104
18.54333333,0.147521973
18.54666667,0.216837565
18.55,0.231628418
18.55333333,0.218185425
18.55666667,0.24109904
18.56,0.200668335
18.56333333,0.204737345
18.56666667,0.241775513
18.57,0.262664795
18.57333333,0.215693156
18.57666667,0.227416992
18.58,0.2315979
18.58333333,0.223032633
18.58666667,0.245803833
18.59,0.250167847
18.59333333,0.223464966
18.59666667,0.186309814
18.6,0.187530518
18.60333333,0.203089396
18.60666667,0.211893717
18.61,0.189056396
18.61333333,0.194203695
18.61666667,0.274734497
18.62,0.280532837
18.62333333,0.227905273
18.62666667,0.203384399
18.63,0.235321045
18.63333333,0.229949951
18.63666667,0.287160238
18.64,0.248443604
18.64333333,0.233800252
18.64666667,0.250676473
18.65,0.298461914
18.65333333,0.211970011
18.65666667,0.212671916
18.66,0.212356567
18.66333333,0.224609375
18.66666667,0.264867147
18.67,0.228927612
18.67333333,0.232966105
18.67666667,0.194763184
18.68,0.215133667
18.68333333,0.250244141
18.68666667,0.248560588
18.69,0.217834473
18.69333333,0.152791341
18.69666667,0.200078328
18.7,0.200271606
18.70333333,0.233815511
18.70666667,0.249231974
18.71,0.262756348
18.71333333,0.252298991
18.71666667,0.204264323
18.72,0.212875366
18.72333333,0.205134074
18.72666667,0.143371582
18.73,0.186462402
18.73333333,0.275166829
18.73666667,0.259251912
18.74,0.224197388
18.74333333,0.186075846
18.74666667,0.204844157
18.75,0.22354126
18.75333333,0.158218384
18.75666667,0.185394287
18.76,0.178497314
18.76333333,0.172968547
18.76666667,0.171101888
18.77,0.168457031
18.77333333,0.137715658
18.77666667,0.147171021
18.78,0.175415039
18.78333333,0.198186239
18.78666667,0.160212199
18.79,0.222610474
18.79333333,0.17447408
18.79666667,0.199417114
18.8,0.213928223
18.80333333,0.198867798
18.80666667,0.21786499
18.81,0.179092407
18.81333333,0.155141195
18.81666667,0.198771159
18.82,0.164855957
18.82333333,0.139434814
18.82666667,0.190917969
18.83,0.173309326
18.83333333,0.196075439
18.83666667,0.128407796
18.84,0.14616394
18.84333333,0.203277588
18.84666667,0.284434001
18.85,0.325317383
18.85333333,0.374409993
18.85666667,0.409464518
18.86,0.385757446
18.86333333,0.402318319
18.86666667,0.339609782
18.87,0.290298462
18.87333333,0.231384277
18.87666667,0.132130941
18.88,0.05078125
18.88333333,-0.051956177
18.88666667,-0.09491984
18.89,-0.088973999
18.89333333,-0.073028564
18.89666667,-0.05136617
18.9,-0.011291504
18.90333333,0.073898315
18.90666667,0.127243042
18.91,0.188568115
18.91333333,0.222859701
18.91666667,0.235239665
18.92,0.167297363
18.92333333,0.202692668
18.92666667,0.214136759
18.93,0.182769775
18.93333333,0.183588664
18.93666667,0.284830729
18.94,0.202255249
18.94333333,0.228418986
18.94666667,0.220250448
18.95,0.233688354
18.95333333,0.261088053
18.95666667,0.20980835
18.96,0.241592407
18.96333333,0.205607096
18.96666667,0.207595825
18.97,0.203033447
18.97333333,0.220418294
18.97666667,0.245981852
18.98,0.24156189
18.98333333,0.23920695
18.98666667,0.212702433
18.99,0.220794678
18.99333333,0.203379313
18.99666667,0.243011475
19,0.226211548
19.00333333,0.249796549
19.00666667,0.248657227
19.01,0.186431885
19.01333333,0.179875692
19.01666667,0.254313151
19.02,0.272369385
19.02333333,0.275049845
19.02666667,0.235026042
19.03,0.25050354
19.03333333,0.26802063
19.03666667,0.29590861
19.04,0.252975464
19.04333333,0.256907145
19.04666667,0.240071615
19.05,0.301589966
19.05333333,0.348607381
19.05666667,0.290562948
19.06,0.309417725
19.06333333,0.304453532
19.06666667,0.341186523
19.07,0.322570801
19.07333333,0.366943359
19.07666667,0.351918538
19.08,0.366638184
19.08333333,0.407791138
19.08666667,0.370788574
19.09,0.348419189
19.09333333,0.373428345
19.09666667,0.390782674
19.1,0.439758301
19.10333333,0.448389689
19.10666667,0.502049764
19.11,0.539398193
19.11333333,0.512435913
19.11666667,0.533879598
19.12,0.564453125
19.12333333,0.532145182
19.12666667,0.487197876
19.13,0.519851685
19.13333333,0.497538249
19.13666667,0.501078288
19.14,0.468429565
19.14333333,0.505081177
19.14666667,0.494028727
19.15,0.479202271
19.15333333,0.471720378
19.15666667,0.440490723
19.16,0.366897583
19.16333333,0.354736328
19.16666667,0.335693359
19.17,0.3074646
19.17333333,0.290974935
19.17666667,0.26810201
19.18,0.2212677
19.18333333,0.202891032
19.18666667,0.277852376
19.19,0.241378784
19.19333333,0.215484619
19.19666667,0.245651245
19.2,0.24269104
19.20333333,0.20195516
19.20666667,0.202250163
19.21,0.214981079
19.21333333,0.182861328
19.21666667,0.166829427
19.22,0.14024353
19.22333333,0.185557048
19.22666667,0.163808187
19.23,0.216522217
19.23333333,0.215454102
19.23666667,0.210825602
19.24,0.210571289
19.24333333,0.187194824
19.24666667,0.178538005
19.25,0.199890137
19.25333333,0.221842448
19.25666667,0.20475769
19.26,0.158111572
19.26333333,0.160191854
19.26666667,0.156071981
19.27,0.23550415
19.27333333,0.249847412
19.27666667,0.230473836
19.28,0.231781006
19.28333333,0.250701904
19.28666667,0.17712911
19.29,0.168182373
19.29333333,0.243352254
19.29666667,0.256627401
19.3,0.251083374
19.30333333,0.231048584
19.30666667,0.274815877
19.31,0.212341309
19.31333333,0.329025269
19.31666667,0.257212321
19.32,0.222625732
19.32333333,0.217427572
19.32666667,0.23844401
19.33,0.276733398
19.33333333,0.296401978
19.33666667,0.264419556
19.34,0.243804932
19.34333333,0.237848918
19.34666667,0.206298828
19.35,0.224914551
19.35333333,0.209325155
19.35666667,0.261962891
19.36,0.24937439
19.36333333,0.260472616
19.36666667,0.250930786
19.37,0.245147705
19.37333333,0.24945577
19.37666667,0.200820923
19.38,0.240921021
19.38333333,0.256067912
19.38666667,0.272252401
19.39,0.260375977
19.39333333,0.219462077
19.39666667,0.225763957
19.4,0.230102539
19.40333333,0.2168986
19.40666667,0.241424561
19.41,0.222183228
19.41333333,0.234695435
19.41666667,0.220870972
19.42,0.197753906
19.42333333,0.227956136
19.42666667,0.18552653
19.43,0.201873779
19.43333333,0.224227905
19.43666667,0.153671265
19.44,0.114212036
19.44333333,0.137674967
19.44666667,0.164326986
19.45,0.203552246
19.45333333,0.217651367
19.45666667,0.223363241
19.46,0.181381226
19.46333333,0.229700724
19.46666667,0.207087199
19.47,0.177139282
19.47333333,0.245539347
19.47666667,0.253097534
19.48,0.243499756
19.48333333,0.249176025
19.48666667,0.232528687
19.49,0.210266113
19.49333333,0.247202555
19.49666667,0.260604858
19.5,0.248336792
19.50333333,0.260406494
19.50666667,0.271540324
19.51,0.224945068
19.51333333,0.262298584
19.51666667,0.250778198
19.52,0.253234863
19.52333333,0.201583862
19.52666667,0.15910848
19.53,0.187149048
19.53333333,0.191268921
19.53666667,0.191502889
19.54,0.189941406
19.54333333,0.177922567
19.54666667,0.218282064
19.55,0.217590332
19.55333333,0.210840861
19.55666667,0.202641805
19.56,0.234909058
19.56333333,0.224848429
19.56666667,0.223032633
19.57,0.26222229
19.57333333,0.210973104
19.57666667,0.177790324
19.58,0.1690979
19.58333333,0.194168091
19.58666667,0.233576457
19.59,0.198547363
19.59333333,0.20938619
19.59666667,0.216547648
19.6,0.209121704
19.60333333,0.201950073
19.60666667,0.210439046
19.61,0.220657349
19.61333333,0.282958984
19.61666667,0.24869283
19.62,0.224639893
19.62333333,0.244740804
19.62666667,0.175018311
19.63,0.258621216
19.63333333,0.269978841
19.63666667,0.301142375
19.64,0.263076782
19.64333333,0.278406779
19.64666667,0.253601074
19.65,0.263977051
19.65333333,0.274861654
19.65666667,0.287083944
19.66,0.258850098
19.66333333,0.248184204
19.66666667,0.265248617
19.67,0.286712646
19.67333333,0.28094991
19.67666667,0.331700643
19.68,0.287796021
19.68333333,0.300191243
19.68666667,0.307495117
19.69,0.290542603
19.69333333,0.298736572
19.69666667,0.27213033
19.7,0.311431885
19.70333333,0.305007935
19.70666667,0.325800578
19.71,0.348754883
19.71333333,0.308410645
19.71666667,0.317637126
19.72,0.317230225
19.72333333,0.308425903
19.72666667,0.322845459
19.73,0.361862183
19.73333333,0.375315348
19.73666667,0.391067505
19.74,0.351470947
19.74333333,0.407043457
19.74666667,0.350351969
19.75,0.337600708
19.75333333,0.353464762
19.75666667,0.328353882
19.76,0.308868408
19.76333333,0.284515381
19.76666667,0.295308431
19.77,0.355148315
19.77333333,0.394648234
19.77666667,0.381123861
19.78,0.346557617
19.78333333,0.282872518
19.78666667,0.345621745
19.79,0.321746826
19.79333333,0.274464925
19.79666667,0.318318685
19.8,0.296173096
19.80333333,0.332728068
19.80666667,0.315149943
19.81,0.314575195
19.81333333,0.32774353
19.81666667,0.298029582
19.82,0.322952271
19.82333333,0.328542074
19.82666667,0.317367554
19.83,0.346801758
19.83333333,0.374984741
19.83666667,0.390803019
19.84,0.446990967
19.84333333,0.55939738
19.84666667,0.546605428
19.85,0.675125122
19.85333333,0.681681315
19.85666667,0.610234578
19.86,0.514175415
19.86333333,0.416636149
19.86666667,0.395151774
19.87,0.291000366
19.87333333,0.20984904
19.87666667,0.188908895
19.88,0.106689453
19.88333333,0.107599894
19.88666667,0.071146647
19.89,0.05229187
19.89333333,0.089111328
19.89666667,0.115188599
19.9,0.117111206
19.90333333,0.196792603
19.90666667,0.205571493
19.91,0.235824585
19.91333333,0.224070231
19.91666667,0.290552775
19.92,0.357406616
19.92333333,0.333104451
19.92666667,0.351369222
19.93,0.303421021
19.93333333,0.296096802
19.93666667,0.330337524
19.94,0.348068237
19.94333333,0.330881755
19.94666667,0.356262207
19.95,0.351257324
19.95333333,0.363276164
19.95666667,0.402170817
19.96,0.346237183
19.96333333,0.379948934
19.96666667,0.366236369
19.97,0.345687866
19.97333333,0.334187826
19.97666667,0.292236328
19.98,0.346557617
19.98333333,0.35929362
19.98666667,0.376052856
19.99,0.382888794
19.99333333,0.355560303
19.99666667,0.372243245
20,0.391387939
20.00333333,0.401560465
20.00666667,0.368754069
20.01,0.362182617
20.01333333,0.386072795
20.01666667,0.392405192
20.02,0.360916138
20.02333333,0.399617513
20.02666667,0.32703654
20.03,0.372909546
20.03333333,0.391693115
20.03666667,0.401051839
20.04,0.369613647
20.04333333,0.400945028
20.04666667,0.407302856
20.05,0.406494141
20.05333333,0.447743734
20.05666667,0.406489054
20.06,0.37310791
20.06333333,0.368672689
20.06666667,0.424219767
20.07,0.481613159
20.07333333,0.480148315
20.07666667,0.430760701
20.08,0.458618164
20.08333333,0.472513835
20.08666667,0.454564412
20.09,0.409011841
20.09333333,0.399419149
20.09666667,0.44887797
20.1,0.471801758
20.10333333,0.49899292
20.10666667,0.457117716
20.11,0.524353027
20.11333333,0.503112793
20.11666667,0.485102336
20.12,0.499816895
20.12333333,0.468109131
20.12666667,0.519312541
20.13,0.524887085
20.13333333,0.489934285
20.13666667,0.453898112
20.14,0.475708008
20.14333333,0.507990519
20.14666667,0.480367025
20.15,0.456008911
20.15333333,0.444473267
20.15666667,0.428263346
20.16,0.422058105
20.16333333,0.404754639
20.16666667,0.355275472
20.17,0.395568848
20.17333333,0.37353007
20.17666667,0.312286377
20.18,0.316894531
20.18333333,0.310923258
20.18666667,0.33610026
20.19,0.306762695
20.19333333,0.283696493
20.19666667,0.298950195
20.2,0.341110229
20.20333333,0.325480143
20.20666667,0.301752726
20.21,0.23815918
20.21333333,0.198176066
20.21666667,0.26532491
20.22,0.264724731
20.22333333,0.283228556
20.22666667,0.268447876
20.23,0.30128479
20.23333333,0.303090413
20.23666667,0.308639526
20.24,0.267044067
20.24333333,0.260757446
20.24666667,0.295043945
20.25,0.327301025
20.25333333,0.307662964
20.25666667,0.286819458
20.26,0.283203125
20.26333333,0.299102783
20.26666667,0.289281209
20.27,0.23135376
20.27333333,0.246541341
20.27666667,0.25533549
20.28,0.267791748
20.28333333,0.286076864
20.28666667,0.255889893
20.29,0.284454346
20.29333333,0.268280029
20.29666667,0.268824259
20.3,0.267868042
20.30333333,0.286061605
20.30666667,0.272994995
20.31,0.254470825
20.31333333,0.268366496
20.31666667,0.246785482
20.32,0.246566772
20.32333333,0.294311523
20.32666667,0.233917236
20.33,0.253662109
20.33333333,0.271479289
20.33666667,0.253575643
20.34,0.262405396
20.34333333,0.262873332
20.34666667,0.254643758
20.35,0.263977051
20.35333333,0.268549601
20.35666667,0.231018066
20.36,0.211502075
20.36333333,0.192825317
20.36666667,0.16708374
20.37,0.201049805
20.37333333,0.151433309
20.37666667,0.226801554
20.38,0.280914307
20.38333333,0.233078003
20.38666667,0.214706421
20.39,0.230209351
20.39333333,0.180007935
20.39666667,0.177378337
20.4,0.22857666
20.40333333,0.19367981
20.40666667,0.244232178
20.41,0.317428589
20.41333333,0.243927002
20.41666667,0.248336792
20.42,0.226745605
20.42333333,0.264200846
20.42666667,0.242818197
20.43,0.252410889
20.43333333,0.219726563
20.43666667,0.206247965
20.44,0.219863892
20.44333333,0.24327596
20.44666667,0.192637126
20.45,0.180206299
20.45333333,0.247665405
20.45666667,0.204452515
20.46,0.129211426
20.46333333,0.245417277
20.46666667,0.18447876
20.47,0.186889648
20.47333333,0.211171468
20.47666667,0.222646077
20.48,0.224365234
20.48333333,0.222498576
20.48666667,0.189493815
20.49,0.1980896
20.49333333,0.181294759
20.49666667,0.187611898
20.5,0.157928467
20.50333333,0.188980103
20.50666667,0.213078817
20.51,0.183425903
20.51333333,0.227783203
20.51666667,0.192820231
20.52,0.205001831
20.52333333,0.211888631
20.52666667,0.213531494
20.53,0.25213623
20.53333333,0.222524007
20.53666667,0.234196981
20.54,0.230773926
20.54333333,0.176411947
20.54666667,0.21178182
20.55,0.242156982
20.55333333,0.294850667
20.55666667,0.247467041
20.56,0.235153198
20.56333333,0.237294515
20.56666667,0.298436483
20.57,0.225448608
20.57333333,0.246922811
20.57666667,0.21210734
20.58,0.249313354
20.58333333,0.218836466
20.58666667,0.271687826
20.59,0.230285645
20.59333333,0.193054199
20.59666667,0.165461222
20.6,0.183258057
20.60333333,0.219614665
20.60666667,0.187464396
20.61,0.163208008
20.61333333,0.159901937
20.61666667,0.156046549
20.62,0.145965576
20.62333333,0.158711751
20.62666667,0.17241923
20.63,0.151275635
20.63333333,0.148417155
20.63666667,0.21593221
20.64,0.187133789
20.64333333,0.140563965
20.64666667,0.222585042
20.65,0.177841187
20.65333333,0.231506348
20.65666667,0.240392049
20.66,0.22253418
20.66333333,0.232950846
20.66666667,0.264612834
20.67,0.264190674
20.67333333,0.240315755
20.67666667,0.246999105
20.68,0.201065063
20.68333333,0.215326945
20.68666667,0.197092692
20.69,0.263824463
20.69333333,0.215393066
20.69666667,0.262939453
20.7,0.261993408
20.70333333,0.289972941
20.70666667,0.29326884
20.71,0.195465088
20.71333333,0.233184814
20.71666667,0.254821777
20.72,0.272201538
20.72333333,0.223856608
20.72666667,0.204264323
20.73,0.228683472
20.73333333,0.234858195
20.73666667,0.259302775
20.74,0.221008301
20.74333333,0.220525106
20.74666667,0.19086202
20.75,0.25062561
20.75333333,0.272638957
20.75666667,0.219736735
20.76,0.213638306
20.76333333,0.198465983
20.76666667,0.200551351
20.77,0.191741943
20.77333333,0.199686686
20.77666667,0.144373576
20.78,0.179168701
20.78333333,0.177892049
20.78666667,0.203943888
20.79,0.184631348
20.79333333,0.237248739
20.79666667,0.244115194
20.8,0.324859619
20.80333333,0.369511922
20.80666667,0.383488973
20.81,0.416107178
20.81333333,0.499867757
20.81666667,0.474650065
20.82,0.397521973
20.82333333,0.310272217
20.82666667,0.280192057
20.83,0.222824097
20.83333333,0.164286296
20.83666667,0.088551839
20.84,0.034439087
20.84333333,-0.076705933
20.84666667,-0.122126261
20.85,-0.093002319
20.85333333,-0.073867798
20.85666667,-0.04397583
20.86,0.016723633
20.86333333,0.062194824
20.86666667,0.157190959
20.87,0.154174805
20.87333333,0.195439657
20.87666667,0.216110229
20.88,0.129928589
20.88333333,0.155436198
20.88666667,0.213383993
20.89,0.213348389
20.89333333,0.171010335
20.89666667,0.199671427
20.9,0.199508667
20.90333333,0.237508138
20.90666667,0.209696452
20.91,0.204284668
20.91333333,0.226531982
20.91666667,0.230026245
20.92,0.227645874
20.92333333,0.175389608
20.92666667,0.186406453
20.93,0.186050415
20.93333333,0.211486816
20.93666667,0.254887899
20.94,0.244400024
20.94333333,0.259409587
20.94666667,0.253595988
20.95,0.22315979
20.95333333,0.262318929
20.95666667,0.215886434
20.96,0.262695312
20.96333333,0.24899292
20.96666667,0.271174113
20.97,0.262496948
20.97333333,0.241541545
20.97666667,0.267512004
20.98,0.276916504
20.98333333,0.272420247
20.98666667,0.275695801
20.99,0.250534058
20.99333333,0.255503337
20.99666667,0.312149048
21,0.302124023
21.00333333,0.285425822
21.00666667,0.251413981
21.01,0.288192749
21.01333333,0.333028158
21.01666667,0.360870361
21.02,0.356491089
21.02333333,0.374984741
21.02666667,0.357767741
21.03,0.353424072
21.03333333,0.299784342
21.03666667,0.37995402
21.04,0.365478516
21.04333333,0.399678548
21.04666667,0.387313843
21.05,0.405426025
21.05333333,0.422749837
21.05666667,0.404713949
21.06,0.39263916
21.06333333,0.400075277
21.06666667,0.383097331
21.07,0.373275757
21.07333333,0.38516744
21.07666667,0.431635539
21.08,0.377838135
21.08333333,0.40397644
21.08666667,0.390213013
21.09,0.407485962
21.09333333,0.332285563
21.09666667,0.291493734
21.1,0.373840332
21.10333333,0.344202677
21.10666667,0.324539185
21.11,0.290023804
21.11333333,0.261474609
21.11666667,0.253346761
21.12,0.234512329
21.12333333,0.238723755
21.12666667,0.193303426
21.13,0.154159546
21.13333333,0.193786621
21.13666667,0.206675212
21.14,0.156021118
21.14333333,0.164398193
21.14666667,0.138183594
21.15,0.157546997
21.15333333,0.115951538
21.15666667,0.125350952
21.16,0.121337891
21.16333333,0.113698324
21.16666667,0.098927816
21.17,0.19581604
21.17333333,0.107844035
21.17666667,0.123474121
21.18,0.192764282
21.18333333,0.15741984
21.18666667,0.132720947
21.19,0.148788452
21.19333333,0.134419759
21.19666667,0.152318319
21.2,0.118408203
21.20333333,0.142842611
21.20666667,0.097539266
21.21,0.159057617
21.21333333,0.106104533
21.21666667,0.124816895
21.22,0.163146973
21.22333333,0.121963501
21.22666667,0.13092041
21.23,0.10357666
21.23333333,0.135116577
21.23666667,0.158187866
21.24,0.141265869
21.24333333,0.136622111
21.24666667,0.117935181
21.25,0.133895874
21.25333333,0.12147522
21.25666667,0.119995117
21.26,0.127563477
21.26333333,0.128692627
21.26666667,0.145517985
21.27,0.151519775
21.27333333,0.115468343
21.27666667,0.155131022
21.28,0.167236328
21.28333333,0.146865845
21.28666667,0.170379639
21.29,0.156951904
21.29333333,0.136891683
21.29666667,0.141499837
21.3,0.14175415
21.30333333,0.168019613
21.30666667,0.166554769
21.31,0.192779541
21.31333333,0.192270915
21.31666667,0.154647827
21.32,0.214050293
21.32333333,0.197535197
21.32666667,0.172917684
21.33,0.201416016
21.33333333,0.224049886
21.33666667,0.251998901
21.34,0.223617554
21.34333333,0.205012004
21.34666667,0.172286987
21.35,0.211715698
21.35333333,0.245325724
21.35666667,0.192911784
21.36,0.214523315
21.36333333,0.206232707
21.36666667,0.200322469
21.37,0.220031738
21.37333333,0.220016479
21.37666667,0.195632935
21.38,0.202148437
21.38333333,0.200780233
21.38666667,0.216206868
21.39,0.235366821
21.39333333,0.217793783
21.39666667,0.225855509
21.4,0.20324707
21.40333333,0.246190389
21.40666667,0.238286336
21.41,0.214523315
21.41333333,0.228790283
21.41666667,0.226084391
21.42,0.200958252
21.42333333,0.186167399
21.42666667,0.192820231
21.43,0.208480835
21.43333333,0.229237874
21.43666667,0.208633423
21.44,0.188323975
21.44333333,0.211949666
21.44666667,0.231236776
21.45,0.21194458
21.45333333,0.200866699
21.45666667,0.204279582
21.46,0.213516235
21.46333333,0.191497803
21.46666667,0.239257812
21.47,0.213821411
21.47333333,0.201075236
21.47666667,0.165115356
21.48,0.208984375
21.48333333,0.18389384
21.48666667,0.277669271
21.49,0.273681641
21.49333333,0.249450684
21.49666667,0.267201742
21.5,0.178146362
21.50333333,0.232493083
21.50666667,0.266042074
21.51,0.192703247
21.51333333,0.194056193
21.51666667,0.209935506
21.52,0.183227539
21.52333333,0.232487996
21.52666667,0.255681356
21.53,0.220535278
21.53333333,0.240071615
21.53666667,0.230295817
21.54,0.219650269
21.54333333,0.224767049
21.54666667,0.244959513
21.55,0.249633789
21.55333333,0.226252238
21.55666667,0.214014689
21.56,0.226501465
21.56333333,0.261408488
21.56666667,0.243555705
21.57,0.248931885
21.57333333,0.29452006
21.57666667,0.316853841
21.58,0.263061523
21.58333333,0.254313151
21.58666667,0.328898112
21.59,0.281539917
21.59333333,0.273111979
21.59666667,0.278808594
21.6,0.274810791
21.60333333,0.253275553
21.60666667,0.259862264
21.61,0.230422974
21.61333333,0.301508586
21.61666667,0.244166056
21.62,0.276382446
21.62333333,0.226954142
21.62666667,0.238535563
21.63,0.268753052
21.63333333,0.256576538
21.63666667,0.216644287
21.64,0.252441406
21.64333333,0.22756958
21.64666667,0.197916667
21.65,0.222396851
21.65333333,0.238733927
21.65666667,0.315338135
21.66,0.260742187
21.66333333,0.29149882
21.66666667,0.284449259
21.67,0.285507202
21.67333333,0.30438741
21.67666667,0.291453044
21.68,0.251907349
21.68333333,0.334523519
21.68666667,0.326522827
21.69,0.310821533
21.69333333,0.345128377
21.69666667,0.337183634
21.7,0.337295532
21.70333333,0.311462402
21.70666667,0.306528727
21.71,0.293563843
21.71333333,0.307963053
21.71666667,0.296020508
21.72,0.297790527
21.72333333,0.282292684
21.72666667,0.282857259
21.73,0.268203735
21.73333333,0.296961466
21.73666667,0.269663493
21.74,0.281326294
21.74333333,0.272196452
21.74666667,0.302174886
21.75,0.264358521
21.75333333,0.295720418
21.75666667,0.217447917
21.76,0.241363525
21.76333333,0.267008464
21.76666667,0.264002482
21.77,0.31211853
21.77333333,0.266179403
21.77666667,0.237803141
21.78,0.231903076
21.78333333,0.221659342
21.78666667,0.215998332
21.79,0.225448608
21.79333333,0.320785522
21.79666667,0.351938883
21.8,0.348129272
21.80333333,0.378931681
21.80666667,0.455312093
21.81,0.446868896
21.81333333,0.456497192
21.81666667,0.470504761
21.82,0.405456543
21.82333333,0.363728841
21.82666667,0.315923055
21.83,0.290328979
21.83333333,0.193150838
21.83666667,0.056777954
21.84,-0.036361694
21.84333333,-0.051060994
21.84666667,-0.085678101
21.85,-0.030593872
21.85333333,0.046727498
21.85666667,0.061228434
21.86,0.141036987
21.86333333,0.285593669
21.86666667,0.283584595
21.87,0.255950928
21.87333333,0.258794149
21.87666667,0.241984049
21.88,0.213012695
21.88333333,0.234807332
21.88666667,0.272603353
21.89,0.242355347
21.89333333,0.269292196
21.89666667,0.291422526
21.9,0.300292969
21.90333333,0.309565226
21.90666667,0.253748576
21.91,0.263366699
21.91333333,0.284606934
21.91666667,0.275293986
21.92,0.281890869
21.92333333,0.26860555
21.92666667,0.246271769
21.93,0.315673828
21.93333333,0.274276733
21.93666667,0.331263224
21.94,0.293243408
21.94333333,0.253682454
21.94666667,0.315622965
21.95,0.297622681
21.95333333,0.309331258
21.95666667,0.320241292
21.96,0.29914856
21.96333333,0.299748739
21.96666667,0.366999308
21.97,0.353286743
21.97333333,0.316574097
21.97666667,0.36509196
21.98,0.37336731
21.98333333,0.37823995
21.98666667,0.386062622
21.99,0.352676392
21.99333333,0.376571655
21.99666667,0.396774292
22,0.370407104
22.00333333,0.380167643
22.00666667,0.413513184
22.01,0.403045654
22.01333333,0.397659302
22.01666667,0.412699382
22.02,0.445861816
22.02333333,0.39104716
22.02666667,0.425231934
22.03,0.43711853
22.03333333,0.437469482
22.03666667,0.453089396
22.04,0.479095459
22.04333333,0.471430461
22.04666667,0.5262146
22.05,0.504302979
22.05333333,0.528554281
22.05666667,0.469197591
22.06,0.498657227
22.06333333,0.530899048
22.06666667,0.552851359
22.07,0.537918091
22.07333333,0.48836263
22.07666667,0.568817139
22.08,0.536392212
22.08333333,0.522359212
22.08666667,0.538238525
22.09,0.541915894
22.09333333,0.51546224
22.09666667,0.497380575
22.1,0.493392944
22.10333333,0.471277873
22.10666667,0.416056315
22.11,0.45149231
22.11333333,0.391779582
22.11666667,0.376281738
22.12,0.344146729
22.12333333,0.332351685
22.12666667,0.37616984
22.13,0.398361206
22.13333333,0.327911377
22.13666667,0.298309326
22.14,0.273696899
22.14333333,0.30611674
22.14666667,0.263514201
22.15,0.345001221
22.15333333,0.330052694
22.15666667,0.332667033
22.16,0.270568848
22.16333333,0.297785441
22.16666667,0.310770671
22.17,0.309555054
22.17333333,0.298863729
22.17666667,0.292338053
22.18,0.281570435
22.18333333,0.254770915
22.18666667,0.267522176
22.19,0.256698608
22.19333333,0.306050618
22.19666667,0.252614339
22.2,0.279312134
22.20333333,0.28372701
22.20666667,0.249786377
22.21,0.251876831
22.21333333,0.261154175
22.21666667,0.241978963
22.22,0.245758057
22.22333333,0.201629639
22.22666667,0.258026123
22.23,0.279602051
22.23333333,0.242538452
22.23666667,0.269785563
22.24,0.272232056
22.24333333,0.26776123
22.24666667,0.243423462
22.25,0.272750854
22.25333333,0.278203328
22.25666667,0.221471151
22.26,0.246383667
22.26333333,0.27305603
22.26666667,0.20673116
22.27,0.233306885
22.27333333,0.169891357
22.27666667,0.170878092
22.28,0.212402344
22.28333333,0.196126302
22.28666667,0.224411011
22.29,0.221786499
22.29333333,0.201187134
22.29666667,0.223882039
22.3,0.224990845
22.30333333,0.272232056
22.30666667,0.189666748
22.31,0.194381714
22.31333333,0.165776571
22.31666667,0.162480672
22.32,0.167114258
22.32333333,0.223185221
22.32666667,0.19841512
22.33,0.121154785
22.33333333,0.191370646
22.33666667,0.12383016
22.34,0.171798706
22.34333333,0.204305013
22.34666667,0.216985067
22.35,0.227279663
22.35333333,0.222396851
22.35666667,0.206553141
22.36,0.172515869
22.36333333,0.186589559
22.36666667,0.175526937
22.37,0.176605225
22.37333333,0.151662191
22.37666667,0.182301839
22.38,0.171829224
22.38333333,0.155995687
22.38666667,0.187871297
22.39,0.171127319
22.39333333,0.165217082
22.39666667,0.177515666
22.4,0.174636841
22.40333333,0.155354818
22.40666667,0.143793742
22.41,0.14453125
22.41333333,0.155054728
22.41666667,0.170008341
22.42,0.171188354
22.42333333,0.154012044
22.42666667,0.191045125
22.43,0.137283325
22.43333333,0.155181885
22.43666667,0.091217041
22.44,0.070877075
22.44333333,0.158370972
22.44666667,0.116729736
22.45,0.08102417
22.45333333,0.135625203
22.45666667,0.106725057
22.46,0.090286255
22.46333333,0.180903117
22.46666667,0.104853312
22.47,0.167312622
22.47333333,0.13818868
22.47666667,0.13323466
22.48,0.170120239
22.48333333,0.142084757
22.48666667,0.147252401
22.49,0.127151489
22.49333333,0.198582967
22.49666667,0.1615448
22.5,0.120925903
22.50333333,0.166605632
22.50666667,0.167872111
22.51,0.166900635
22.51333333,0.167556763
22.51666667,0.176518758
22.52,0.168106079
22.52333333,0.176350911
22.52666667,0.17938741
22.53,0.18862915
22.53333333,0.173670451
22.53666667,0.13567098
22.54,0.15852356
22.54333333,0.166183472
22.54666667,0.176106771
22.55,0.197143555
22.55333333,0.215281169
22.55666667,0.151855469
22.56,0.153152466
22.56333333,0.160878499
22.56666667,0.139007568
22.57,0.164810181
22.57333333,0.15149943
22.57666667,0.173461914
22.58,0.155929565
22.58333333,0.169626872
22.58666667,0.170750936
22.59,0.188949585
22.59333333,0.159968058
22.59666667,0.156524658
22.6,0.164031982
22.60333333,0.259414673
22.60666667,0.186828613
22.61,0.19984436
22.61333333,0.212565104
22.61666667,0.177230835
22.62,0.172286987
22.62333333,0.182998657
22.62666667,0.178278605
22.63,0.243240356
22.63333333,0.234196981
22.63666667,0.209421794
22.64,0.2003479
22.64333333,0.229985555
22.64666667,0.215220133
22.65,0.240097046
22.65333333,0.260813395
22.65666667,0.209172567
22.66,0.207641602
22.66333333,0.206720988
22.66666667,0.254567464
22.67,0.28074646
22.67333333,0.209009806
22.67666667,0.199371338
22.68,0.227416992
22.68333333,0.217234294
22.68666667,0.219985962
22.69,0.215194702
22.69333333,0.256022135
22.69666667,0.299001058
22.7,0.308761597
22.70333333,0.294555664
22.70666667,0.289037069
22.71,0.318740845
22.71333333,0.263341268
22.71666667,0.258280436
22.72,0.259399414
22.72333333,0.217681885
22.72666667,0.241078695
22.73,0.264160156
22.73333333,0.277837118
22.73666667,0.266825358
22.74,0.237701416
22.74333333,0.243225098
22.74666667,0.240905762
22.75,0.20980835
22.75333333,0.24512736
22.75666667,0.245229085
22.76,0.267532349
22.76333333,0.22307841
22.76666667,0.209248861
22.77,0.246017456
22.77333333,0.206324259
22.77666667,0.25449117
22.78,0.212158203
22.78333333,0.25739034
22.78666667,0.208068848
22.79,0.240371704
22.79333333,0.252268473
22.79666667,0.24915568
22.8,0.290145874
22.80333333,0.374969482
22.80666667,0.408187866
22.81,0.479476929
22.81333333,0.504567464
22.81666667,0.529581706
22.82,0.535949707
22.82333333,0.487645467
22.82666667,0.442026774
22.83,0.405014038
22.83333333,0.346501668
22.83666667,0.304855347
22.84,0.13973999
22.84333333,0.067611694
22.84666667,-0.022104899
22.85,-0.056838989
22.85333333,-0.056391398
22.85666667,-0.031870524
22.86,-0.043563843
22.86333333,0.026524862
22.86666667,0.073903402
22.87,0.112609863
22.87333333,0.145411174
22.87666667,0.210708618
22.88,0.254394531
22.88333333,0.214436849
22.88666667,0.184483846
22.89,0.209976196
22.89333333,0.218755086
22.89666667,0.234308879
22.9,0.249176025
22.90333333,0.215942383
22.90666667,0.253712972
22.91,0.235534668
22.91333333,0.238337199
22.91666667,0.237147013
22.92,0.294372559
22.92333333,0.289128621
22.92666667,0.261088053
22.93,0.281539917
22.93333333,0.277659098
22.93666667,0.315851847
22.94,0.297683716
22.94333333,0.269439697
22.94666667,0.286692301
22.95,0.29876709
22.95333333,0.263839722
22.95666667,0.23008728
22.96,0.248138428
22.96333333,0.304789225
22.96666667,0.304107666
22.97,0.294906616
22.97333333,0.313919067
22.97666667,0.31787618
22.98,0.279632568
22.98333333,0.303370158
22.98666667,0.37264506
22.99,0.325286865
22.99333333,0.346430461
22.99666667,0.362060547
23,0.372695923
23.00333333,0.361480713
23.00666667,0.359659831
23.01,0.373092651
23.01333333,0.387278239
23.01666667,0.311406453
23.02,0.357788086
23.02333333,0.327051799
23.02666667,0.318262736
23.03,0.37336731
23.03333333,0.361124674
23.03666667,0.381240845
23.04,0.421966553
23.04333333,0.477844238
23.04666667,0.464274089
23.05,0.440292358
23.05333333,0.448898315
23.05666667,0.408106486
23.06,0.421707153
23.06333333,0.396682739
23.06666667,0.457204183
23.07,0.453887939
23.07333333,0.435826619
23.07666667,0.478464762
23.08,0.465423584
23.08333333,0.480524699
23.08666667,0.520792643
23.09,0.479003906
23.09333333,0.476191203
23.09666667,0.479487101
23.1,0.457305908
23.10333333,0.485183716
23.10666667,0.415822347
23.11,0.433074951
23.11333333,0.485285441
23.11666667,0.425084432
23.12,0.397476196
23.12333333,0.358901978
23.12666667,0.325932821
23.13,0.333938599
23.13333333,0.330785116
23.13666667,0.32224528
23.14,0.304855347
23.14333333,0.297526042
23.14666667,0.280410767
23.15,0.239181519
23.15333333,0.273422241
23.15666667,0.239613851
23.16,0.24395752
23.16333333,0.23135376
23.16666667,0.23282369
23.17,0.242660522
23.17333333,0.212860107
23.17666667,0.203847249
23.18,0.21585083
23.18333333,0.249735514
23.18666667,0.243530273
23.19,0.224807739
23.19333333,0.181859334
23.19666667,0.20950826
23.2,0.238494873
23.20333333,0.227559408
23.20666667,0.183064779
23.21,0.209915161
23.21333333,0.172739665
23.21666667,0.218276978
23.22,0.210647583
23.22333333,0.210683187
23.22666667,0.191289266
23.23,0.202774048
23.23333333,0.252278646
23.23666667,0.267003377
23.24,0.254684448
23.24333333,0.25108846
23.24666667,0.204401652
23.25,0.204086304
23.25333333,0.248265584
23.25666667,0.224619548
23.26,0.261184692
23.26333333,0.196105957
23.26666667,0.226084391
23.27,0.218688965
23.27333333,0.178126017
23.27666667,0.152516683
23.28,0.184020996
23.28333333,0.245920817
23.28666667,0.216547648
23.29,0.195678711
23.29333333,0.243347168
23.29666667,0.24079895
23.3,0.210647583
23.30333333,0.208211263
23.30666667,0.170425415
23.31,0.150405884
23.31333333,0.210154215
23.31666667,0.269470215
23.32,0.219970703
23.32333333,0.20858256
23.32666667,0.18687439
23.33,0.200790405
23.33333333,0.193277995
23.33666667,0.201121012
23.34,0.16835022
23.34333333,0.17960612
23.34666667,0.193308512
23.35,0.199356079
23.35333333,0.225580851
23.35666667,0.181950887
23.36,0.140640259
23.36333333,0.138783773
23.36666667,0.176467896
23.37,0.185699463
23.37333333,0.156845093
23.37666667,0.173146566
23.38,0.148666382
23.38333333,0.148544312
23.38666667,0.159764608
23.39,0.207321167
23.39333333,0.193110148
23.39666667,0.191716512
23.4,0.207443237
23.40333333,0.169235229
23.40666667,0.174718221
23.41,0.221511841
23.41333333,0.164911906
23.41666667,0.152587891
23.42,0.189743042
23.42333333,0.144185384
23.42666667,0.162434896
23.43,0.151672363
23.43333333,0.19106547
23.43666667,0.202072144
23.44,0.192108154
23.44333333,0.167353312
23.44666667,0.201253255
23.45,0.176467896
23.45333333,0.174616496
23.45666667,0.155303955
23.46,0.178359985
23.46333333,0.205952962
23.46666667,0.237045288
23.47,0.203063965
23.47333333,0.20085144
23.47666667,0.204116821
23.48,0.180282593
23.48333333,0.201619466
23.48666667,0.201868693
23.49,0.206298828
23.49333333,0.198989868
23.49666667,0.207087199
23.5,0.184631348
23.50333333,0.23576355
23.50666667,0.192169189
23.51,0.240661621
23.51333333,0.19052124
23.51666667,0.199584961
23.52,0.191833496
23.52333333,0.158152262
23.52666667,0.128229777
23.53,0.183258057
23.53333333,0.182139079
23.53666667,0.204243978
23.54,0.215118408
23.54333333,0.164428711
23.54666667,0.17469279
23.55,0.181503296
23.55333333,0.201217651
23.55666667,0.139272054
23.56,0.145462036
23.56333333,0.149027507
23.56666667,0.202891032
23.57,0.218704224
23.57333333,0.204579671
23.57666667,0.157526652
23.58,0.162582397
23.58333333,0.249989827
23.58666667,0.173248291
23.59,0.12197876
23.59333333,0.125132243
23.59666667,0.181788127
23.6,0.15045166
23.60333333,0.194051107
23.60666667,0.219095866
23.61,0.248718262
23.61333333,0.179423014
23.61666667,0.231908162
23.62,0.211135864
23.62333333,0.206507365
23.62666667,0.201853434
23.63,0.162567139
23.63333333,0.207722982
23.63666667,0.226918538
23.64,0.226348877
23.64333333,0.212387085
23.64666667,0.219996134
23.65,0.208358765
23.65333333,0.204533895
23.65666667,0.199071248
23.66,0.251754761
23.66333333,0.264933268
23.66666667,0.281778971
23.67,0.309967041
23.67333333,0.272679647
23.67666667,0.305211385
23.68,0.281097412
23.68333333,0.315729777
23.68666667,0.201344808
23.69,0.260116577
23.69333333,0.236857096
23.69666667,0.238255819
23.7,0.259017944
23.70333333,0.248743693
23.70666667,0.249440511
23.71,0.256134033
23.71333333,0.249053955
23.71666667,0.233891805
23.72,0.261306763
23.72333333,0.296946208
23.72666667,0.296819051
23.73,0.257995605
23.73333333,0.257339478
23.73666667,0.274230957
23.74,0.28125
23.74333333,0.278884888
23.74666667,0.281473796
23.75,0.299453735
23.75333333,0.276753743
23.75666667,0.29115804
23.76,0.281051636
23.76333333,0.255208333
23.76666667,0.31771342
23.77,0.38822937
23.77333333,0.409250895
23.77666667,0.47954305
23.78,0.500564575
23.78333333,0.595245361
23.78666667,0.594848633
23.79,0.532043457
23.79333333,0.433939616
23.79666667,0.341664632
23.8,0.378036499
23.80333333,0.225179036
23.80666667,0.137868245
23.81,0.087081909
23.81333333,0.060770671
23.81666667,0.030899048
23.82,0.007461548
23.82333333,0.034184774
23.82666667,-0.001378377
23.83,0.036560059
23.83333333,0.187428792
23.83666667,0.194941203
23.84,0.204818726
23.84333333,0.226557414
23.84666667,0.254308065
23.85,0.274658203
23.85333333,0.280553182
23.85666667,0.239049276
23.86,0.255249023
23.86333333,0.288777669
23.86666667,0.249862671
23.87,0.27305603
23.87333333,0.251103719
23.87666667,0.254648844
23.88,0.284408569
23.88333333,0.254770915
23.88666667,0.24647522
23.89,0.330230713
23.89333333,0.304748535
23.89666667,0.272781372
23.9,0.264968872
23.90333333,0.256317139
23.90666667,0.282363892
23.91,0.325286865
23.91333333,0.299713135
23.91666667,0.286610921
23.92,0.293807983
23.92333333,0.343419393
23.92666667,0.346995036
23.93,0.332733154
23.93333333,0.340627035
23.93666667,0.351323446
23.94,0.353393555
23.94333333,0.345825195
23.94666667,0.333134969
23.95,0.338134766
23.95333333,0.350285848
23.95666667,0.370122274
23.96,0.296829224
23.96333333,0.346542358
23.96666667,0.382207235
23.97,0.414550781
23.97333333,0.33102417
23.97666667,0.340398153
23.98,0.360900879
23.98333333,0.444895426
23.98666667,0.422424316
23.99,0.364349365
23.99333333,0.413564046
23.99666667,0.38394165
24,0.400161743
24.00333333,0.429234823
24.00666667,0.406336466
24.01,0.415176392
24.01333333,0.440068563
24.01666667,0.443700155
24.02,0.453445435
24.02333333,0.49067688
24.02666667,0.447540283
24.03,0.449523926
24.03333333,0.427118937
24.03666667,0.456995646
24.04,0.437973022
24.04333333,0.475972493
24.04666667,0.482884725
24.05,0.503845215
24.05333333,0.523452759
24.05666667,0.508270264
24.06,0.479003906
24.06333333,0.454391479
24.06666667,0.451558431
24.07,0.447967529
24.07333333,0.467692057
24.07666667,0.407674154
24.08,0.393951416
24.08333333,0.423558553
24.08666667,0.397913615
24.09,0.329788208
24.09333333,0.38424174
24.09666667,0.299860636
24.1,0.288772583
24.10333333,0.308629354
24.10666667,0.280604045
24.11,0.22064209
24.11333333,0.231842041
24.11666667,0.217920939
24.12,0.250076294
24.12333333,0.214731852
24.12666667,0.184646606
24.13,0.1743927
24.13333333,0.246429443
24.13666667,0.242680868
24.14,0.215026855
24.14333333,0.213867188
24.14666667,0.217046102
24.15,0.189743042
24.15333333,0.234593709
24.15666667,0.190572103
24.16,0.230804443
24.16333333,0.222981771
24.16666667,0.211588542
24.17,0.177352905
24.17333333,0.20594279
24.17666667,0.236424764
24.18,0.172119141
24.18333333,0.205459595
24.18666667,0.174453735
24.19,0.148483276
24.19333333,0.15737915
24.19666667,0.196243286
24.2,0.145263672
24.20333333,0.138285319
24.20666667,0.150594076
24.21,0.114089966
24.21333333,0.117589315
24.21666667,0.182393392
24.22,0.193161011
24.22333333,0.150400798
24.22666667,0.08833313
24.23,0.167175293
24.23333333,0.149561564
24.23666667,0.174850464
24.24,0.153686523
24.24333333,0.164744059
24.24666667,0.191919963
24.25,0.200271606
24.25333333,0.251917521
24.25666667,0.178314209
24.26,0.144882202
24.26333333,0.172383626
24.26666667,0.172780355
24.27,0.229187012
24.27333333,0.231389364
24.27666667,0.223246257
24.28,0.236465454
24.28333333,0.242640177
24.28666667,0.190434774
24.29,0.279373169
24.29333333,0.246470133
24.29666667,0.236557007
24.3,0.249862671
24.30333333,0.210708618
24.30666667,0.224538167
24.31,0.154312134
24.31333333,0.210510254
24.31666667,0.210520426
24.32,0.191925049
24.32333333,0.152109782
24.32666667,0.207845052
24.33,0.205947876
24.33333333,0.206375122
24.33666667,0.174479167
24.34,0.175170898
24.34333333,0.185674032
24.34666667,0.231267293
24.35,0.216140747
24.35333333,0.250549316
24.35666667,0.182347616
24.36,0.195556641
24.36333333,0.167867025
24.36666667,0.238749186
24.37,0.232772827
24.37333333,0.214029948
24.37666667,0.205637614
24.38,0.16204834
24.38333333,0.159428914
24.38666667,0.155375163
24.39,0.155288696
24.39333333,0.180842082
24.39666667,0.189915975
24.4,0.168685913
24.40333333,0.157948812
24.40666667,0.136403402
24.41,0.144012451
24.41333333,0.126546224
24.41666667,0.171788534
24.42,0.163345337
24.42333333,0.181223551
24.42666667,0.198354085
24.43,0.202484131
24.43333333,0.14503479
24.43666667,0.148920695
24.44,0.178970337
24.44333333,0.11231486
24.44666667,0.117899577
24.45,0.171508789
24.45333333,0.159749349
24.45666667,0.164342244
24.46,0.145690918
24.46333333,0.186564128
24.46666667,0.177815755
24.47,0.15435791
24.47333333,0.175918579
24.47666667,0.190775553
24.48,0.252502441
24.48333333,0.200220744
24.48666667,0.178782145
24.49,0.158966064
24.49333333,0.177805583
24.49666667,0.176411947
24.5,0.1537323
24.50333333,0.209660848
24.50666667,0.197504679
24.51,0.19493103
24.51333333,0.182098389
24.51666667,0.198720296
24.52,0.196884155
24.52333333,0.210535685
24.52666667,0.200703939
24.53,0.173828125
24.53333333,0.147705078
24.53666667,0.142125448
24.54,0.147903442
24.54333333,0.18977356
24.54666667,0.181884766
24.55,0.149688721
24.55333333,0.132171631
24.55666667,0.125045776
24.56,0.164123535
24.56333333,0.136454264
24.56666667,0.153503418
24.57,0.203109741
24.57333333,0.165288289
24.57666667,0.195627848
24.58,0.188415527
24.58333333,0.205230713
24.58666667,0.197062174
24.59,0.211700439
24.59333333,0.200210571
24.59666667,0.215296427
24.6,0.184860229
24.60333333,0.213445028
24.60666667,0.190592448
24.61,0.181030273
24.61333333,0.190826416
24.61666667,0.205968221
24.62,0.2552948
24.62333333,0.230799357
24.62666667,0.232086182
24.63,0.250335693
24.63333333,0.275497437
24.63666667,0.253285726
24.64,0.302032471
24.64333333,0.283432007
24.64666667,0.265223185
24.65,0.227890015
24.65333333,0.185328166
24.65666667,0.168584188
24.66,0.172607422
24.66333333,0.166890462
24.66666667,0.182596842
24.67,0.186859131
24.67333333,0.174636841
24.67666667,0.158462524
24.68,0.128067017
24.68333333,0.149307251
24.68666667,0.166432699
24.69,0.114044189
24.69333333,0.152348836
24.69666667,0.11168925
24.7,0.148468018
24.70333333,0.148488363
24.70666667,0.166473389
24.71,0.16569519
24.71333333,0.152552287
24.71666667,0.201187134
24.72,0.174987793
24.72333333,0.194997152
24.72666667,0.189463298
24.73,0.227584839
24.73333333,0.273157756
24.73666667,0.333277384
24.74,0.351821899
24.74333333,0.405858358
24.74666667,0.456283569
24.75,0.396347046
24.75333333,0.476379395
24.75666667,0.341018677
24.76,0.300369263
24.76333333,0.240361532
24.76666667,0.124969482
24.77,0.055740356
24.77333333,-0.030507406
24.77666667,-0.116628011
24.78,-0.111709595
24.78333333,-0.085957845
24.78666667,-0.081710815
24.79,-0.018051147
24.79333333,0.011566162
24.79666667,0.0521698
24.8,0.124435425
24.80333333,0.181920369
24.80666667,0.178634644
24.81,0.169403076
24.81333333,0.126317342
24.81666667,0.130106608
24.82,0.154098511
24.82333333,0.186981201
24.82666667,0.198242187
24.83,0.182434082
24.83333333,0.199508667
24.83666667,0.256530762
24.84,0.223922729
24.84333333,0.187408447
24.84666667,0.260747274
24.85,0.243682861
24.85333333,0.254058838
24.85666667,0.245051066
24.86,0.251754761
24.86333333,0.254333496
24.86666667,0.242741903
24.87,0.280761719
24.87333333,0.239344279
24.87666667,0.278167725
24.88,0.233978271
24.88333333,0.272242228
24.88666667,0.26709493
24.89,0.270339966
24.89333333,0.287206014
24.89666667,0.261306763
24.9,0.24597168
24.90333333,0.262405396
24.90666667,0.219095866
24.91,0.183227539
24.91333333,0.200017293
24.91666667,0.215021769
24.92,0.251022339
24.92333333,0.238113403
24.92666667,0.243764242
24.93,0.215713501
24.93333333,0.223668416
24.93666667,0.271850586
24.94,0.304550171
24.94333333,0.257456462
24.94666667,0.269765218
24.95,0.319442749
24.95333333,0.319671631
24.95666667,0.357569377
24.96,0.358886719
24.96333333,0.339014689
24.96666667,0.358378092
24.97,0.333084106
24.97333333,0.332056681
24.97666667,0.359095256
24.98,0.400512695
24.98333333,0.411732992
24.98666667,0.407058716
24.99,0.420562744
24.99333333,0.412806193
24.99666667,0.4480896
25,0.484466553
25.00333333,0.486022949
25.00666667,0.439478556
25.01,0.455001831
25.01333333,0.417841593
25.01666667,0.450693766
25.02,0.425216675
25.02333333,0.456166585
25.02666667,0.398325602
25.03,0.412765503
25.03333333,0.463841756
25.03666667,0.369094849
25.04,0.333740234
25.04333333,0.31455485
25.04666667,0.32136027
25.05,0.340652466
25.05333333,0.298904419
25.05666667,0.297490438
25.06,0.231643677
25.06333333,0.21174113
25.06666667,0.260848999
25.07,0.240325928
25.07333333,0.223403931
25.07666667,0.237411499
25.08,0.225311279
25.08333333,0.231043498
25.08666667,0.198766073
25.09,0.182327271
25.09333333,0.20783488
25.09666667,0.174138387
25.1,0.18157959
25.10333333,0.166132609
25.10666667,0.213231405
25.11,0.14755249
25.11333333,0.106277466
25.11666667,0.112380981
25.12,0.159408569
25.12333333,0.123565674
25.12666667,0.173878988
25.13,0.14781189
25.13333333,0.172602336
25.13666667,0.175552368
25.14,0.187561035
25.14333333,0.195424398
25.14666667,0.19043986
25.15,0.197067261
25.15333333,0.132456462
25.15666667,0.208328247
25.16,0.182891846
25.16333333,0.180877686
25.16666667,0.225702922
25.17,0.210693359
25.17333333,0.176803589
25.17666667,0.159901937
25.18,0.166641235
25.18333333,0.209019979
25.18666667,0.20207723
25.19,0.208984375
25.19333333,0.215820313
25.19666667,0.2543691
25.2,0.240936279
25.20333333,0.213358561
25.20666667,0.173146566
25.21,0.267974854
25.21333333,0.202204386
25.21666667,0.177357992
25.22,0.178955078
25.22333333,0.243479411
25.22666667,0.226826986
25.23,0.219055176
25.23333333,0.226389567
25.23666667,0.23840332
25.24,0.219573975
25.24333333,0.249898275
25.24666667,0.271026611
25.25,0.217056274
25.25333333,0.219055176
25.25666667,0.19543457
25.26,0.253646851
25.26333333,0.268076579
25.26666667,0.288314819
25.27,0.254440308
25.27333333,0.27788798
25.27666667,0.283874512
25.28,0.28729248
25.28333333,0.255177816
25.28666667,0.295664469
25.29,0.275360107
25.29333333,0.265065511
25.29666667,0.337427775
25.3,0.32119751
25.30333333,0.304458618
25.30666667,0.302663167
25.31,0.279769897
25.31333333,0.28481547
25.31666667,0.307057699
25.32,0.298278809
25.32333333,0.304601034
25.32666667,0.309275309
25.33,0.238952637
25.33333333,0.289281209
25.33666667,0.29506429
25.34,0.268173218
25.34333333,0.298878988
25.34666667,0.298950195
25.35,0.206375122
25.35333333,0.257960002
25.35666667,0.26091512
25.36,0.237106323
25.36333333,0.208821615
25.36666667,0.237681071
25.37,0.24357605
25.37333333,0.240931193
25.37666667,0.242980957
25.38,0.225784302
25.38333333,0.264943441
25.38666667,0.21329244
25.39,0.210113525
25.39333333,0.229746501
25.39666667,0.252624512
25.4,0.260543823
25.40333333,0.207895915
25.40666667,0.227483114
25.41,0.234603882
25.41333333,0.274164836
25.41666667,0.26957194
25.42,0.289733887
25.42333333,0.301595052
25.42666667,0.273127238
25.43,0.218017578
25.43333333,0.25604248
25.43666667,0.236287435
25.44,0.266967773
25.44333333,0.242848714
25.44666667,0.258560181
25.45,0.242843628
25.45333333,0.228591919
25.45666667,0.260533651
25.46,0.271453857
25.46333333,0.276509603
25.46666667,0.276743571
25.47,0.300216675
25.47333333,0.259602865
25.47666667,0.302607218
25.48,0.296386719
25.48333333,0.275039673
25.48666667,0.23769633
25.49,0.239181519
25.49333333,0.306452433
25.49666667,0.318466187
25.5,0.271987915
25.50333333,0.258026123
25.50666667,0.330307007
25.51,0.265411377
25.51333333,0.242192586
25.51666667,0.255610148
25.52,0.323364258
25.52333333,0.268839518
25.52666667,0.276738485
25.53,0.253356934
25.53333333,0.263239543
25.53666667,0.264399211
25.54,0.283935547
25.54333333,0.267801921
25.54666667,0.221155802
25.55,0.275344849
25.55333333,0.248133341
25.55666667,0.240168254
25.56,0.262329102
25.56333333,0.251678467
25.56666667,0.28155009
25.57,0.327316284
25.57333333,0.29973348
25.57666667,0.283635457
25.58,0.326141357
25.58333333,0.260035197
25.58666667,0.305201213
25.59,0.276626587
25.59333333,0.263305664
25.59666667,0.278747559
25.6,0.276641846
25.60333333,0.289515177
25.60666667,0.293655396
25.61,0.290435791
25.61333333,0.269480387
25.61666667,0.304412842
25.62,0.294219971
25.62333333,0.27935791
25.62666667,0.293528239
25.63,0.314987183
25.63333333,0.316263835
25.63666667,0.328074137
25.64,0.348220825
25.64333333,0.305806478
25.64666667,0.363891602
25.65,0.32875061
25.65333333,0.289937337
25.65666667,0.328333537
25.66,0.333633423
25.66333333,0.325709025
25.66666667,0.361633301
25.67,0.335388184
25.67333333,0.310618083
25.67666667,0.280466715
25.68,0.300979614
25.68333333,0.272750854
25.68666667,0.299708049
25.69,0.282958984
25.69333333,0.26822408
25.69666667,0.275538127
25.7,0.269165039
25.70333333,0.248341878
25.70666667,0.299667358
25.71,0.244888306
25.71333333,0.238332113
25.71666667,0.193405151
25.72,0.244598389
25.72333333,0.23731486
25.72666667,0.311640422
25.73,0.249588013
25.73333333,0.196100871
25.73666667,0.23928833
25.74,0.309677124
25.74333333,0.379648844
25.74666667,0.416066488
25.75,0.448608398
25.75333333,0.497487386
25.75666667,0.506327311
25.76,0.515686035
25.76333333,0.487325033
25.76666667,0.490392049
25.77,0.372314453
25.77333333,0.387379964
25.77666667,0.318466187
25.78,0.187423706
25.78333333,0.097910563
25.78666667,0.06590271
25.79,-0.001968384
25.79333333,-0.00668335
25.79666667,0.003880819
25.8,0.063095093
25.80333333,0.163665771
25.80666667,0.20556132
25.81,0.218414307
25.81333333,0.27452596
25.81666667,0.27788798
25.82,0.301177979
25.82333333,0.303827922
25.82666667,0.287160238
25.83,0.286605835
25.83333333,0.321833293
25.83666667,0.326466878
25.84,0.321289062
25.84333333,0.304733276
25.84666667,0.301595052
25.85,0.309371948
25.85333333,0.322937012
25.85666667,0.30321757
25.86,0.336761475
25.86333333,0.329162598
25.86666667,0.323562622
25.87,0.319168091
25.87333333,0.288813273
25.87666667,0.284001668
25.88,0.292205811
25.88333333,0.270665487
25.88666667,0.330245972
25.89,0.307327271
25.89333333,0.296310425
25.89666667,0.230448405
25.9,0.189819336
25.90333333,0.220932007
25.90666667,0.294886271
25.91,0.336990356
25.91333333,0.272801717
25.91666667,0.308100382
25.92,0.313964844
25.92333333,0.282725016
25.92666667,0.274490356
25.93,0.323165894
25.93333333,0.34383138
25.93666667,0.317550659
25.94,0.300735474
25.94333333,0.312713623
25.94666667,0.313023885
25.95,0.375823975
25.95333333,0.3196462
25.95666667,0.33287557
25.96,0.373565674
25.96333333,0.382746379
25.96666667,0.372085571
25.97,0.434875488
25.97333333,0.433771769
25.97666667,0.41116333
25.98,0.442382813
25.98333333,0.424016317
25.98666667,0.418055216
25.99,0.424301147
25.99333333,0.509740194
25.99666667,0.490987142
26,0.477981567
26.00333333,0.516901652
26.00666667,0.545720418
26.01,0.527038574
26.01333333,0.514383952
26.01666667,0.485051473
26.02,0.472747803
26.02333333,0.490493774
26.02666667,0.555135091
26.03,0.503540039
26.03333333,0.535736084
26.03666667,0.505971273
26.04,0.517242432
26.04333333,0.479705811
26.04666667,0.501363118
26.05,0.511703491
26.05333333,0.494633993
26.05666667,0.460001628
26.06,0.416717529
26.06333333,0.405654907
26.06666667,0.396118164
26.07,0.335540771
26.07333333,0.363733927
26.07666667,0.292078654
26.08,0.199172974
26.08333333,0.204340617
26.08666667,0.192281087
26.09,0.177597046
26.09333333,0.194798787
26.09666667,0.195429484
26.1,0.201263428
26.10333333,0.236841838
26.10666667,0.247395833
26.11,0.230560303
26.11333333,0.212071737
26.11666667,0.206578573
26.12,0.219573975
26.12333333,0.245391846
26.12666667,0.228480021
26.13,0.234863281
26.13333333,0.265477498
26.13666667,0.255528768
26.14,0.245819092
26.14333333,0.204101562
26.14666667,0.251220703
26.15,0.249862671
26.15333333,0.252431234
26.15666667,0.271550496
26.16,0.254714966
26.16333333,0.248128255
26.16666667,0.231043498
26.17,0.238113403
26.17333333,0.218185425
26.17666667,0.190404256
26.18,0.210388184
26.18333333,0.234120687
26.18666667,0.322865804
26.19,0.303039551
26.19333333,0.249272664
26.19666667,0.240356445
26.2,0.254211426
26.20333333,0.219650269
26.20666667,0.291610718
26.21,0.296722412
26.21333333,0.221537272
26.21666667,0.31036377
26.22,0.251159668
26.22333333,0.26348877
26.22666667,0.225952148
26.23,0.25213623
26.23333333,0.278244019
26.23666667,0.263895671
26.24,0.31086731
26.24333333,0.285975138
26.24666667,0.262308757
26.25,0.270080566
26.25333333,0.329137166
26.25666667,0.279886882
26.26,0.250579834
26.26333333,0.284138997
26.26666667,0.251719157
26.27,0.267974854
26.27333333,0.238225301
26.27666667,0.272501628
26.28,0.269470215
26.28333333,0.275802612
26.28666667,0.265360514
26.29,0.272079468
26.29333333,0.250157674
26.29666667,0.265792847
26.3,0.246582031
26.30333333,0.244598389
26.30666667,0.298787435
26.31,0.277160645
26.31333333,0.271606445
26.31666667,0.300089518
26.32,0.299911499
26.32333333,0.336766561
26.32666667,0.297454834
26.33,0.275314331
26.33333333,0.245030721
26.33666667,0.259165446
26.34,0.27696228
26.34333333,0.256754557
26.34666667,0.268676758
26.35,0.340881348
26.35333333,0.217671712
26.35666667,0.240437826
26.36,0.259613037
26.36333333,0.253245036
26.36666667,0.283279419
26.37,0.299880981
26.37333333,0.306416829
26.37666667,0.243250529
26.38,0.22869873
26.38333333,0.245946248
26.38666667,0.274729411
26.39,0.207397461
26.39333333,0.241851807
26.39666667,0.266179403
26.4,0.283355713
26.40333333,0.262420654
26.40666667,0.260991414
26.41,0.240997314
26.41333333,0.215988159
26.41666667,0.263214111
26.42,0.245193481
26.42333333,0.240931193
26.42666667,0.251281738
26.43,0.24710083
26.43333333,0.240503947
26.43666667,0.22660319
26.44,0.225402832
26.44333333,0.242930094
26.44666667,0.213770549
26.45,0.24597168
26.45333333,0.240422567
26.45666667,0.218928019
26.46,0.230621338
26.46333333,0.249338786
26.46666667,0.243988037
26.47,0.248687744
26.47333333,0.222691854
26.47666667,0.197072347
26.48,0.226028442
26.48333333,0.279337565
26.48666667,0.264444987
26.49,0.259185791
26.49333333,0.250030518
26.49666667,0.255864461
26.5,0.266647339
26.50333333,0.259958903
26.50666667,0.240061442
26.51,0.269073486
26.51333333,0.292261759
26.51666667,0.231882731
26.52,0.268371582
26.52333333,0.289642334
26.52666667,0.312362671
26.53,0.313064575
26.53333333,0.301717122
26.53666667,0.238154093
26.54,0.244186401
26.54333333,0.289382935
26.54666667,0.267674764
26.55,0.314712524
26.55333333,0.318222046
26.55666667,0.292119344
26.56,0.276031494
26.56333333,0.224054972
26.56666667,0.22895813
26.57,0.270095825
26.57333333,0.293360392
26.57666667,0.250849406
26.58,0.278579712
26.58333333,0.309753418
26.58666667,0.272888184
26.59,0.305297852
26.59333333,0.292948405
26.59666667,0.305348714
26.6,0.283203125
26.60333333,0.231770833
26.60666667,0.219024658
26.61,0.268447876
26.61333333,0.252649943
26.61666667,0.31733195
26.62,0.292236328
26.62333333,0.259277344
26.62666667,0.261698405
26.63,0.303497314
26.63333333,0.293884277
26.63666667,0.296391805
26.64,0.299179077
26.64333333,0.24891154
26.64666667,0.249521891
26.65,0.273666382
26.65333333,0.306050618
26.65666667,0.237503052
26.66,0.2996521
26.66333333,0.292994181
26.66666667,0.258890788
26.67,0.302047729
26.67333333,0.231302897
26.67666667,0.296020508
26.68,0.275009155
26.68333333,0.261917114
26.68666667,0.270731608
26.69,0.228866577
26.69333333,0.241348267
26.69666667,0.223393758
26.7,0.210800171
26.70333333,0.215230306
26.70666667,0.225443522
26.71,0.192489624
26.71333333,0.187932332
26.71666667,0.198542277
26.72,0.160629272
26.72333333,0.151138306
26.72666667,0.140116374
26.73,0.187667847
26.73333333,0.15393575
26.73666667,0.149424235
26.74,0.214630127
26.74333333,0.187957764
26.74666667,0.157399495
26.75,0.16708374
26.75333333,0.146347046
26.75666667,0.211049398
26.76,0.188247681
26.76333333,0.208852132
26.76666667,0.233078003
26.77,0.276489258
26.77333333,0.325195313
26.77666667,0.397272746
26.78,0.459503174
26.78333333,0.44728597
26.78666667,0.500101725
26.79,0.415405273
26.79333333,0.331787109
26.79666667,0.278167725
26.8,0.233612061
26.80333333,0.139109294
26.80666667,0.06573995
26.81,-0.05708313
26.81333333,-0.065633138
26.81666667,-0.14483134
26.82,-0.032943726
26.82333333,0.021321615
26.82666667,0.054875692
26.83,0.092987061
26.83333333,0.157928467
26.83666667,0.164784749
26.84,0.135650635
26.84333333,0.206675212
26.84666667,0.175623576
26.85,0.179519653
26.85333333,0.177907308
26.85666667,0.186737061
26.86,0.166259766
26.86333333,0.185735067
26.86666667,0.211181641
26.87,0.211502075
26.87333333,0.216415405
26.87666667,0.252553304
26.88,0.190811157
26.88333333,0.191116333
26.88666667,0.218175252
26.89,0.172943115
26.89333333,0.177093506
26.89666667,0.148483276
26.9,0.160827637
26.90333333,0.172053019
26.90666667,0.151947021
26.91,0.089874268
26.91333333,0.17221578
26.91666667,0.189971924
26.92,0.176605225
26.92333333,0.189193726
26.92666667,0.188308716
26.93,0.188369751
26.93333333,0.189488729
26.93666667,0.191218058
26.94,0.21043396
26.94333333,0.206710815
26.94666667,0.21963501
26.95,0.238189697
26.95333333,0.224945068
26.95666667,0.174799601
26.96,0.201034546
26.96333333,0.263636271
26.96666667,0.205383301
26.97,0.240615845
26.97333333,0.279759725
26.97666667,0.287562052
26.98,0.27130127
26.98333333,0.254999797
26.98666667,0.313034058
26.99,0.306625366
26.99333333,0.263320923
26.99666667,0.262313843
27,0.248718262
27.00333333,0.260650635
27.00666667,0.305587769
27.01,0.306396484
27.01333333,0.246271769
27.01666667,0.334981283
27.02,0.344467163
27.02333333,0.302993774
27.02666667,0.282424927
27.03,0.336837769
27.03333333,0.344696045
27.03666667,0.339335124
27.04,0.348617554
27.04333333,0.354695638
27.04666667,0.359110514
27.05,0.350036621
27.05333333,0.324717204
27.05666667,0.370010376
27.06,0.314422607
27.06333333,0.308720907
27.06666667,0.317103068
27.07,0.314056396
27.07333333,0.282424927
27.07666667,0.303441366
27.08,0.287521362
27.08333333,0.222651164
27.08666667,0.232762655
27.09,0.236099243
27.09333333,0.23425293
27.09666667,0.20173645
27.1,0.186386108
27.10333333,0.205698649
27.10666667,0.173975627
27.11,0.183197021
27.11333333,0.201263428
27.11666667,0.172119141
27.12,0.196350098
27.12333333,0.149978638
27.12666667,0.125798543
27.13,0.099411011
27.13333333,0.139948527
27.13666667,0.143091838
27.14,0.141342163
27.14333333,0.151412964
27.14666667,0.110290527
27.15,0.10269165
27.15333333,0.137837728
27.15666667,0.0625
27.16,0.097824097
27.16333333,0.119150798
27.16666667,0.138092041
27.17,0.156860352
27.17333333,0.129211426
27.17666667,0.124964396
27.18,0.129989624
27.18333333,0.128453573
27.18666667,0.158274333
27.19,0.143798828
27.19333333,0.118682861
27.19666667,0.133600871
27.2,0.109405518
27.20333333,0.114242554
27.20666667,0.089192708
27.21,0.146865845
27.21333333,0.170954386
27.21666667,0.153198242
27.22,0.1640625
27.22333333,0.161015828
27.22666667,0.148854574
27.23,0.149734497
27.23333333,0.144627889
27.23666667,0.165354411
27.24,0.193832397
27.24333333,0.167190552
27.24666667,0.135808309
27.25,0.136947632
27.25333333,0.191940308
27.25666667,0.184168498
27.26,0.189163208
27.26333333,0.196975708
27.26666667,0.172907511
27.27,0.178436279
27.27333333,0.193796794
27.27666667,0.167500814
27.28,0.220535278
27.28333333,0.19203186
27.28666667,0.185551961
27.29,0.195678711
27.29333333,0.204142253
27.29666667,0.259002686
27.3,0.253448486
27.30333333,0.206751506
27.30666667,0.138397217
27.31,0.199966431
27.31333333,0.179997762
27.31666667,0.216598511
27.32,0.237426758
27.32333333,0.217412313
27.32666667,0.23302714
27.33,0.224029541
27.33333333,0.218963623
27.33666667,0.222483317
27.34,0.268554687
27.34333333,0.215922038
27.34666667,0.215067546
27.35,0.239257813
27.35333333,0.301183065
27.35666667,0.239135742
27.36,0.211486816
27.36333333,0.234786987
27.36666667,0.269902547
27.37,0.244384766
27.37333333,0.261403402
27.37666667,0.222869873
27.38,0.226501465
27.38333333,0.27788798
27.38666667,0.256739299
27.39,0.236068726
27.39333333,0.24101766
27.39666667,0.25982666
27.4,0.246276855
27.40333333,0.252970378
27.40666667,0.216094971
27.41,0.227523804
27.41333333,0.229187012
27.41666667,0.229136149
27.42,0.189529419
27.42333333,0.254419963
27.42666667,0.296223958
27.43,0.231948853
27.43333333,0.223236084
27.43666667,0.216954549
27.44,0.21887207
27.44333333,0.234995524
27.44666667,0.212702433
27.45,0.249176025
27.45333333,0.248921712
27.45666667,0.207921346
27.46,0.275527954
27.46333333,0.249404907
27.46666667,0.255762736
27.47,0.257827759
27.47333333,0.258595785
27.47666667,0.245981852
27.48,0.273696899
27.48333333,0.294392904
27.48666667,0.268941243
27.49,0.250411987
27.49333333,0.285130819
27.49666667,0.250188192
27.5,0.198364258
27.50333333,0.203938802
27.50666667,0.242218018
27.51,0.230560303
27.51333333,0.206659953
27.51666667,0.199076335
27.52,0.18711853
27.52333333,0.178192139
27.52666667,0.173248291
27.53,0.145217896
27.53333333,0.206298828
27.53666667,0.190231323
27.54,0.162124634
27.54333333,0.205352783
27.54666667,0.17048645
27.55,0.179290771
27.55333333,0.162419637
27.55666667,0.204177856
27.56,0.220825195
27.56333333,0.157887777
27.56666667,0.12298584
27.57,0.199630737
27.57333333,0.149770101
27.57666667,0.168757121
27.58,0.239654541
27.58333333,0.174204508
27.58666667,0.187937419
27.59,0.15447998
27.59333333,0.153406779
27.59666667,0.229863485
27.6,0.22857666
27.60333333,0.220011393
27.60666667,0.262654622
27.61,0.272827148
27.61333333,0.266515096
27.61666667,0.24210612
27.62,0.253692627
27.62333333,0.270136515
27.62666667,0.259267171
27.63,0.267074585
27.63333333,0.261281331
27.63666667,0.228968302
27.64,0.238647461
27.64333333,0.322977702
27.64666667,0.355545044
27.65,0.332946777
27.65333333,0.305465698
27.65666667,0.315180461
27.66,0.296264648
27.66333333,0.267878215
27.66666667,0.282796224
27.67,0.296539307
27.67333333,0.299123128
27.67666667,0.297002157
27.68,0.296569824
27.68333333,0.240275065
27.68666667,0.270680745
27.69,0.24256897
27.69333333,0.228947957
27.69666667,0.178573608
27.7,0.290298462
27.70333333,0.294372559
27.70666667,0.268071493
27.71,0.229232788
27.71333333,0.256368001
27.71666667,0.258026123
27.72,0.246826172
27.72333333,0.237604777
27.72666667,0.261764526
27.73,0.239532471
27.73333333,0.226974487
27.73666667,0.231409709
27.74,0.231170654
27.74333333,0.232284546
27.74666667,0.237162272
27.75,0.208282471
27.75333333,0.373779297
27.75666667,0.411524455
27.76,0.421981812
27.76333333,0.435577393
27.76666667,0.510762533
27.77,0.578262329
27.77333333,0.484975179
27.77666667,0.425038656
27.78,0.358413696
27.78333333,0.332234701
27.78666667,0.277236938
27.79,0.145141602
27.79333333,0.090235392
27.79666667,0.026636759
27.8,-0.070724487
27.80333333,-0.09143575
27.80666667,-0.045776367
27.81,-0.041381836
27.81333333,0.003036499
27.81666667,0.015970866
27.82,0.104614258
27.82333333,0.129770915
27.82666667,0.208012899
27.83,0.208694458
27.83333333,0.159072876
27.83666667,0.177164714
27.84,0.205917358
27.84333333,0.226008097
27.84666667,0.194127401
27.85,0.232162476
27.85333333,0.223414103
27.85666667,0.217569987
27.86,0.220825195
27.86333333,0.252924601
27.86666667,0.222854614
27.87,0.213409424
27.87333333,0.229075114
27.87666667,0.254002889
27.88,0.261917114
27.88333333,0.249811808
27.88666667,0.274327596
27.89,0.289627075
27.89333333,0.253275553
27.89666667,0.283498128
27.9,0.276565552
27.90333333,0.300364176
27.90666667,0.289245605
27.91,0.309768677
27.91333333,0.316304525
27.91666667,0.311024984
27.92,0.295562744
27.92333333,0.301025391
27.92666667,0.299789429
27.93,0.292282104
27.93333333,0.255304972
27.93666667,0.301050822
27.94,0.298675537
27.94333333,0.280553182
27.94666667,0.303090413
27.95,0.338134766
27.95333333,0.432978312
27.95666667,0.373357137
27.96,0.313415527
27.96333333,0.394877116
27.96666667,0.340016683
27.97,0.326858521
27.97333333,0.353256226
27.97666667,0.398488363
27.98,0.364883423
27.98333333,0.395126343
27.98666667,0.414408366
27.99,0.402420044
27.99333333,0.376241048
27.99666667,0.467951457
28,0.4322052
28.00333333,0.429239909
28.00666667,0.458028158
28.01,0.504348755
28.01333333,0.499445597
28.01666667,0.498224894
28.02,0.482650757
28.02333333,0.498764038
28.02666667,0.477294922
28.03,0.475662231
28.03333333,0.452804565
28.03666667,0.498621623
28.04,0.469299316
28.04333333,0.501637777
28.04666667,0.471282959
28.05,0.436172485
28.05333333,0.469177246
28.05666667,0.479415894
28.06,0.446640015
28.06333333,0.434366862
28.06666667,0.425059001
28.07,0.415893555
28.07333333,0.423746745
28.07666667,0.35152181
28.08,0.372375488
28.08333333,0.332641602
28.08666667,0.320561727
28.09,0.27381897
28.09333333,0.277287801
28.09666667,0.26205953
28.1,0.228271484
28.10333333,0.262456258
28.10666667,0.196680705
28.11,0.181228638
28.11333333,0.18691508
28.11666667,0.207468669
28.12,0.208816528
28.12333333,0.186024984
28.12666667,0.226552327
28.13,0.215942383
28.13333333,0.226872762
28.13666667,0.206085205
28.14,0.202316284
28.14333333,0.220199585
28.14666667,0.256017049
28.15,0.236434937
28.15333333,0.242177327
28.15666667,0.264750163
28.16,0.251800537
28.16333333,0.232070923
28.16666667,0.262959798
28.17,0.264083862
28.17333333,0.274047852
28.17666667,0.284810384
28.18,0.299713135
28.18333333,0.263086955
28.18666667,0.250793457
28.19,0.257278442
28.19333333,0.260965983
28.19666667,0.239273071
28.2,0.229644775
28.20333333,0.233927409
28.20666667,0.210057576
28.21,0.186553955
28.21333333,0.193644206
28.21666667,0.171585083
28.22,0.248199463
28.22333333,0.240127563
28.22666667,0.220102946
28.23,0.188827515
28.23333333,0.222117106
28.23666667,0.299479167
28.24,0.312026978
28.24333333,0.278864543
28.24666667,0.246470133
28.25,0.267028809
28.25333333,0.257024129
28.25666667,0.242136637
28.26,0.320159912
28.26333333,0.265558879
28.26666667,0.293451945
28.27,0.294876099
28.27333333,0.273666382
28.27666667,0.24265035
28.28,0.24041748
28.28333333,0.252660116
28.28666667,0.276067098
28.29,0.290847778
28.29333333,0.235560099
28.29666667,0.248128255
28.3,0.263595581
28.30333333,0.262003581
28.30666667,0.287399292
28.31,0.246002197
28.31333333,0.25730896
28.31666667,0.270309448
28.32,0.24949646
28.32333333,0.218724569
28.32666667,0.266347249
28.33,0.270996094
28.33333333,0.286610921
28.33666667,0.290354411
28.34,0.251403809
28.34333333,0.241755168
28.34666667,0.274586995
28.35,0.286407471
28.35333333,0.335652669
28.35666667,0.263621012
28.36,0.253051758
28.36333333,0.172831217
28.36666667,0.207341512
28.37,0.235183716
28.37333333,0.234273275
28.37666667,0.224441528
28.38,0.22996521
28.38333333,0.248031616
28.38666667,0.330123901
28.39,0.274581909
28.39333333,0.272160848
28.39666667,0.265004476
28.4,0.277099609
28.40333333,0.223683675
28.40666667,0.22462972
28.41,0.194976807
28.41333333,0.223953247
28.41666667,0.224685669
28.42,0.266174316
28.42333333,0.275166829
28.42666667,0.251149495
28.43,0.22706604
28.43333333,0.261103312
28.43666667,0.276560465
28.44,0.233840942
28.44333333,0.251271566
28.44666667,0.262207031
28.45,0.297775269
28.45333333,0.258310954
28.45666667,0.243703206
28.46,0.269729614
28.46333333,0.255228678
28.46666667,0.26936849
28.47,0.284988403
28.47333333,0.28894043
28.47666667,0.241917928
28.48,0.270187378
28.48333333,0.301411947
28.48666667,0.279576619
28.49,0.256713867
28.49333333,0.243830363
28.49666667,0.251744588
28.5,0.286102295
28.50333333,0.286514282
28.50666667,0.238327026
28.51,0.174179077
28.51333333,0.179896037
28.51666667,0.289306641
28.52,0.272460937
28.52333333,0.205617269
28.52666667,0.216120402
28.53,0.270950317
28.53333333,0.214818319
28.53666667,0.203486125
28.54,0.251586914
28.54333333,0.241556803
28.54666667,0.21488444
28.55,0.246276855
28.55333333,0.188110352
28.55666667,0.209416707
28.56,0.223480225
28.56333333,0.215433757
28.56666667,0.219777425
28.57,0.217727661
28.57333333,0.185577393
28.57666667,0.244796753
28.58,0.229232788
28.58333333,0.236638387
28.58666667,0.236562093
28.59,0.254302979
28.59333333,0.279988607
28.59666667,0.261205037
28.6,0.265808105
28.60333333,0.241002401
28.60666667,0.254191081
28.61,0.231063843
28.61333333,0.201141357
28.61666667,0.198160807
28.62,0.242523193
28.62333333,0.201466878
28.62666667,0.199391683
28.63,0.134994507
28.63333333,0.129140218
28.63666667,0.19392395
28.64,0.187210083
28.64333333,0.155700684
28.64666667,0.134501139
28.65,0.155410767
28.65333333,0.157674154
28.65666667,0.158915202
28.66,0.228469849
28.66333333,0.192687988
28.66666667,0.160980225
28.67,0.163146973
28.67333333,0.20030721
28.67666667,0.173670451
28.68,0.138977051
28.68333333,0.157928467
28.68666667,0.222366333
28.69,0.178207397
28.69333333,0.164271037
28.69666667,0.260823568
28.7,0.328521729
28.70333333,0.462575277
28.70666667,0.460825602
28.71,0.493423462
28.71333333,0.513402303
28.71666667,0.460764567
28.72,0.362197876
28.72333333,0.385121663
28.72666667,0.31384786
28.73,0.226715088
28.73333333,0.128529867
28.73666667,0.123886108
28.74,0.012390137
28.74333333,-0.009368896
28.74666667,-0.031545003
28.75,-0.015640259
28.75333333,-0.008931478
28.75666667,-0.000595093
28.76,0.05531311
28.76333333,0.124170939
28.76666667,0.140762329
28.77,0.1925354
28.77333333,0.216364543
28.77666667,0.208465576
28.78,0.206420898
28.78333333,0.238749186
28.78666667,0.262557983
28.79,0.217712402
28.79333333,0.216308594
28.79666667,0.238484701
28.8,0.243453979
28.80333333,0.260197957
28.80666667,0.252253215
28.81,0.245681763
28.81333333,0.244918823
28.81666667,0.234527588
28.82,0.270446777
28.82333333,0.23840332
28.82666667,0.244812012
28.83,0.265258789
28.83333333,0.244776408
28.83666667,0.29284668
28.84,0.237487793
28.84333333,0.257034302
28.84666667,0.259165446
28.85,0.264205933
28.85333333,0.274505615
28.85666667,0.245585124
28.86,0.257659912
28.86333333,0.269393921
28.86666667,0.295639038
28.87,0.274383545
28.87333333,0.258768717
28.87666667,0.317108154
28.88,0.267211914
28.88333333,0.309753418
28.88666667,0.31300354
28.89,0.311477661
28.89333333,0.332529704
28.89666667,0.347554525
28.9,0.3074646
28.90333333,0.33879598
28.90666667,0.372426351
28.91,0.360992432
28.91333333,0.349950155
28.91666667,0.358963013
28.92,0.363418579
28.92333333,0.353805542
28.92666667,0.394241333
28.93,0.375274658
28.93333333,0.414352417
28.93666667,0.443776449
28.94,0.404449463
28.94333333,0.40087382
28.94666667,0.448649089
28.95,0.438156128
28.95333333,0.460378011
28.95666667,0.469070435
28.96,0.458358765
28.96333333,0.422429403
28.96666667,0.482737223
28.97,0.471939087
28.97333333,0.488850911
28.97666667,0.464319865
28.98,0.432632446
28.98333333,0.397211711
28.98666667,0.453720093
28.99,0.477203369
28.99333333,0.402709961
28.99666667,0.409795125
29,0.440979004
29.00333333,0.459116618
29.00666667,0.41956075
29.01,0.433013916
29.01333333,0.391738892
29.01666667,0.323486328
29.02,0.289505005
29.02333333,0.339935303
29.02666667,0.299743652
29.03,0.296768188
29.03333333,0.289408366
29.03666667,0.302515666
29.04,0.256134033
29.04333333,0.238215129
29.04666667,0.240269979
29.05,0.243225098
29.05333333,0.273564657
29.05666667,0.22374471
29.06,0.236099243
29.06333333,0.223876953
29.06666667,0.216369629
29.07,0.263412476
29.07333333,0.27104187
29.07666667,0.237462362
29.08,0.227615356
29.08333333,0.204340617
29.08666667,0.233510335
29.09,0.233627319
29.09333333,0.236938477
29.09666667,0.232447306
29.1,0.214385986
29.10333333,0.242131551
29.10666667,0.258677165
29.11,0.211227417
29.11333333,0.239507039
29.11666667,0.211512248
29.12,0.310806274
29.12333333,0.258733114
29.12666667,0.194753011
29.13,0.235290527
29.13333333,0.256551107
29.13666667,0.229024251
29.14,0.272567749
29.14333333,0.237330119
29.14666667,0.219726563
29.15,0.182876587
29.15333333,0.133997599
29.15666667,0.162200928
29.16,0.213150024
29.16333333,0.185602824
29.16666667,0.236002604
29.17,0.220321655
29.17333333,0.222686768
29.17666667,0.190353394
29.18,0.194213867
29.18333333,0.205281576
29.18666667,0.224456787
29.19,0.254425049
29.19333333,0.22686259
29.19666667,0.218531291
29.2,0.239715576
29.20333333,0.242345174
29.20666667,0.182047526
29.21,0.189956665
29.21333333,0.233591715
29.21666667,0.221430461
29.22,0.207733154
29.22333333,0.212814331
29.22666667,0.209111532
29.23,0.194961548
29.23333333,0.191472371
29.23666667,0.208150228
29.24,0.195297241
29.24333333,0.209447225
29.24666667,0.21870931
29.25,0.217056274
29.25333333,0.211868286
29.25666667,0.248174032
29.26,0.200897217
29.26333333,0.206298828
29.26666667,0.211893717
29.27,0.242004395
29.27333333,0.275980632
29.27666667,0.249821981
29.28,0.276397705
29.28333333,0.26222229
29.28666667,0.279032389
29.29,0.217086792
29.29333333,0.247675578
29.29666667,0.28868103
29.3,0.261993408
29.30333333,0.252415975
29.30666667,0.236053467
29.31,0.240158081
29.31333333,0.256617228
29.31666667,0.223515828
29.32,0.271881104
29.32333333,0.269729614
29.32666667,0.252237956
29.33,0.212692261
29.33333333,0.250371297
29.33666667,0.265625
29.34,0.254043579
29.34333333,0.226145426
29.34666667,0.214955648
29.35,0.254058838
29.35333333,0.289123535
29.35666667,0.241872152
29.36,0.271438599
29.36333333,0.243672689
29.36666667,0.257746379
29.37,0.254989624
29.37333333,0.270126343
29.37666667,0.231791178
29.38,0.197921753
29.38333333,0.194651286
29.38666667,0.217875163
29.39,0.232162476
29.39333333,0.267893473
29.39666667,0.259913127
29.4,0.234375
29.40333333,0.175532023
29.40666667,0.250223796
29.41,0.252853394
29.41333333,0.143259684
29.41666667,0.19938151
29.42,0.215805054
29.42333333,0.181330363
29.42666667,0.203948975
29.43,0.222015381
29.43333333,0.191319784
29.43666667,0.160853068
29.44,0.251220703
29.44333333,0.257797241
29.44666667,0.197636922
29.45,0.127487183
29.45333333,0.131139119
29.45666667,0.150054932
29.46,0.21975708
29.46333333,0.199305216
29.46666667,0.216115316
29.47,0.227310181
29.47333333,0.205500285
29.47666667,0.175837199
29.48,0.185623169
29.48333333,0.177866618
29.48666667,0.194356283
29.49,0.209106445
29.49333333,0.177642822
29.49666667,0.186243693
29.5,0.246429443
29.50333333,0.225616455
29.50666667,0.225535075
29.51,0.153259277
29.51333333,0.148768107
29.51666667,0.111745199
29.52,0.197860718
29.52333333,0.241124471
29.52666667,0.217030843
29.53,0.232345581
29.53333333,0.221761068
29.53666667,0.197519938
29.54,0.246704102
29.54333333,0.255040487
29.54666667,0.234130859
29.55,0.230331421
29.55333333,0.21190389
29.55666667,0.286183675
29.56,0.246505737
29.56333333,0.181798299
29.56666667,0.184300741
29.57,0.258071899
29.57333333,0.308420817
29.57666667,0.222468058
29.58,0.21206665
29.58333333,0.248209635
29.58666667,0.236241659
29.59,0.220947266
29.59333333,0.212809245
29.59666667,0.194569906
29.6,0.212173462
29.60333333,0.230560303
29.60666667,0.229975382
29.61,0.231964111
29.61333333,0.239730835
29.61666667,0.257593791
29.62,0.200897217
29.62333333,0.229710897
29.62666667,0.29633077
29.63,0.248123169
29.63333333,0.254745483
29.63666667,0.260513306
29.64,0.263137817
29.64333333,0.211537679
29.64666667,0.279744466
29.65,0.272445679
29.65333333,0.248046875
29.65666667,0.264170329
29.66,0.351379395
29.66333333,0.384643555
29.66666667,0.40512085
29.67,0.477157593
29.67333333,0.507944743
29.67666667,0.539749146
29.68,0.486602783
29.68333333,0.467351278
29.68666667,0.390360514
29.69,0.336135864
29.69333333,0.321248372
29.69666667,0.163650513
29.7,0.107803345
29.70333333,0.015111287
29.70666667,0.022216797
29.71,-0.036712646
29.71333333,-0.014241536
29.71666667,0.064290365
29.72,0.119262695
29.72333333,0.170822144
29.72666667,0.26890564
29.73,0.315216064
29.73333333,0.297088623
29.73666667,0.303705851
29.74,0.261108398
29.74333333,0.227798462
29.74666667,0.252461751
29.75,0.327301025
29.75333333,0.281148275
29.75666667,0.298543294
29.76,0.280151367
29.76333333,0.263829549
29.76666667,0.303115845
29.77,0.304321289
29.77333333,0.294214884
29.77666667,0.295201619
29.78,0.259674072
29.78333333,0.306803385
29.78666667,0.292521159
29.79,0.275283813
29.79333333,0.296676636
29.79666667,0.297388713
29.8,0.29045105
29.80333333,0.321375529
29.80666667,0.316757202
29.81,0.302947998
29.81333333,0.341156006
29.81666667,0.300013224
29.82,0.32194519
29.82333333,0.296335856
29.82666667,0.306020101
29.83,0.349914551
29.83333333,0.406010946
29.83666667,0.342366536
29.84,0.317489624
29.84333333,0.339940389
29.84666667,0.289916992
29.85,0.334701538
29.85333333,0.39650472
29.85666667,0.350265503
29.86,0.417282104
29.86333333,0.408086141
29.86666667,0.355834961
29.87,0.396789551
29.87333333,0.375289917
29.87666667,0.405761719
29.88,0.429214478
29.88333333,0.400466919
29.88666667,0.387074788
29.89,0.398666382
29.89333333,0.425008138
29.89666667,0.458491007
29.9,0.471878052
29.90333333,0.438313802
29.90666667,0.505874634
29.91,0.482788086
29.91333333,0.506749471
29.91666667,0.489171346
29.92,0.471099854
29.92333333,0.502080282
29.92666667,0.531855265
29.93,0.500946045
29.93333333,0.577799479
29.93666667,0.553522746
29.94,0.555603027
29.94333333,0.526641846
29.94666667,0.51067098
29.95,0.550460815
29.95333333,0.502522786
29.95666667,0.530197144
29.96,0.525558472
29.96333333,0.534886678
29.96666667,0.484339396
29.97,0.481414795
29.97333333,0.464935303
29.97666667,0.400980632
29.98,0.458740234
29.98333333,0.444844564
29.98666667,0.36735026
29.99,0.392684937
29.99333333,0.328211466
29.99666667,0.343917847
30,0.343322754
30.00333333,0.322240194
30.00666667,0.345855713
30.01,0.293441772
30.01333333,0.243937174
30.01666667,0.278142293
30.02,0.278808594
30.02333333,0.274581909
30.02666667,0.316329956
30.03,0.285644531
30.03333333,0.26105245
30.03666667,0.269724528
30.04,0.285522461
30.04333333,0.276779175
30.04666667,0.283233643
30.05,0.30090332
30.05333333,0.287943522
30.05666667,0.28549703
30.06,0.298950195
30.06333333,0.290583293
30.06666667,0.309041341
30.07,0.382553101
30.07333333,0.340377808
30.07666667,0.316691081
30.08,0.318466187
30.08333333,0.291061401
30.08666667,0.329421997
30.09,0.355377197
30.09333333,0.356196086
30.09666667,0.346155802
30.1,0.317611694
30.10333333,0.26558431
30.10666667,0.308003743
30.11,0.306808472
30.11333333,0.314214071
30.11666667,0.293502808
30.12,0.326599121
30.12333333,0.29943339
30.12666667,0.299250285
30.13,0.288208008
30.13333333,0.322952271
30.13666667,0.319534302
30.14,0.262619019
30.14333333,0.33921814
30.14666667,0.293380737
30.15,0.291290283
30.15333333,0.343383789
30.15666667,0.317433675
30.16,0.313812256
30.16333333,0.277028402
30.16666667,0.295384725
30.17,0.335739136
30.17333333,0.294209798
30.17666667,0.317474365
30.18,0.317886353
30.18333333,0.327148438
30.18666667,0.305821737
30.19,0.328125
30.19333333,0.31509908
30.19666667,0.296091715
30.2,0.287475586
30.20333333,0.32023112
30.20666667,0.343907674
30.21,0.307235718
30.21333333,0.292765299
30.21666667,0.294570923
30.22,0.305160522
30.22333333,0.314605713
30.22666667,0.261683146
30.23,0.230606079
30.23333333,0.242360433
30.23666667,0.295725505
30.24,0.266265869
30.24333333,0.219909668
30.24666667,0.261525472
30.25,0.25100708
30.25333333,0.231501261
30.25666667,0.262730916
30.26,0.263061523
30.26333333,0.237325033
30.26666667,0.229695638
30.27,0.281829834
30.27333333,0.27402242
30.27666667,0.251180013
30.28,0.243637085
30.28333333,0.233891805
30.28666667,0.262252808
30.29,0.217422485
30.29333333,0.261367798
30.29666667,0.263453166
30.3,0.288085938
30.30333333,0.299067179
30.30666667,0.295878092
30.31,0.298904419
30.31333333,0.269775391
30.31666667,0.306625366
30.32,0.301574707
30.32333333,0.280319214
30.32666667,0.262827555
30.33,0.272689819
30.33333333,0.280634562
30.33666667,0.253133138
30.34,0.265396118
30.34333333,0.264439901
30.34666667,0.267593384
30.35,0.231552124
30.35333333,0.300537109
30.35666667,0.288655599
30.36,0.291320801
30.36333333,0.292429606
30.36666667,0.315424601
30.37,0.245071411
30.37333333,0.293563843
30.37666667,0.301488241
30.38,0.289001465
30.38333333,0.321706136
30.38666667,0.233947754
30.39,0.266677856
30.39333333,0.201095581
30.39666667,0.251230876
30.4,0.229873657
30.40333333,0.22324117
30.40666667,0.208440145
30.41,0.285263062
30.41333333,0.340901693
30.41666667,0.297927856
30.42,0.308761597
30.42333333,0.321879069
30.42666667,0.32673645
30.43,0.304351807
30.43333333,0.296122233
30.43666667,0.299631755
30.44,0.225799561
30.44333333,0.271255493
30.44666667,0.284245809
30.45,0.303955078
30.45333333,0.266276042
30.45666667,0.298049927
30.46,0.252914429
30.46333333,0.299036662
30.46666667,0.271352132
30.47,0.284439087
30.47333333,0.290649414
30.47666667,0.260142008
30.48,0.293167114
30.48333333,0.258890788
30.48666667,0.280527751
30.49,0.255386353
30.49333333,0.229197184
30.49666667,0.268244425
30.5,0.29296875
30.50333333,0.278416951
30.50666667,0.28519694
30.51,0.30821228
30.51333333,0.298273722
30.51666667,0.28717041
30.52,0.358612061
30.52333333,0.344075521
30.52666667,0.313288371
30.53,0.311264038
30.53333333,0.309549967
30.53666667,0.300633748
30.54,0.284561157
30.54333333,0.299830119
30.54666667,0.287556966
30.55,0.339126587
30.55333333,0.331797282
30.55666667,0.337865194
30.56,0.388656616
30.56333333,0.347951253
30.56666667,0.366210938
30.57,0.308547974
30.57333333,0.291870117
30.57666667,0.299825033
30.58,0.277404785
30.58333333,0.275039673
30.58666667,0.294637044
30.59,0.260650635
30.59333333,0.283259074
30.59666667,0.280619303
30.6,0.308914185
30.60333333,0.311391195
30.60666667,0.352274577
30.61,0.283584595
30.61333333,0.276631673
30.61666667,0.233586629
30.62,0.202529907
30.62333333,0.218510946
30.62666667,0.193613688
30.63,0.221618652
30.63333333,0.195821126
30.63666667,0.204274495
30.64,0.202224731
30.64333333,0.238769531
30.64666667,0.207438151
30.65,0.153656006
30.65333333,0.21198527
30.65666667,0.182688395
30.66,0.216766357
30.66333333,0.315790812
30.66666667,0.367355347
30.67,0.43989563
30.67333333,0.45320638
30.67666667,0.484095256
30.68,0.449249268
30.68333333,0.458297729
30.68666667,0.340464274
30.69,0.311630249
30.69333333,0.26109314
30.69666667,0.135360718
30.7,0.06187439
30.70333333,-0.016347249
30.70666667,-0.07850647
30.71,-0.084472656
30.71333333,-0.013737996
30.71666667,-0.016276042
30.72,0.074798584
30.72333333,0.110020955
30.72666667,0.208775838
30.73,0.226119995
30.73333333,0.228246053
30.73666667,0.169962565
30.74,0.145385742
30.74333333,0.218638102
30.74666667,0.242762248
30.75,0.203323364
30.75333333,0.199213664
30.75666667,0.163665771
30.76,0.274749756
30.76333333,0.263641357
30.76666667,0.281804403
30.77,0.235031128
30.77333333,0.155222575
30.77666667,0.203191121
30.78,0.238433838
30.78333333,0.253346761
30.78666667,0.238108317
30.79,0.233215332
30.79333333,0.251831055
30.79666667,0.249603271
30.8,0.24230957
30.80333333,0.2394104
30.80666667,0.286427816
30.81,0.226303101
30.81333333,0.2465566
30.81666667,0.254262288
30.82,0.297103882
30.82333333,0.305791219
30.82666667,0.270436605
30.83,0.278533936
30.83333333,0.268681844
30.83666667,0.2752889
30.84,0.268722534
30.84333333,0.246882121
30.84666667,0.28338623
30.85,0.348739624
30.85333333,0.289759318
30.85666667,0.297307332
30.86,0.347869873
30.86333333,0.346735636
30.86666667,0.298919678
30.87,0.342407227
30.87333333,0.339660645
30.87666667,0.353780111
30.88,0.379348755
30.88333333,0.3977712
30.88666667,0.422581991
30.89,0.375167847
30.89333333,0.391067505
30.89666667,0.367080688
30.9,0.37651062
30.90333333,0.432301839
30.90666667,0.480575562
30.91,0.413406372
30.91333333,0.40562439
30.91666667,0.451533
30.92,0.510635376
30.92333333,0.470479329
30.92666667,0.446055094
30.93,0.4559021
30.93333333,0.436808268
30.93666667,0.443934123
30.94,0.45703125
30.94333333,0.512903849
30.94666667,0.473093669
30.95,0.456314087
30.95333333,0.42473348
30.95666667,0.395355225
30.96,0.395507812
30.96333333,0.327916463
30.96666667,0.362294515
30.97,0.359741211
30.97333333,0.352656047
30.97666667,0.298146566
30.98,0.331848145
30.98333333,0.282440186
30.98666667,0.263926188
30.99,0.262084961
30.99333333,0.240666707
30.99666667,0.210728963
31,0.200653076
31.00333333,0.255889893
31.00666667,0.213938395
31.01,0.20425415
31.01333333,0.198471069
31.01666667,0.216445923
31.02,0.216690063
31.02333333,0.165720622
31.02666667,0.183858236
31.03,0.154830933
31.03333333,0.154749552
31.03666667,0.162053426
31.04,0.193222046
31.04333333,0.132588704
31.04666667,0.108352661
31.05,0.161361694
31.05333333,0.173192342
31.05666667,0.173995972
31.06,0.154159546
31.06333333,0.12550354
31.06666667,0.177942912
31.07,0.160644531
31.07333333,0.169108073
31.07666667,0.127482096
31.08,0.115890503
31.08333333,0.133132935
31.08666667,0.16108195
31.09,0.142089844
31.09333333,0.128977458
31.09666667,0.158442179
31.1,0.171203613
31.10333333,0.161214193
31.10666667,0.140518188
31.11,0.152984619
31.11333333,0.132532756
31.11666667,0.123901367
31.12,0.111282349
31.12333333,0.112675985
31.12666667,0.188491821
31.13,0.113983154
31.13333333,0.121078491
31.13666667,0.147984823
31.14,0.107391357
31.14333333,0.162434896
31.14666667,0.188863118
31.15,0.172576904
31.15333333,0.161987305
31.15666667,0.122548421
31.16,0.118041992
31.16333333,0.163085938
31.16666667,0.153223674
31.17,0.098129272
31.17333333,0.079411825
31.17666667,0.081181844
31.18,0.13494873
31.18333333,0.157241821
31.18666667,0.163894653
31.19,0.119415283
31.19333333,0.112019857
31.19666667,0.136444092
31.2,0.184173584
31.20333333,0.184010824
31.20666667,0.158874512
31.21,0.143096924
31.21333333,0.148330688
31.21666667,0.125172933
31.22,0.114425659
31.22333333,0.129582723
31.22666667,0.158777873
31.23,0.134353638
31.23333333,0.098444621
31.23666667,0.151982625
31.24,0.193954468
31.24333333,0.187103271
31.24666667,0.154586792
31.25,0.189208984
31.25333333,0.169962565
31.25666667,0.140538534
31.26,0.155456543
31.26333333,0.182022095
31.26666667,0.195083618
31.27,0.196548462
31.27333333,0.15007019
31.27666667,0.139653524
31.28,0.153625488
31.28333333,0.180587769
31.28666667,0.178654989
31.29,0.179122925
31.29333333,0.169062297
31.29666667,0.208409627
31.3,0.14289856
31.30333333,0.079793294
31.30666667,0.147420247
31.31,0.17477417
31.31333333,0.233927409
31.31666667,0.15490214
31.32,0.153213501
31.32333333,0.150685628
31.32666667,0.096878052
31.33,0.08404541
31.33333333,0.10172526
31.33666667,0.164749146
31.34,0.1355896
31.34333333,0.154520671
31.34666667,0.154184977
31.35,0.143661499
31.35333333,0.159495036
31.35666667,0.181147257
31.36,0.137863159
31.36333333,0.144114176
31.36666667,0.144882202
31.37,0.157073975
31.37333333,0.170110067
31.37666667,0.166702271
31.38,0.168518066
31.38333333,0.204925537
31.38666667,0.195261637
31.39,0.186279297
31.39333333,0.175145467
31.39666667,0.138758341
31.4,0.178146362
31.40333333,0.186625163
31.40666667,0.172978719
31.41,0.175628662
31.41333333,0.137166341
31.41666667,0.126139323
31.42,0.126968384
31.42333333,0.12121582
31.42666667,0.071695964
31.43,0.160842896
31.43333333,0.180435181
31.43666667,0.186650594
31.44,0.138442993
31.44333333,0.133239746
31.44666667,0.153422038
31.45,0.159378052
31.45333333,0.139556885
31.45666667,0.169291178
31.46,0.145950317
31.46333333,0.163233439
31.46666667,0.167287191
31.47,0.186431885
31.47333333,0.139760335
31.47666667,0.15351359
31.48,0.142715454
31.48333333,0.15914917
31.48666667,0.185094198
31.49,0.165100098
31.49333333,0.185974121
31.49666667,0.186019897
31.5,0.159072876
31.50333333,0.197301229
31.50666667,0.207941691
31.51,0.152023315
31.51333333,0.138559977
31.51666667,0.161234538
31.52,0.12020874
31.52333333,0.170501709
31.52666667,0.115234375
31.53,0.145614624
31.53333333,0.1512146
31.53666667,0.17523702
31.54,0.194702148
31.54333333,0.220158895
31.54666667,0.226516724
31.55,0.204467773
31.55333333,0.178100586
31.55666667,0.192642212
31.56,0.198867798
31.56333333,0.191584269
31.56666667,0.191192627
31.57,0.204696655
31.57333333,0.171864827
31.57666667,0.195780436
31.58,0.155166626
31.58333333,0.169118245
31.58666667,0.192871094
31.59,0.183624268
31.59333333,0.20686849
31.59666667,0.158843994
31.6,0.135498047
31.60333333,0.153406779
31.60666667,0.161712646
31.61,0.144882202
31.61333333,0.146575928
31.61666667,0.169677734
31.62,0.149032593
31.62333333,0.14255778
31.62666667,0.115997314
31.63,0.083145142
31.63333333,0.108566284
31.63666667,0.136138916
31.64,0.103668213
31.64333333,0.068328857
31.64666667,0.132492065
31.65,0.148773193
31.65333333,0.271987915
31.65666667,0.256495158
31.66,0.339736938
31.66333333,0.388565063
31.66666667,0.409952799
31.67,0.41947937
31.67333333,0.369954427
31.67666667,0.255742391
31.68,0.206466675
31.68333333,0.178400675
31.68666667,0.075322469
31.69,0.01965332
31.69333333,-0.038630168
31.69666667,-0.145818075
31.7,-0.132217407
31.70333333,-0.10647583
31.70666667,-0.11332194
31.71,-0.118453979
31.71333333,-0.076639811
31.71666667,0.003178914
31.72,0.087692261
31.72333333,0.133448283
31.72666667,0.102539063
31.73,0.093093872
31.73333333,0.141270955
31.73666667,0.185384115
31.74,0.108505249
31.74333333,0.130081177
31.74666667,0.161478678
31.75,0.177764893
31.75333333,0.182993571
31.75666667,0.17612203
31.76,0.225830078
31.76333333,0.196055094
31.76666667,0.212656657
31.77,0.202026367
31.77333333,0.21744283
31.77666667,0.221252441
31.78,0.203826904
31.78333333,0.182902018
31.78666667,0.197387695
31.79,0.241439819
31.79333333,0.229268392
31.79666667,0.209442139
31.8,0.204238892
31.80333333,0.177108765
31.80666667,0.149175008
31.81,0.168395996
31.81333333,0.148045858
31.81666667,0.217920939
31.82,0.227752686
31.82333333,0.229934692
31.82666667,0.228749593
31.83,0.20904541
31.83333333,0.218836466
31.83666667,0.221547445
31.84,0.24281311
31.84333333,0.234105428
31.84666667,0.214614868
31.85,0.285720825
31.85333333,0.285502116
31.85666667,0.275024414
31.86,0.253723145
31.86333333,0.272440592
31.86666667,0.261993408
31.87,0.303329468
31.87333333,0.337315877
31.87666667,0.295557658
31.88,0.348083496
31.88333333,0.345484416
31.88666667,0.384394328
31.89,0.361343384
31.89333333,0.360249837
31.89666667,0.339787801
31.9,0.42137146
31.90333333,0.404871623
31.90666667,0.386286418
31.91,0.415130615
31.91333333,0.510645549
31.91666667,0.437291463
31.92,0.433074951
31.92333333,0.431162516
31.92666667,0.445622762
31.93,0.45954895
31.93333333,0.487136841
31.93666667,0.427093506
31.94,0.438903809
31.94333333,0.392878215
31.94666667,0.383117676
31.95,0.418701172
31.95333333,0.407485962
31.95666667,0.392974854
31.96,0.406799316
31.96333333,0.33136495
31.96666667,0.339202881
31.97,0.334030151
31.97333333,0.27571106
31.97666667,0.283554077
31.98,0.237518311
31.98333333,0.285212199
31.98666667,0.23479716
31.99,0.223007202
31.99333333,0.227264404
31.99666667,0.191085815
32,0.189590454
32.00333333,0.204788208
32.00666667,0.188293457
32.01,0.127090454
32.01333333,0.13049825
32.01666667,0.080922445
32.02,0.094116211
32.02333333,0.125361125
32.02666667,0.114059448
32.03,0.049163818
32.03333333,0.132700602
32.03666667,0.10462443
32.04,0.180526733
32.04333333,0.124674479
32.04666667,0.138371785
32.05,0.080947876
32.05333333,0.083847046
32.05666667,0.097198486
32.06,0.072128296
32.06333333,0.023198446
32.06666667,0.08392334
32.07,0.06300354
32.07333333,0.070805868
32.07666667,0.129384359
32.08,0.126403809
32.08333333,0.089518229
32.08666667,0.140370687
32.09,0.125869751
32.09333333,0.092330933
32.09666667,0.132212321
32.1,0.095443726
32.10333333,0.123418172
32.10666667,0.126281738
32.11,0.085083008
32.11333333,0.094731649
32.11666667,0.125935872
32.12,0.147994995
32.12333333,0.143437703
32.12666667,0.104766846
32.13,0.112213135
32.13333333,0.103123983
32.13666667,0.130518595
32.14,0.09336853
32.14333333,0.1334788
32.14666667,0.135218302
32.15,0.116424561
32.15333333,0.103942871
32.15666667,0.086207072
32.16,0.099517822
32.16333333,0.082611084
32.16666667,0.094095866
32.17,0.168151855
32.17333333,0.170684814
32.17666667,0.173395793
32.18,0.121124268
32.18333333,0.141601562
32.18666667,0.097885132
32.19,0.129211426
32.19333333,0.109766642
32.19666667,0.095479329
32.2,0.078048706
32.20333333,0.098012288
32.20666667,0.109502157
32.21,0.124160767
32.21333333,0.119430542
32.21666667,0.106709798
32.22,0.082061768
32.22333333,0.105662028
32.22666667,0.126988729
32.23,0.107009888
32.23333333,0.108515422
32.23666667,0.125798543
32.24,0.07144165
32.24333333,0.033732096
32.24666667,0.096130371
32.25,0.093078613
32.25333333,0.110610962
32.25666667,0.10488383
32.26,0.107940674
32.26333333,0.107579549
32.26666667,0.089162191
32.27,0.140853882
32.27333333,0.130050659
32.27666667,0.090835571
32.28,0.105407715
32.28333333,0.098012288
32.28666667,0.078684489
32.29,0.089172363
32.29333333,0.113815308
32.29666667,0.126566569
32.3,0.145721436
32.30333333,0.121683757
32.30666667,0.114817301
32.31,0.100891113
32.31333333,0.060943604
32.31666667,0.098317464
32.32,-0.003051758
32.32333333,0.034673055
32.32666667,0.051900228
32.33,0.014755249
32.33333333,-0.026321411
32.33666667,-0.002222697
32.34,-0.025100708
32.34333333,0.035873413
32.34666667,0.043182373
32.35,0.056381226
32.35333333,0.078694661
32.35666667,0.077367147
32.36,0.097229004
32.36333333,0.143234253
32.36666667,0.093968709
32.37,0.092330933
32.37333333,0.06942749
32.37666667,0.054072062
32.38,0.045700073
32.38333333,0.100377401
32.38666667,0.108291626
32.39,0.090652466
32.39333333,0.114003499
32.39666667,0.084279378
32.4,0.101013184
32.40333333,0.080012004
32.40666667,0.101582845
32.41,0.074874878
32.41333333,0.097320557
32.41666667,0.059382121
32.42,0.088119507
32.42333333,0.087046305
32.42666667,0.072194417
32.43,0.047485352
32.43333333,0.076039632
32.43666667,0.127304077
32.44,0.090240479
32.44333333,0.111012777
32.44666667,0.10458374
32.45,0.128479004
32.45333333,0.092437744
32.45666667,0.091039022
32.46,0.108459473
32.46333333,0.09051005
32.46666667,0.147094727
32.47,0.119750977
32.47333333,0.160079956
32.47666667,0.128641764
32.48,0.126312256
32.48333333,0.153249105
32.48666667,0.140619914
32.49,0.173309326
32.49333333,0.160736084
32.49666667,0.148646037
32.5,0.116729736
32.50333333,0.146616618
32.50666667,0.170847575
32.51,0.115890503
32.51333333,0.092183431
32.51666667,0.127512614
32.52,0.156417847
32.52333333,0.108388265
32.52666667,0.163955688
32.53,0.206268311
32.53333333,0.200602214
32.53666667,0.166870117
32.54,0.104141235
32.54333333,0.116867065
32.54666667,0.094451904
32.55,0.136871338
32.55333333,0.145792643
32.55666667,0.160242716
32.56,0.098144531
32.56333333,0.088470459
32.56666667,0.088043213
32.57,0.069824219
32.57333333,0.082524618
32.57666667,0.08577474
32.58,0.118637085
32.58333333,0.105794271
32.58666667,0.069030762
32.59,0.092102051
32.59333333,0.096781413
32.59666667,0.131317139
32.6,0.088348389
32.60333333,0.10516866
32.60666667,0.109771729
32.61,0.113998413
32.61333333,0.122975667
32.61666667,0.12029012
32.62,0.095626831
32.62333333,0.107192993
32.62666667,0.088221232
32.63,0.153701782
32.63333333,0.194651286
32.63666667,0.213887533
32.64,0.29864502
32.64333333,0.328811646
32.64666667,0.419687907
32.65,0.391998291
32.65333333,0.397369385
32.65666667,0.356470744
32.66,0.279678345
32.66333333,0.229690552
32.66666667,0.19938151
32.67,0.067352295
32.67333333,0.036753337
32.67666667,-0.063105265
32.68,-0.097854614
32.68333333,-0.124181112
32.68666667,-0.104919434
32.69,-0.099075317
32.69333333,-0.030934652
32.69666667,-0.011754354
32.7,0.118865967
32.70333333,0.187998454
32.70666667,0.226826986
32.71,0.17276001
32.71333333,0.185460409
32.71666667,0.158742269
32.72,0.256469727
32.72333333,0.182912191
32.72666667,0.193115234
32.73,0.188430786
32.73333333,0.245997111
32.73666667,0.225550334
32.74,0.213943481
32.74333333,0.188725789
32.74666667,0.194691976
32.75,0.177001953
32.75333333,0.156300863
32.75666667,0.265899658
32.76,0.267837524
32.76333333,0.248555501
32.76666667,0.240529378
32.77,0.286865234
32.77333333,0.2959493
32.77666667,0.237513224
32.78,0.287918091
32.78333333,0.26898702
32.78666667,0.300888062
32.79,0.302841187
32.79333333,0.290303548
32.79666667,0.291549683
32.8,0.298080444
32.80333333,0.281809489
32.80666667,0.271998088
32.81,0.243438721
32.81333333,0.304300944
32.81666667,0.291188558
32.82,0.287475586
32.82333333,0.282414754
32.82666667,0.282536825
32.83,0.285369873
32.83333333,0.326283773
32.83666667,0.378438314
32.84,0.364151001
32.84333333,0.348124186
32.84666667,0.334335327
32.85,0.336532593
32.85333333,0.404281616
32.85666667,0.378387451
32.86,0.385574341
32.86333333,0.388163249
32.86666667,0.409876506
32.87,0.392608643
32.87333333,0.40864563
32.87666667,0.416224162
32.88,0.424530029
32.88333333,0.43182373
32.88666667,0.462417603
32.89,0.453765869
32.89333333,0.455332438
32.89666667,0.474807739
32.9,0.417327881
32.90333333,0.475346883
32.90666667,0.502283732
32.91,0.449050903
32.91333333,0.48924764
32.91666667,0.475438436
32.92,0.44821167
32.92333333,0.455800374
32.92666667,0.451761882
32.93,0.520477295
32.93333333,0.476303101
32.93666667,0.424616496
32.94,0.382781982
32.94333333,0.378133138
32.94666667,0.430241903
32.95,0.394210815
32.95333333,0.35488383
32.95666667,0.377197266
32.96,0.366134644
32.96333333,0.345550537
32.96666667,0.35677592
32.97,0.331817627
32.97333333,0.284678141
32.97666667,0.256251017
32.98,0.277008057
32.98333333,0.302759806
32.98666667,0.294672648
32.99,0.267074585
32.99333333,0.267161051
32.99666667,0.233632406
33,0.219345093
33.00333333,0.233581543
33.00666667,0.227183024
33.01,0.257278442
33.01333333,0.282028198
33.01666667,0.271377563
33.02,0.280426025
33.02333333,0.258163452
33.02666667,0.306131999
33.03,0.296340942
33.03333333,0.271021525
33.03666667,0.247940063
33.04,0.251785278
33.04333333,0.246510824
33.04666667,0.272862752
33.05,0.335388184
33.05333333,0.285222371
33.05666667,0.230982463
33.06,0.247360229
33.06333333,0.258417765
33.06666667,0.25390625
33.07,0.2212677
33.07333333,0.256362915
33.07666667,0.231211344
33.08,0.24041748
33.08333333,0.240453084
33.08666667,0.241104126
33.09,0.229873657
33.09333333,0.191874186
33.09666667,0.227320353
33.1,0.206069946
33.10333333,0.243871053
33.10666667,0.23836263
33.11,0.261352539
33.11333333,0.269902547
33.11666667,0.278727214
33.12,0.235107422
33.12333333,0.259440104
33.12666667,0.248703003
33.13,0.229568481
33.13333333,0.223795573
33.13666667,0.239344279
33.14,0.247955322
33.14333333,0.268849691
33.14666667,0.255015055
33.15,0.27381897
33.15333333,0.315114339
33.15666667,0.286824544
33.16,0.254745483
33.16333333,0.321014404
33.16666667,0.312805176
33.17,0.310882568
33.17333333,0.284525553
33.17666667,0.286209106
33.18,0.270812988
33.18333333,0.317052205
33.18666667,0.263977051
33.19,0.272079468
33.19333333,0.272298177
33.19666667,0.318008423
33.2,0.300598145
33.20333333,0.307698568
33.20666667,0.309310913
33.21,0.314041138
33.21333333,0.319798787
33.21666667,0.270640055
33.22,0.329605103
33.22333333,0.287663778
33.22666667,0.315551758
33.23,0.360534668
33.23333333,0.350367228
33.23666667,0.312520345
33.24,0.304946899
33.24333333,0.316614787
33.24666667,0.323226929
33.25,0.242233276
33.25333333,0.252029419
33.25666667,0.227320353
33.26,0.260772705
33.26333333,0.281667074
33.26666667,0.251795451
33.27,0.266952515
33.27333333,0.291478475
33.27666667,0.242151896
33.28,0.296279907
33.28333333,0.261332194
33.28666667,0.28406779
33.29,0.335586548
33.29333333,0.278788249
33.29666667,0.322062174
33.3,0.303039551
33.30333333,0.309814453
33.30666667,0.294392904
33.31,0.345489502
33.31333333,0.325719198
33.31666667,0.310490926
33.32,0.3021698
33.32333333,0.323043823
33.32666667,0.327006022
33.33,0.352157593
33.33333333,0.371805827
33.33666667,0.365651449
33.34,0.274581909
33.34333333,0.284769694
33.34666667,0.319641113
33.35,0.339508057
33.35333333,0.336242676
33.35666667,0.343399048
33.36,0.332687378
33.36333333,0.320103963
33.36666667,0.335159302
33.37,0.31602478
33.37333333,0.285883586
33.37666667,0.300069173
33.38,0.292434692
33.38333333,0.321909587
33.38666667,0.299509684
33.39,0.33164978
33.39333333,0.360392253
33.39666667,0.338007609
33.4,0.338897705
33.40333333,0.342086792
33.40666667,0.323287964
33.41,0.311462402
33.41333333,0.302098592
33.41666667,0.27885437
33.42,0.345031738
33.42333333,0.328796387
33.42666667,0.301569621
33.43,0.323501587
33.43333333,0.367787679
33.43666667,0.364481608
33.44,0.318313599
33.44333333,0.352233887
33.44666667,0.377782186
33.45,0.369873047
33.45333333,0.340789795
33.45666667,0.352010091
33.46,0.338928223
33.46333333,0.343658447
33.46666667,0.339406331
33.47,0.402709961
33.47333333,0.369435628
33.47666667,0.341878255
33.48,0.334533691
33.48333333,0.345052083
33.48666667,0.33366394
33.49,0.331939697
33.49333333,0.330551147
33.49666667,0.363789876
33.5,0.360870361
33.50333333,0.357264201
33.50666667,0.377812703
33.51,0.34564209
33.51333333,0.357137044
33.51666667,0.353749593
33.52,0.372940063
33.52333333,0.341557821
33.52666667,0.32460022
33.53,0.344680786
33.53333333,0.356114705
33.53666667,0.354904175
33.54,0.376693726
33.54333333,0.354807536
33.54666667,0.338775635
33.55,0.32951355
33.55333333,0.287043254
33.55666667,0.293156942
33.56,0.33140564
33.56333333,0.325586955
33.56666667,0.329564412
33.57,0.302658081
33.57333333,0.322001139
33.57666667,0.359863281
33.58,0.36088562
33.58333333,0.331370036
33.58666667,0.379343669
33.59,0.341445923
33.59333333,0.328445435
33.59666667,0.348642985
33.6,0.323562622
33.60333333,0.412724813
33.60666667,0.484176636
33.61,0.575286865
33.61333333,0.588429769
33.61666667,0.632756551
33.62,0.627700806
33.62333333,0.582809448
33.62666667,0.542348226
33.63,0.450119019
33.63333333,0.361302694
33.63666667,0.374964396
33.64,0.308303833
33.64333333,0.204488118
33.64666667,0.088236491
33.65,0.057678223
33.65333333,0.060755412
33.65666667,0.101969401
33.66,0.18711853
33.66333333,0.192092896
33.66666667,0.273640951
33.67,0.36706543
33.67333333,0.432739258
33.67666667,0.39994812
33.68,0.35005188
33.68333333,0.377985636
33.68666667,0.391779582
33.69,0.398452759
33.69333333,0.403366089
33.69666667,0.43216451
33.7,0.428009033
33.70333333,0.390874227
33.70666667,0.466710409
33.71,0.440841675
33.71333333,0.428365072
33.71666667,0.431086222
33.72,0.451034546
33.72333333,0.475601196
33.72666667,0.487040202
33.73,0.447753906
33.73333333,0.444208781
33.73666667,0.447118123
33.74,0.514526367
33.74333333,0.499008179
33.74666667,0.496241252
33.75,0.478744507
33.75333333,0.506922404
33.75666667,0.490142822
33.76,0.514190674
33.76333333,0.502161662
33.76666667,0.487442017
33.77,0.509872437
33.77333333,0.537475586
33.77666667,0.545608521
33.78,0.560577393
33.78333333,0.526072184
33.78666667,0.509256999
33.79,0.523178101
33.79333333,0.480321248
33.79666667,0.52061971
33.8,0.558776855
33.80333333,0.523930868
33.80666667,0.554107666
33.81,0.552047729
33.81333333,0.58652242
33.81666667,0.573628743
33.82,0.592498779
33.82333333,0.598347982
33.82666667,0.599858602
33.83,0.608596802
33.83333333,0.672531128
33.83666667,0.672505697
33.84,0.708389282
33.84333333,0.684254964
33.84666667,0.66422526
33.85,0.667495728
33.85333333,0.715204875
33.85666667,0.726750692
33.86,0.673522949
33.86333333,0.690175374
33.86666667,0.703684489
33.87,0.738555908
33.87333333,0.698638916
33.87666667,0.706242879
33.88,0.754272461
33.88333333,0.713704427
33.88666667,0.730143229
33.89,0.727813721
33.89333333,0.728851318
33.89666667,0.688817342
33.9,0.735015869
33.90333333,0.735748291
33.90666667,0.714508057
33.91,0.690200806
33.91333333,0.670196533
33.91666667,0.695164998
33.92,0.612548828
33.92333333,0.59244283
33.92666667,0.582921346
33.93,0.55166626
33.93333333,0.52520752
33.93666667,0.549097697
33.94,0.542297363
33.94333333,0.514241536
33.94666667,0.507181803
33.95,0.577011108
33.95333333,0.494511922
33.95666667,0.446029663
33.96,0.461502075
33.96333333,0.451054891
33.96666667,0.496266683
33.97,0.514724731
33.97333333,0.495361328
33.97666667,0.442021688
33.98,0.465576172
33.98333333,0.464274089
33.98666667,0.472961426
33.99,0.471984863
33.99333333,0.50302124
33.99666667,0.497950236
34,0.490951538
34.00333333,0.479070028
34.00666667,0.477930705
34.01,0.466339111
34.01333333,0.459498088
34.01666667,0.480702718
34.02,0.483505249
34.02333333,0.464330037
34.02666667,0.478098551
34.03,0.525054932
34.03333333,0.527826945
34.03666667,0.54049174
34.04,0.509002686
34.04333333,0.539347331
34.04666667,0.525100708
34.05,0.549163818
34.05333333,0.532236735
34.05666667,0.550867716
34.06,0.561630249
34.06333333,0.542709351
34.06666667,0.49021403
34.07,0.507537842
34.07333333,0.492670695
34.07666667,0.503163656
34.08,0.514343262
34.08333333,0.523630778
34.08666667,0.523579915
34.09,0.506408691
34.09333333,0.532348633
34.09666667,0.508148193
34.1,0.514831543
34.10333333,0.578404744
34.10666667,0.535588582
34.11,0.540924072
34.11333333,0.536051432
34.11666667,0.519078573
34.12,0.52772522
34.12333333,0.50470988
34.12666667,0.51504008
34.13,0.511917114
34.13333333,0.547281901
34.13666667,0.624898275
34.14,0.564620972
34.14333333,0.510019938
34.14666667,0.499516805
34.15,0.523605347
34.15333333,0.528315226
34.15666667,0.534240723
34.16,0.51663208
34.16333333,0.47849528
34.16666667,0.524648031
34.17,0.544631958
34.17333333,0.545216878
34.17666667,0.532862345
34.18,0.545043945
34.18333333,0.489400228
34.18666667,0.548202515
34.19,0.543289185
34.19333333,0.59491984
34.19666667,0.553075155
34.2,0.580062866
34.20333333,0.533610026
34.20666667,0.532897949
34.21,0.590545654
34.21333333,0.599858602
34.21666667,0.610097249
34.22,0.587966919
34.22333333,0.603134155
34.22666667,0.60240682
34.23,0.601776123
34.23333333,0.617090861
34.23666667,0.599105835
34.24,0.5887146
34.24333333,0.576787313
34.24666667,0.563868205
34.25,0.576019287
34.25333333,0.560780843
34.25666667,0.553003947
34.26,0.551849365
34.26333333,0.567184448
34.26666667,0.584640503
34.27,0.593490601
34.27333333,0.609069824
34.27666667,0.569661458
34.28,0.579223633
34.28333333,0.575917562
34.28666667,0.575169881
34.29,0.59753418
34.29333333,0.578984578
34.29666667,0.612665812
34.3,0.57762146
34.30333333,0.574757894
34.30666667,0.602376302
34.31,0.601119995
34.31333333,0.571873983
34.31666667,0.53237915
34.32,0.591369629
34.32333333,0.612640381
34.32666667,0.612991333
34.33,0.60194397
34.33333333,0.618362427
34.33666667,0.591567993
34.34,0.638305664
34.34333333,0.621032715
34.34666667,0.609624227
34.35,0.626144409
34.35333333,0.635767619
34.35666667,0.614446004
34.36,0.609130859
34.36333333,0.560043335
34.36666667,0.553461711
34.37,0.554504395
34.37333333,0.598261515
34.37666667,0.606959025
34.38,0.632354736
34.38333333,0.63293457
34.38666667,0.624628703
34.39,0.565246582
34.39333333,0.595555623
34.39666667,0.578979492
34.4,0.547943115
34.40333333,0.559066772
34.40666667,0.561172485
34.41,0.594985962
34.41333333,0.639134725
34.41666667,0.617472331
34.42,0.616378784
34.42333333,0.694341024
34.42666667,0.70572408
34.43,0.706054688
34.43333333,0.725631714
34.43666667,0.705998739
34.44,0.711532593
34.44333333,0.771143595
34.44666667,0.801040649
34.45,0.782623291
34.45333333,0.826609294
34.45666667,0.847035726
34.46,0.861328125
34.46333333,0.887237549
34.46666667,0.945281982
34.47,0.93170166
34.47333333,0.94686381
34.47666667,0.913126628
34.48,0.874420166
34.48333333,0.911839803
34.48666667,0.925130208
34.49,0.915267944
34.49333333,0.889750163
34.49666667,0.885447184
34.5,0.911712646
34.50333333,0.865041097
34.50666667,0.891927083
34.51,0.84463501
34.51333333,0.831848145
34.51666667,0.854212443
34.52,0.86491394
34.52333333,0.886042277
34.52666667,0.912841797
34.53,0.90486145
34.53333333,0.885950724
34.53666667,0.825856527
34.54,0.821578979
34.54333333,0.841547648
34.54666667,0.865331014
34.55,0.888671875
34.55333333,0.900431315
34.55666667,0.888707479
34.56,0.905899048
34.56333333,0.894780477
34.56666667,0.911865234
34.57,0.960250854
34.57333333,1.014165243
34.57666667,1.0687205
34.58,1.120346069
34.58333333,1.188913981
34.58666667,1.199386597
34.59,1.218704224
34.59333333,1.20370992
34.59666667,1.166742961
34.6,1.096572876
34.60333333,1.049697876
34.60666667,1.003911336
34.61,0.866043091
34.61333333,0.80082194
34.61666667,0.676345825
34.62,0.644210815
34.62333333,0.630666097
34.62666667,0.694259644
34.63,0.645401001
34.63333333,0.704345703
34.63666667,0.812672933
34.64,0.850006104
34.64333333,0.911214193
34.64666667,0.849411011
34.65,0.847702026
34.65333333,0.933375041
34.65666667,0.938644409
34.66,0.908554077
34.66333333,0.937795003
34.66666667,0.946807861
34.67,0.945327759
34.67333333,0.929270426
34.67666667,0.920237223
34.68,0.925827026
34.68333333,0.957895915
34.68666667,0.946065267
34.69,0.984939575
34.69333333,0.963653564
34.69666667,0.959732056
34.7,0.924606323
34.70333333,0.960067749
34.70666667,0.970921834
34.71,0.937591553
34.71333333,0.942565918
34.71666667,1.012395223
34.72,1.015411377
34.72333333,0.963628133
34.72666667,0.997253418
34.73,1.015335083
34.73333333,1.0374705
34.73666667,1.010787964
34.74,1.02973938
34.74333333,0.996739705
34.74666667,0.957158407
34.75,1.012802124
34.75333333,1.047780355
34.75666667,1.002161662
34.76,1.006698608
34.76333333,1.051091512
34.76666667,1.012318929
34.77,1.033432007
34.77333333,1.051147461
34.77666667,1.096928914
34.78,1.096466064
34.78333333,1.068344116
34.78666667,1.068120321
34.79,1.088302612
34.79333333,1.074040731
34.79666667,1.036936442
34.8,1.039199829
34.80333333,1.072987874
34.80666667,0.994267782
34.81,1.066619873
34.81333333,1.064910889
34.81666667,1.090011597
34.82,1.11000061
34.82333333,1.094314575
34.82666667,1.116114299
34.83,1.128463745
34.83333333,1.105753581
34.83666667,1.156972249
34.84,1.084365845
34.84333333,1.079564412
34.84666667,1.153554281
34.85,1.13494873
34.85333333,1.139704386
34.85666667,1.096252441
34.86,1.121932983
34.86333333,1.139226278
34.86666667,1.126073201
34.87,1.088562012
34.87333333,1.084162394
34.87666667,1.067504883
34.88,1.119049072
34.88333333,1.091512044
34.88666667,1.01671346
34.89,0.987731934
34.89333333,0.999806722
34.89666667,0.970011393
34.9,0.985870361
34.90333333,0.933461507
34.90666667,0.901051839
34.91,0.938217163
34.91333333,0.905303955
34.91666667,0.869878133
34.92,0.799499512
34.92333333,0.81648763
34.92666667,0.85530599
34.93,0.817733765
34.93333333,0.849533081
34.93666667,0.844467163
34.94,0.792922974
34.94333333,0.793457031
34.94666667,0.794240316
34.95,0.826416016
34.95333333,0.791015625
34.95666667,0.704340617
34.96,0.741973877
34.96333333,0.790064494
34.96666667,0.835520426
34.97,0.827148437
34.97333333,0.777628581
34.97666667,0.772338867
34.98,0.733627319
34.98333333,0.716298421
34.98666667,0.772750854
34.99,0.810852051
34.99333333,0.804779053
34.99666667,0.863601685
35,0.89302063
35.00333333,0.921910604
35.00666667,0.927820841
35.01,0.938476563
35.01333333,0.957265218
35.01666667,0.931091309
35.02,0.949874878
35.02333333,0.962839762
35.02666667,0.950068156
35.03,0.946060181
35.03333333,0.961583455
35.03666667,1.030466715
35.04,1.037826538
35.04333333,1.017964681
35.04666667,1.024729411
35.05,1.016235352
35.05333333,1.010996501
35.05666667,1.025141398
35.06,1.002624512
35.06333333,1.022598267
35.06666667,1.014378866
35.07,1.054122925
35.07333333,1.040461222
35.07666667,1.029429118
35.08,1.018386841
35.08333333,0.991821289
35.08666667,1.000874837
35.09,1.092529297
35.09333333,1.014500936
35.09666667,1.089564006
35.1,1.061706543
35.10333333,1.047790527
35.10666667,1.005930583
35.11,0.990356445
35.11333333,0.960510254
35.11666667,0.95354716
35.12,0.930023193
35.12333333,1.016148885
35.12666667,0.999170939
35.13,0.944351196
35.13333333,0.932744344
35.13666667,0.942611694
35.14,0.949035645
35.14333333,0.95316569
35.14666667,0.963811239
35.15,0.912475586
35.15333333,0.915522257
35.15666667,0.931920369
35.16,0.938323975
35.16333333,0.915059408
35.16666667,0.898869832
35.17,0.935501099
35.17333333,0.923329671
35.17666667,0.914296468
35.18,0.92250061
35.18333333,0.908660889
35.18666667,0.930547078
35.19,0.923599243
35.19333333,0.922938029
35.19666667,0.927388509
35.2,0.92300415
35.20333333,0.911249797
35.20666667,0.881134033
35.21,0.88760376
35.21333333,0.897496541
35.21666667,0.924631755
35.22,0.911560059
35.22333333,0.877293905
35.22666667,0.843582153
35.23,0.838806152
35.23333333,0.841700236
35.23666667,0.826497396
35.24,0.885513306
35.24333333,0.843516032
35.24666667,0.847549438
35.25,0.830459595
35.25333333,0.823338826
35.25666667,0.799631755
35.26,0.843566895
35.26333333,0.857533773
35.26666667,0.79943339
35.27,0.847000122
35.27333333,0.869796753
35.27666667,0.820383708
35.28,0.882751465
35.28333333,0.843429565
35.28666667,0.80430603
35.29,0.825744629
35.29333333,0.870997111
35.29666667,0.849909465
35.3,0.819320679
35.30333333,0.832326253
35.30666667,0.872782389
35.31,0.858474731
35.31333333,0.861155192
35.31666667,0.879821777
35.32,0.843170166
35.32333333,0.882039388
35.32666667,0.838404338
35.33,0.899490356
35.33333333,0.870641073
35.33666667,0.864089966
35.34,0.850830078
35.34333333,0.848780314
35.34666667,0.820953369
35.35,0.859603882
35.35333333,0.841033936
35.35666667,0.871429443
35.36,0.833282471
35.36333333,0.827651978
35.36666667,0.869089762
35.37,0.878952026
35.37333333,0.853185018
35.37666667,0.892150879
35.38,0.933898926
35.38333333,0.870920817
35.38666667,0.911865234
35.39,0.949020386
35.39333333,0.929280599
35.39666667,0.887481689
35.4,0.857009888
35.40333333,0.904841105
35.40666667,0.906133016
35.41,0.877105713
35.41333333,0.925969442
35.41666667,0.939559937
35.42,0.965255737
35.42333333,0.970855713
35.42666667,0.964899699
35.43,0.961303711
35.43333333,0.964940389
35.43666667,0.969731649
35.44,0.984024048
35.44333333,0.961451213
35.44666667,0.954706828
35.45,1.022720337
35.45333333,0.986404419
35.45666667,0.991531372
35.46,1.029846191
35.46333333,1.010284424
35.46666667,1.009801229
35.47,1.037475586
35.47333333,1.069010417
35.47666667,1.056777954
35.48,1.089981079
35.48333333,1.131871541
35.48666667,1.188710531
35.49,1.286346436
35.49333333,1.292388916
35.49666667,1.402811686
35.5,1.429748535
35.50333333,1.361475627
35.50666667,1.254013062
35.51,1.181762695
35.51333333,1.15802002
35.51666667,1.098683675
35.52,1.024276733
35.52333333,0.99037679
35.52666667,0.96832784
35.53,0.889221191
35.53333333,0.812149048
35.53666667,0.845728556
35.54,0.853439331
35.54333333,0.898259481
35.54666667,0.935750326
35.55,0.937652588
35.55333333,1.038787842
35.55666667,1.073527018
35.56,1.081588745
35.56333333,1.043360392
35.56666667,1.038029989
35.57,1.066940308
35.57333333,1.076838175
35.57666667,1.095194499
35.58,1.051254272
35.58333333,1.114018758
35.58666667,1.152277629
35.59,1.125640869
35.59333333,1.096171061
35.59666667,1.116083781
35.6,1.13243103
35.60333333,1.144378662
35.60666667,1.096796672
35.61,1.121429443
35.61333333,1.091842651
35.61666667,1.088409424
35.62,1.083023071
35.62333333,1.058761597
35.62666667,1.078008016
35.63,1.095046997
35.63333333,1.092147827
35.63666667,1.12214152
35.64,1.087738037
35.64333333,1.065622965
35.64666667,1.099370321
35.65,1.160430908
35.65333333,1.113001506
35.65666667,1.160720825
35.66,1.136047363
35.66333333,1.145965576
35.66666667,1.124572754
35.67,1.103347778
35.67333333,1.077000936
35.67666667,1.095296224
35.68,1.132888794
35.68333333,1.12874349
35.68666667,1.153447469
35.69,1.1668396
35.69333333,1.165908813
35.69666667,1.187067668
35.7,1.264877319
35.70333333,1.295252482
35.70666667,1.300633748
35.71,1.271850586
35.71333333,1.277674357
35.71666667,1.32194519
35.72,1.331451416
35.72333333,1.319981893
35.72666667,1.328664144
35.73,1.34765625
35.73333333,1.356430054
35.73666667,1.330505371
35.74,1.390808105
35.74333333,1.426986694
35.74666667,1.449325562
35.75,1.435089111
35.75333333,1.437093099
35.75666667,1.399454753
35.76,1.375946045
35.76333333,1.369618734
35.76666667,1.443659465
35.77,1.418518066
35.77333333,1.405502319
35.77666667,1.39600118
35.78,1.374343872
35.78333333,1.408818563
35.78666667,1.439921061
35.79,1.448959351
35.79333333,1.406555176
35.79666667,1.392466227
35.8,1.39793396
35.80333333,1.356201172
35.80666667,1.380686442
35.81,1.314163208
35.81333333,1.327362061
35.81666667,1.27667745
35.82,1.316375732
35.82333333,1.327911377
35.82666667,1.291020711
35.83,1.273666382
35.83333333,1.215744019
35.83666667,1.183517456
35.84,1.189498901
35.84333333,1.172790527
35.84666667,1.149836222
35.85,1.148834229
35.85333333,1.131429036
35.85666667,1.191584269
35.86,1.233016968
35.86333333,1.253616333
35.86666667,1.227213542
35.87,1.230529785
35.87333333,1.244191488
35.87666667,1.253514608
35.88,1.257324219
35.88333333,1.286417643
35.88666667,1.29296875
35.89,1.267349243
35.89333333,1.28448995
35.89666667,1.287597656
35.9,1.290817261
35.90333333,1.264088949
35.90666667,1.221878052
35.91,1.215606689
35.91333333,1.177861532
35.91666667,1.210530599
35.92,1.232955933
35.92333333,1.208262126
35.92666667,1.17829895
35.93,1.190109253
35.93333333,1.20030721
35.93666667,1.151641846
35.94,1.180450439
35.94333333,1.13243103
35.94666667,1.177510579
35.95,1.152496338
35.95333333,1.183059692
35.95666667,1.187454224
35.96,1.179702759
35.96333333,1.166595459
35.96666667,1.18309021
35.97,1.164794922
35.97333333,1.156117757
35.97666667,1.167307536
35.98,1.191177368
35.98333333,1.167984009
35.98666667,1.142227173
35.99,1.126953125
35.99333333,1.221074422
35.99666667,1.168558757
36,1.203536987
36.00333333,1.28793335
36.00666667,1.297795614
36.01,1.293533325
36.01333333,1.251927694
36.01666667,1.340764364
36.02,1.362182617
36.02333333,1.413711548
36.02666667,1.385762533
36.03,1.307876587
36.03333333,1.279729207
36.03666667,1.299906413
36.04,1.317443848
36.04333333,1.303344727
36.04666667,1.322062174
36.05,1.350784302
36.05333333,1.366144816
36.05666667,1.408782959
36.06,1.357315063
36.06333333,1.411376953
36.06666667,1.355565389
36.07,1.371490479
36.07333333,1.349100749
36.07666667,1.373046875
36.08,1.466995239
36.08333333,1.433054606
36.08666667,1.412790934
36.09,1.363098145
36.09333333,1.388417562
36.09666667,1.365030924
36.1,1.340866089
36.10333333,1.405776978
36.10666667,1.439341227
36.11,1.432006836
36.11333333,1.444035848
36.11666667,1.441319784
36.12,1.443237305
36.12333333,1.441136678
36.12666667,1.482686361
36.13,1.446166992
36.13333333,1.502761841
36.13666667,1.515309652
36.14,1.552154541
36.14333333,1.540766398
36.14666667,1.50374349
36.15,1.449508667
36.15333333,1.460962931
36.15666667,1.495315552
36.16,1.505157471
36.16333333,1.512278239
36.16666667,1.533889771
36.17,1.519470215
36.17333333,1.544031779
36.17666667,1.52750651
36.18,1.578079224
36.18333333,1.562169393
36.18666667,1.556833903
36.19,1.534301758
36.19333333,1.550145467
36.19666667,1.505442301
36.2,1.498565674
36.20333333,1.540974935
36.20666667,1.549535116
36.21,1.537887573
36.21333333,1.512608846
36.21666667,1.494420369
36.22,1.543060303
36.22333333,1.590138753
36.22666667,1.56161499
36.23,1.583694458
36.23333333,1.552276611
36.23666667,1.560216268
36.24,1.574768066
36.24333333,1.564509074
36.24666667,1.531504313
36.25,1.59072876
36.25333333,1.61555481
36.25666667,1.59975179
36.26,1.640884399
36.26333333,1.671381632
36.26666667,1.679967244
36.27,1.678222656
36.27333333,1.69144694
36.27666667,1.730173747
36.28,1.627197266
36.28333333,1.584676107
36.28666667,1.635955811
36.29,1.635696411
36.29333333,1.624745687
36.29666667,1.589797974
36.3,1.626815796
36.30333333,1.584289551
36.30666667,1.576207479
36.31,1.621704102
36.31333333,1.608362834
36.31666667,1.615269979
36.32,1.668045044
36.32333333,1.591074626
36.32666667,1.622289022
36.33,1.609161377
36.33333333,1.610819499
36.33666667,1.613830566
36.34,1.672958374
36.34333333,1.595265706
36.34666667,1.630930583
36.35,1.630249023
36.35333333,1.655212402
36.35666667,1.628840129
36.36,1.632888794
36.36333333,1.618479411
36.36666667,1.643651326
36.37,1.693099976
36.37333333,1.737101237
36.37666667,1.773300171
36.38,1.819900513
36.38333333,1.911951701
36.38666667,2.004755656
36.39,1.914855957
36.39333333,1.813262939
36.39666667,1.751352946
36.4,1.679382324
36.40333333,1.630554199
36.40666667,1.564493815
36.41,1.511001587
36.41333333,1.492792765
36.41666667,1.409276326
36.42,1.434463501
36.42333333,1.410730998
36.42666667,1.398574829
36.43,1.458129883
36.43333333,1.526056925
36.43666667,1.63230896
36.44,1.68196106
36.44333333,1.690088908
36.44666667,1.681711833
36.45,1.718139648
36.45333333,1.729385376
36.45666667,1.763804118
36.46,1.727600098
36.46333333,1.718114217
36.46666667,1.756235758
36.47,1.792327881
36.47333333,1.788609823
36.47666667,1.8040212
36.48,1.848358154
36.48333333,1.871236165
36.48666667,1.826324463
36.49,1.831466675
36.49333333,1.866882324
36.49666667,1.871465047
36.5,1.818084717
36.50333333,1.865824382
36.50666667,1.910730998
36.51,1.895263672
36.51333333,1.907877604
36.51666667,1.833953857
36.52,1.860397339
36.52333333,1.868565877
36.52666667,1.881449382
36.53,1.884460449
36.53333333,1.877161662
36.53666667,1.900838216
36.54,1.907424927
36.54333333,1.845896403
36.54666667,1.890223185
36.55,1.892700195
36.55333333,1.902531942
36.55666667,1.908747355
36.56,1.949859619
36.56333333,1.965754191
36.56666667,1.965967814
36.57,1.992492676
36.57333333,1.992950439
36.57666667,1.971842448
36.58,1.946212769
36.58333333,1.940790812
36.58666667,1.9790802
36.59,2.004348755
36.59333333,2.013097127
36.59666667,2.052296956
36.6,2.064971924
36.60333333,2.052861532
36.60666667,2.084945679
36.61,2.093505859
36.61333333,2.142333984
36.61666667,2.124048869
36.62,2.129959106
36.62333333,2.132283529
36.62666667,2.136057536
36.63,2.160202026
36.63333333,2.168451945
36.63666667,2.172805786
36.64,2.139556885
36.64333333,2.059422811
36.64666667,2.127009074
36.65,2.137145996
36.65333333,2.200714111
36.65666667,2.192352295
36.66,2.191345215
36.66333333,2.173695882
36.66666667,2.171961466
36.67,2.156326294
36.67333333,2.133814494
36.67666667,2.133061727
36.68,2.152877808
36.68333333,2.122065226
36.68666667,2.133076986
36.69,2.089935303
36.69333333,2.108876546
36.69666667,2.059580485
36.7,2.028656006
36.70333333,2.079396566
36.70666667,2.043945312
36.71,1.993148804
36.71333333,1.970784505
36.71666667,1.94287618
36.72,2.035446167
36.72333333,2.048095703
36.72666667,2.018610636
36.73,2.000549316
36.73333333,2.02911377
36.73666667,2.033472697
36.74,1.97946167
36.74333333,1.98723348
36.74666667,2.023152669
36.75,2.000427246
36.75333333,1.994725545
36.75666667,2.035736084
36.76,2.004760742
36.76333333,1.996744792
36.76666667,2.021636963
36.77,2.066162109
36.77333333,2.053171794
36.77666667,1.99041748
36.78,2.003753662
36.78333333,2.036437988
36.78666667,2.081532796
36.79,2.074127197
36.79333333,2.09240214
36.79666667,2.108373006
36.8,2.102203369
36.80333333,2.07530721
36.80666667,2.071762085
36.81,2.103363037
36.81333333,2.111195882
36.81666667,2.12580363
36.82,2.141738892
36.82333333,2.107162476
36.82666667,2.09274292
36.83,2.118667603
36.83333333,2.117029826
36.83666667,2.1346639
36.84,2.178634644
36.84333333,2.158294678
36.84666667,2.200408936
36.85,2.184753418
36.85333333,2.162150065
36.85666667,2.139765422
36.86,2.128540039
36.86333333,2.174448649
36.86666667,2.166086833
36.87,2.209762573
36.87333333,2.158508301
36.87666667,2.181371053
36.88,2.234146118
36.88333333,2.224578857
36.88666667,2.228968302
36.89,2.23135376
36.89333333,2.19960022
36.89666667,2.164159139
36.9,2.176742554
36.90333333,2.188130697
36.90666667,2.179097493
36.91,2.173782349
36.91333333,2.212875366
36.91666667,2.179463704
36.92,2.200012207
36.92333333,2.208719889
36.92666667,2.208689372
36.93,2.201583862
36.93333333,2.239405314
36.93666667,2.202219645
36.94,2.225067139
36.94333333,2.221572876
36.94666667,2.191650391
36.95,2.194595337
36.95333333,2.201980591
36.95666667,2.289967855
36.96,2.315109253
36.96333333,2.269327799
36.96666667,2.255986532
36.97,2.292129517
36.97333333,2.326960246
36.97666667,2.320332845
36.98,2.299713135
36.98333333,2.327372233
36.98666667,2.324356079
36.99,2.309936523
36.99333333,2.262502035
36.99666667,2.297632853
37,2.307510376
37.00333333,2.291402181
37.00666667,2.301661174
37.01,2.303588867
37.01333333,2.315500895
37.01666667,2.319361369
37.02,2.324829102
37.02333333,2.339136759
37.02666667,2.332901001
37.03,2.335983276
37.03333333,2.34858195
37.03666667,2.331563314
37.04,2.407455444
37.04333333,2.373174032
37.04666667,2.368001302
37.05,2.385482788
37.05333333,2.389673869
37.05666667,2.39483134
37.06,2.383544922
37.06333333,2.389689128
37.06666667,2.411905924
37.07,2.404220581
37.07333333,2.433410645
37.07666667,2.38705953
37.08,2.400894165
37.08333333,2.383677165
37.08666667,2.378158569
37.09,2.447799683
37.09333333,2.471511841
37.09666667,2.464960734
37.1,2.45803833
37.10333333,2.468383789
37.10666667,2.422612508
37.11,2.488189697
37.11333333,2.477005005
37.11666667,2.487080892
37.12,2.496124268
37.12333333,2.507954915
37.12666667,2.483337402
37.13,2.510757446
37.13333333,2.481460571
37.13666667,2.510767619
37.14,2.490036011
37.14333333,2.555740356
37.14666667,2.520935059
37.15,2.509384155
37.15333333,2.566151937
37.15666667,2.536153158
37.16,2.545471191
37.16333333,2.567499797
37.16666667,2.546183268
37.17,2.557998657
37.17333333,2.534306844
37.17666667,2.55027771
37.18,2.543655396
37.18333333,2.522099813
37.18666667,2.564442952
37.19,2.598648071
37.19333333,2.596593221
37.19666667,2.636276245
37.2,2.585830688
37.20333333,2.612467448
37.20666667,2.605545044
37.21,2.577590942
37.21333333,2.63617452
37.21666667,2.650400798
37.22,2.664657593
37.22333333,2.627375285
37.22666667,2.604314168
37.23,2.55897522
37.23333333,2.603174845
37.23666667,2.597529093
37.24,2.61781311
37.24333333,2.649515788
37.24666667,2.584172567
37.25,2.567672729
37.25333333,2.624038696
37.25666667,2.600662231
37.26,2.684814453
37.26333333,2.617151896
37.26666667,2.591120402
37.27,2.554092407
37.27333333,2.619272868
37.27666667,2.589711507
37.28,2.594772339
37.28333333,2.576726278
37.28666667,2.547454834
37.29,2.580322266
37.29333333,2.607325236
37.29666667,2.615275065
37.3,2.582168579
37.30333333,2.554489136
37.30666667,2.666905721
37.31,2.660415649
37.31333333,2.711578369
37.31666667,2.764511108
37.32,2.809585571
37.32333333,2.848627726
37.32666667,2.907124837
37.33,2.887664795
37.33333333,2.886072795
37.33666667,2.875523885
37.34,2.809448242
37.34333333,2.74382019
37.34666667,2.714569092
37.35,2.555618286
37.35333333,2.483540853
37.35666667,2.421869914
37.36,2.33416748
37.36333333,2.386734009
37.36666667,2.396392822
37.37,2.444122314
37.37333333,2.489562988
37.37666667,2.558344523
37.38,2.587127686
37.38333333,2.692896525
37.38666667,2.702056885
37.39,2.70111084
37.39333333,2.709747314
37.39666667,2.653940837
37.4,2.718963623
37.40333333,2.722951253
37.40666667,2.684336344
37.41,2.71270752
37.41333333,2.72005717
37.41666667,2.712122599
37.42,2.741241455
37.42333333,2.748957316
37.42666667,2.772094727
37.43,2.758590698
37.43333333,2.739435832
37.43666667,2.750620524
37.44,2.765411377
37.44333333,2.805898031
37.44666667,2.778971354
37.45,2.769165039
37.45333333,2.773579915
37.45666667,2.779057821
37.46,2.79359436
37.46333333,2.781361898
37.46666667,2.812296549
37.47,2.820358276
37.47333333,2.833892822
37.47666667,2.790283203
37.48,2.778610229
37.48333333,2.880833944
37.48666667,2.883600871
37.49,2.865127563
37.49333333,2.831309001
37.49666667,2.837549845
37.5,2.837371826
37.50333333,2.857498169
37.50666667,2.900171916
37.51,2.879180908
37.51333333,2.857254028
37.51666667,2.822087606
37.52,2.885910034
37.52333333,2.968566895
37.52666667,2.928344727
37.53,2.965576172
37.53333333,3.025156657
37.53666667,3.013412476
37.54,3.025177002
37.54333333,3.045455933
37.54666667,3.053543091
37.55,3.056564331
37.55333333,3.079218547
37.55666667,3.048594157
37.56,3.062103271
37.56333333,3.054951986
37.56666667,3.075383504
37.57,3.08757019
37.57333333,3.105433146
37.57666667,3.115753174
37.58,3.098678589
37.58333333,3.076171875
37.58666667,3.073242187
37.59,3.181625366
37.59333333,3.143218994
37.59666667,3.090057373
37.6,3.084793091
37.60333333,3.097203573
37.60666667,3.107106527
37.61,3.060974121
37.61333333,3.082163493
37.61666667,3.0128479
37.62,3.071228027
37.62333333,3.022247314
37.62666667,3.022827148
37.63,2.984664917
37.63333333,2.965342204
37.63666667,2.909540812
37.64,2.972473145
37.64333333,2.915140788
37.64666667,2.863342285
37.65,2.881011963
37.65333333,2.849487305
37.65666667,2.920649211
37.66,2.877227783
37.66333333,2.881856283
37.66666667,2.844111125
37.67,2.856674194
37.67333333,2.814183553
37.67666667,2.890009562
37.68,2.884689331
37.68333333,2.869796753
37.68666667,2.875549316
37.69,2.873626709
37.69333333,2.854573568
37.69666667,2.83984375
37.7,2.87940979
37.70333333,2.842839559
37.70666667,2.817062378
37.71,2.838012695
37.71333333,2.889124552
37.71666667,2.871246338
37.72,2.856063843
37.72333333,2.851623535
37.72666667,2.849171956
37.73,2.821395874
37.73333333,2.866694132
37.73666667,2.86386617
37.74,2.875640869
37.74333333,2.878011068
37.74666667,2.85697937
37.75,2.880859375
37.75333333,2.887125651
37.75666667,2.908930461
37.76,2.861160278
37.76333333,2.852401733
37.76666667,2.84093221
37.77,2.858261108
37.77333333,2.87546285
37.77666667,2.864481608
37.78,2.8462677
37.78333333,2.824935913
37.78666667,2.787378947
37.79,2.887145996
37.79333333,2.858846029
37.79666667,2.866282145
37.8,2.904052734
37.80333333,2.867670695
37.80666667,2.909947713
37.81,2.884963989
37.81333333,2.895090739
37.81666667,2.88462321
37.82,2.874710083
37.82333333,2.814376831
37.82666667,2.798049927
37.83,2.848251343
37.83333333,2.852757772
37.83666667,2.874481201
37.84,2.801986694
37.84333333,2.854237874
37.84666667,2.807779948
37.85,2.797012329
37.85333333,2.807739258
37.85666667,2.832672119
37.86,2.859634399
37.86333333,2.808537801
37.86666667,2.796605428
37.87,2.830825806
37.87333333,2.845840454
37.87666667,2.829905192
37.88,2.838378906
37.88333333,2.832768758
37.88666667,2.854288737
37.89,2.852722168
37.89333333,2.83640035
37.89666667,2.828562419
37.9,2.813034058
37.90333333,2.79914856
37.90666667,2.768539429
37.91,2.820144653
37.91333333,2.86076355
37.91666667,2.880350749
37.92,2.843688965
37.92333333,2.826802572
37.92666667,2.819585164
37.93,2.773483276
37.93333333,2.721862793
37.93666667,2.834691366
37.94,2.781677246
37.94333333,2.730957031
37.94666667,2.790445964
37.95,2.796325684
37.95333333,2.794296265
37.95666667,2.767786662
37.96,2.744735718
37.96333333,2.763178507
37.96666667,2.785873413
37.97,2.773345947
37.97333333,2.785166423
37.97666667,2.76667277
37.98,2.753189087
37.98333333,2.754033407
37.98666667,2.789871216
37.99,2.799530029
37.99333333,2.773986816
37.99666667,2.805318197
38,2.785110474
38.00333333,2.775075277
38.00666667,2.781570435
38.01,2.801925659
38.01333333,2.820831299
38.01666667,2.785466512
38.02,2.853179932
38.02333333,2.784505208
38.02666667,2.767008464
38.03,2.754562378
38.03333333,2.773640951
38.03666667,2.753890991
38.04,2.754608154
38.04333333,2.738215129
38.04666667,2.732452393
38.05,2.722625732
38.05333333,2.784586589
38.05666667,2.791371663
38.06,2.716949463
38.06333333,2.724105835
38.06666667,2.753346761
38.07,2.769897461
38.07333333,2.718495687
38.07666667,2.75537618
38.08,2.7550354
38.08333333,2.727762858
38.08666667,2.74760437
38.09,2.744400024
38.09333333,2.711644491
38.09666667,2.708318075
38.1,2.675018311
38.10333333,2.681162516
38.10666667,2.700887044
38.11,2.707550049
38.11333333,2.633570353
38.11666667,2.694574992
38.12,2.743103027
38.12333333,2.708409627
38.12666667,2.725189209
38.13,2.709197998
38.13333333,2.690353394
38.13666667,2.621068319
38.14,2.699829102
38.14333333,2.693013509
38.14666667,2.713628133
38.15,2.658081055
38.15333333,2.744628906
38.15666667,2.717341105
38.16,2.690673828
38.16333333,2.660481771
38.16666667,2.607599894
38.17,2.593673706
38.17333333,2.646316528
38.17666667,2.635279338
38.18,2.668319702
38.18333333,2.668482463
38.18666667,2.660059611
38.19,2.642288208
38.19333333,2.627629598
38.19666667,2.620885213
38.2,2.585296631
38.20333333,2.615193685
38.20666667,2.563410441
38.21,2.60458374
38.21333333,2.614522298
38.21666667,2.589391073
38.22,2.562530518
38.22333333,2.542215983
38.22666667,2.584996541
38.23,2.598892212
38.23333333,2.552057902
38.23666667,2.594100952
38.24,2.540878296
38.24333333,2.553456624
38.24666667,2.544657389
38.25,2.543640137
38.25333333,2.527572632
38.25666667,2.575820923
38.26,2.556411743
38.26333333,2.525894165
38.26666667,2.513173421
38.27,2.523269653
38.27333333,2.517222087
38.27666667,2.51864624
38.28,2.473251343
38.28333333,2.463989258
38.28666667,2.528330485
38.29,2.579452515
38.29333333,2.672119141
38.29666667,2.650812785
38.3,2.702865601
38.30333333,2.783045451
38.30666667,2.795115153
38.31,2.76725769
38.31333333,2.663503011
38.31666667,2.623799642
38.32,2.595397949
38.32333333,2.426640828
38.32666667,2.342376709
38.33,2.252029419
38.33333333,2.202097575
38.33666667,2.174128215
38.34,2.174316406
38.34333333,2.257603963
38.34666667,2.291600545
38.35,2.340621948
38.35333333,2.423207601
38.35666667,2.44863383
38.36,2.478271484
38.36333333,2.432322184
38.36666667,2.429478963
38.37,2.408691406
38.37333333,2.423751831
38.37666667,2.397384644
38.38,2.423294067
38.38333333,2.428334554
38.38666667,2.476628621
38.39,2.463577271
38.39333333,2.398595174
38.39666667,2.384348551
38.4,2.440719604
38.40333333,2.451405843
38.40666667,2.40838623
38.41,2.383361816
38.41333333,2.455668132
38.41666667,2.456792196
38.42,2.460342407
38.42333333,2.423700968
38.42666667,2.431818644
38.43,2.450088501
38.43333333,2.442499797
38.43666667,2.421768188
38.44,2.412490845
38.44333333,2.422017415
38.44666667,2.425689697
38.45,2.452697754
38.45333333,2.443969727
38.45666667,2.456283569
38.46,2.442459106
38.46333333,2.400934855
38.46666667,2.438583374
38.47,2.431228638
38.47333333,2.396606445
38.47666667,2.466283162
38.48,2.436935425
38.48333333,2.432428996
38.48666667,2.401484172
38.49,2.397094727
38.49333333,2.419225057
38.49666667,2.492406209
38.5,2.527236938
38.50333333,2.501861572
38.50666667,2.496770223
38.51,2.479278564
38.51333333,2.457539876
38.51666667,2.455749512
38.52,2.450271606
38.52333333,2.493952433
38.52666667,2.514134725
38.53,2.484054565
38.53333333,2.477060954
38.53666667,2.49887085
38.54,2.474411011
38.54333333,2.492584229
38.54666667,2.491953532
38.55,2.508087158
38.55333333,2.506734212
38.55666667,2.468139648
38.56,2.466552734
38.56333333,2.461619059
38.56666667,2.451400757
38.57,2.503692627
38.57333333,2.441299438
38.57666667,2.48206075
38.58,2.467971802
38.58333333,2.495066325
38.58666667,2.438746134
38.59,2.451675415
38.59333333,2.400629679
38.59666667,2.405537923
38.6,2.400360107
38.60333333,2.348002116
38.60666667,2.299748739
38.61,2.312683105
38.61333333,2.319249471
38.61666667,2.292607625
38.62,2.26890564
38.62333333,2.251866659
38.62666667,2.222707113
38.63,2.198257446
38.63333333,2.175877889
38.63666667,2.174062093
38.64,2.131958008
38.64333333,2.123057048
38.64666667,2.196345011
38.65,2.163391113
38.65333333,2.12176005
38.65666667,2.130803426
38.66,2.108291626
38.66333333,2.098373413
38.66666667,2.090708415
38.67,2.129180908
38.67333333,2.11756897
38.67666667,2.112909953
38.68,2.128555298
38.68333333,2.115503947
38.68666667,2.132680257
38.69,2.126846313
38.69333333,2.104934692
38.69666667,2.09618632
38.7,2.121124268
38.70333333,2.123947144
38.70666667,2.124043783
38.71,2.074172974
38.71333333,2.053929647
38.71666667,2.062911987
38.72,2.100753784
38.72333333,2.084223429
38.72666667,2.052235921
38.73,2.113250732
38.73333333,2.07611084
38.73666667,2.049479167
38.74,2.089065552
38.74333333,2.051213582
38.74666667,2.018915812
38.75,2.083206177
38.75333333,2.090774536
38.75666667,2.098871867
38.76,2.063262939
38.76333333,2.105951945
38.76666667,2.107493083
38.77,2.0887146
38.77333333,2.080291748
38.77666667,2.060801188
38.78,2.054763794
38.78333333,2.037480672
38.78666667,2.099090576
38.79,2.094741821
38.79333333,2.064127604
38.79666667,2.060531616
38.8,2.09854126
38.80333333,2.050720215
38.80666667,2.038614909
38.81,2.009796143
38.81333333,1.974065145
38.81666667,2.012507121
38.82,2.055389404
38.82333333,2.014516195
38.82666667,1.965759277
38.83,2.011703491
38.83333333,1.997884115
38.83666667,2.011362712
38.84,1.967819214
38.84333333,1.909917196
38.84666667,2.002248128
38.85,1.982498169
38.85333333,1.992838542
38.85666667,1.949752808
38.86,1.97605896
38.86333333,2.043757121
38.86666667,1.954549154
38.87,1.951095581
38.87333333,1.94678243
38.87666667,1.926096598
38.88,1.997390747
38.88333333,1.931635539
38.88666667,1.959681193
38.89,1.976119995
38.89333333,1.967122396
38.89666667,1.995544434
38.9,1.946792603
38.90333333,1.884307861
38.90666667,1.891067505
38.91,1.91835022
38.91333333,1.862726847
38.91666667,1.886494954
38.92,1.901672363
38.92333333,1.884557088
38.92666667,1.854024251
38.93,1.869354248
38.93333333,1.87054952
38.93666667,1.872161865
38.94,1.861328125
38.94333333,1.908106486
38.94666667,1.860687256
38.95,1.87461853
38.95333333,1.903004964
38.95666667,1.864700317
38.96,1.85307312
38.96333333,1.872217814
38.96666667,1.88563029
38.97,1.838546753
38.97333333,1.899414062
38.97666667,1.860020955
38.98,1.844650269
38.98333333,1.856486003
38.98666667,1.895807902
38.99,1.853393555
38.99333333,1.816538493
38.99666667,1.877909342
39,1.828765869
39.00333333,1.834915161
39.00666667,1.865112305
39.01,1.829467773
39.01333333,1.80162557
39.01666667,1.822967529
39.02,1.788970947
39.02333333,1.816986084
39.02666667,1.855651855
39.03,1.801483154
39.03333333,1.815287272
39.03666667,1.831298828
39.04,1.87612915
39.04333333,1.831873576
39.04666667,1.858317057
39.05,1.859817505
39.05333333,1.810562134
39.05666667,1.798400879
39.06,1.80279541
39.06333333,1.765141805
39.06666667,1.762619019
39.07,1.777389526
39.07333333,1.77456665
39.07666667,1.759765625
39.08,1.723800659
39.08333333,1.744588216
39.08666667,1.783426921
39.09,1.819122314
39.09333333,1.787897746
39.09666667,1.78040568
39.1,1.736526489
39.10333333,1.770426432
39.10666667,1.728505452
39.11,1.749938965
39.11333333,1.750834147
39.11666667,1.757024129
39.12,1.734603882
39.12333333,1.732950846
39.12666667,1.714055379
39.13,1.70993042
39.13333333,1.685918172
39.13666667,1.703379313
39.14,1.789764404
39.14333333,1.777206421
39.14666667,1.728159587
39.15,1.7137146
39.15333333,1.716420492
39.15666667,1.747884115
39.16,1.728118896
39.16333333,1.734502157
39.16666667,1.687494914
39.17,1.629196167
39.17333333,1.6581014
39.17666667,1.678100586
39.18,1.625808716
39.18333333,1.647745768
39.18666667,1.666564941
39.19,1.656036377
39.19333333,1.65540568
39.19666667,1.714452108
39.2,1.677856445
39.20333333,1.695175171
39.20666667,1.685089111
39.21,1.626953125
39.21333333,1.660476685
39.21666667,1.599985758
39.22,1.676132202
39.22333333,1.664164225
39.22666667,1.616867065
39.23,1.585449219
39.23333333,1.629918416
39.23666667,1.659138997
39.24,1.647750854
39.24333333,1.64600118
39.24666667,1.613560994
39.25,1.649856567
39.25333333,1.62029012
39.25666667,1.656397502
39.26,1.63381958
39.26333333,1.65381368
39.26666667,1.603037516
39.27,1.594894409
39.27333333,1.593500773
39.27666667,1.580927531
39.28,1.595321655
39.28333333,1.593144735
39.28666667,1.579045614
39.29,1.601165771
39.29333333,1.661565145
39.29666667,1.711766561
39.3,1.77986145
39.30333333,1.835525513
39.30666667,1.84379069
39.31,1.844528198
39.31333333,1.857818604
39.31666667,1.848297119
39.32,1.747467041
39.32333333,1.702000936
39.32666667,1.65431722
39.33,1.540786743
39.33333333,1.438522339
39.33666667,1.313802083
39.34,1.270202637
39.34333333,1.209686279
39.34666667,1.227350871
39.35,1.264419556
39.35333333,1.350657145
39.35666667,1.388407389
39.36,1.448760986
39.36333333,1.501815796
39.36666667,1.515274048
39.37,1.453323364
39.37333333,1.503194173
39.37666667,1.504776001
39.38,1.457290649
39.38333333,1.478830973
39.38666667,1.511601766
39.39,1.509124756
39.39333333,1.502385457
39.39666667,1.482503255
39.4,1.494750977
39.40333333,1.518254598
39.40666667,1.473932902
39.41,1.47114563
39.41333333,1.47354126
39.41666667,1.500193278
39.42,1.503417969
39.42333333,1.4175059
39.42666667,1.463785807
39.43,1.49005127
39.43333333,1.461156209
39.43666667,1.485488892
39.44,1.484512329
39.44333333,1.525080363
39.44666667,1.500900269
39.45,1.502609253
39.45333333,1.487894694
39.45666667,1.509984334
39.46,1.499160767
39.46333333,1.463989258
39.46666667,1.482009888
39.47,1.516403198
39.47333333,1.534169515
39.47666667,1.520395915
39.48,1.520233154
39.48333333,1.442871094
39.48666667,1.484563192
39.49,1.493347168
39.49333333,1.49895223
39.49666667,1.542109172
39.5,1.528167725
39.50333333,1.541427612
39.50666667,1.553456624
39.51,1.588790894
39.51333333,1.55305481
39.51666667,1.521784465
39.52,1.547668457
39.52333333,1.51751709
39.52666667,1.558222453
39.53,1.545227051
39.53333333,1.570866903
39.53666667,1.540863037
39.54,1.581710815
39.54333333,1.558054606
39.54666667,1.556091309
39.55,1.552124023
39.55333333,1.613606771
39.55666667,1.578821818
39.56,1.571594238
39.56333333,1.623845418
39.56666667,1.603953044
39.57,1.584320068
39.57333333,1.58748881
39.57666667,1.58265686
39.58,1.61289978
39.58333333,1.580047607
39.58666667,1.605799357
39.59,1.610427856
39.59333333,1.564809163
39.59666667,1.558308919
39.6,1.53717041
39.60333333,1.501546224
39.60666667,1.46758016
39.61,1.488571167
39.61333333,1.513844808
39.61666667,1.410980225
39.62,1.415481567
39.62333333,1.399668376
39.62666667,1.362604777
39.63,1.35256958
39.63333333,1.325429281
39.63666667,1.298533122
39.64,1.330078125
39.64333333,1.319173177
39.64666667,1.281778971
39.65,1.292572021
39.65333333,1.244572957
39.65666667,1.246948242
39.66,1.268493652
39.66333333,1.275965373
39.66666667,1.295344035
39.67,1.279602051
39.67333333,1.244023641
39.67666667,1.251836141
39.68,1.22467041
39.68333333,1.278355916
39.68666667,1.300532023
39.69,1.263458252
39.69333333,1.262329102
39.69666667,1.217981974
39.7,1.17980957
39.70333333,1.226740519
39.70666667,1.254160563
39.71,1.207168579
39.71333333,1.209894816
39.71666667,1.203028361
39.72,1.230010986
39.72333333,1.248051961
39.72666667,1.201090495
39.73,1.192932129
39.73333333,1.199595133
39.73666667,1.224212646
39.74,1.247650146
39.74333333,1.225789388
39.74666667,1.21379598
39.75,1.191711426
39.75333333,1.218612671
39.75666667,1.223561605
39.76,1.237854004
39.76333333,1.240392049
39.76666667,1.199696859
39.77,1.189865112
39.77333333,1.139953613
39.77666667,1.194025675
39.78,1.201919556
39.78333333,1.185938517
39.78666667,1.228907267
39.79,1.219665527
39.79333333,1.176132202
39.79666667,1.193659465
39.8,1.238098145
39.80333333,1.217300415
39.80666667,1.191207886
39.81,1.186233521
39.81333333,1.162984212
39.81666667,1.183395386
39.82,1.164230347
39.82333333,1.124099731
39.82666667,1.127649943
39.83,1.163925171
39.83333333,1.172637939
39.83666667,1.175506592
39.84,1.161712646
39.84333333,1.15443929
39.84666667,1.156606038
39.85,1.14402771
39.85333333,1.150049845
39.85666667,1.180511475
39.86,1.182159424
39.86333333,1.142954508
39.86666667,1.137390137
39.87,1.138671875
39.87333333,1.146077474
39.87666667,1.127370199
39.88,1.166748047
39.88333333,1.156743368
39.88666667,1.179270426
39.89,1.155090332
39.89333333,1.111277262
39.89666667,1.089050293
39.9,1.129379272
39.90333333,1.111684163
39.90666667,1.101201375
39.91,1.091278076
39.91333333,1.094029744
39.91666667,1.051457723
39.92,1.071548462
39.92333333,1.1371816
39.92666667,1.102656047
39.93,1.095413208
39.93333333,1.132456462
39.93666667,1.126546224
39.94,1.147827148
39.94333333,1.119898478
39.94666667,1.150212606
39.95,1.116409302
39.95333333,1.120569865
39.95666667,1.152511597
39.96,1.133041382
39.96333333,1.128835042
39.96666667,1.071446737
39.97,1.08694458
39.97333333,1.129725138
39.97666667,1.13247172
39.98,1.119155884
39.98333333,1.087824504
39.98666667,1.083847046
39.99,1.104812622
39.99333333,1.092483521
39.99666667,1.128219604
40,1.086044312
40.00333333,1.110529582
40.00666667,1.073811849
40.01,1.121490479
40.01333333,1.101847331
40.01666667,1.083958944
40.02,1.088180542
40.02333333,1.087046305
40.02666667,1.071884155
40.03,1.088516235
40.03333333,1.098709106
40.03666667,1.15057373
40.04,1.125167847
40.04333333,1.085779826
40.04666667,1.072443644
40.05,1.074523926
40.05333333,1.140935262
40.05666667,1.106252035
40.06,1.093414307
40.06333333,1.094111125
40.06666667,1.103464762
40.07,1.084945679
40.07333333,1.13857015
40.07666667,1.138839722
40.08,1.168197632
40.08333333,1.119359334
40.08666667,1.110580444
40.09,1.071487427
40.09333333,1.122075399
40.09666667,1.049987793
40.1,1.14944458
40.10333333,1.13671875
40.10666667,1.149342855
40.11,1.115264893
40.11333333,1.159347534
40.11666667,1.139856974
40.12,1.132583618
40.12333333,1.098068237
40.12666667,1.100311279
40.13,1.07170105
40.13333333,1.076278687
40.13666667,1.09278361
40.14,1.098892212
40.14333333,1.102320353
40.14666667,1.081451416
40.15,1.079864502
40.15333333,1.083699544
40.15666667,1.122629801
40.16,1.080612183
40.16333333,1.089747111
40.16666667,1.106389364
40.17,1.132080078
40.17333333,1.110295614
40.17666667,1.101801554
40.18,1.089874268
40.18333333,1.09471639
40.18666667,1.085062663
40.19,1.085876465
40.19333333,1.096745809
40.19666667,1.122848511
40.2,1.06552124
40.20333333,1.111785889
40.20666667,1.116444906
40.21,1.095703125
40.21333333,1.127141317
40.21666667,1.0719045
40.22,1.046585083
40.22333333,1.094462077
40.22666667,1.098042806
40.23,1.091079712
40.23333333,1.050364176
40.23666667,1.058314006
40.24,1.091217041
40.24333333,1.036275228
40.24666667,1.100789388
40.25,1.07460022
40.25333333,1.067148844
40.25666667,1.098739624
40.26,1.068023682
40.26333333,1.06392924
40.26666667,1.062952677
40.27,1.037109375
40.27333333,1.094706217
40.27666667,1.135320028
40.28,1.21824646
40.28333333,1.255366007
40.28666667,1.297439575
40.29,1.36378479
40.29333333,1.361923218
40.29666667,1.289072673
40.3,1.209640503
40.30333333,1.170608521
40.30666667,1.139648437
40.31,1.052062988
40.31333333,0.935918172
40.31666667,0.83442688
40.32,0.820541382
40.32333333,0.73882548
40.32666667,0.73789978
40.33,0.727416992
40.33333333,0.787734985
40.33666667,0.83551534
40.34,0.849761963
40.34333333,0.887990316
40.34666667,0.912887573
40.35,0.982208252
40.35333333,1.098261515
40.35666667,1.025441488
40.36,1.033798218
40.36333333,1.002965291
40.36666667,1.030731201
40.37,1.054702759
40.37333333,1.093271891
40.37666667,1.048899333
40.38,1.01020813
40.38333333,1.043701172
40.38666667,1.048746745
40.39,1.0806427
40.39333333,1.070917765
40.39666667,1.086049398
40.4,1.031417847
40.40333333,1.040156047
40.40666667,1.069341024
40.41,1.100631714
40.41333333,1.066172282
40.41666667,1.058324178
40.42,1.074401855
40.42333333,1.090372721
40.42666667,1.066645304
40.43,1.060348511
40.43333333,1.056442261
40.43666667,1.12244161
40.44,1.072967529
40.44333333,1.109888713
40.44666667,1.09417216
40.45,1.054763794
40.45333333,1.083780924
40.45666667,1.064158122
40.46,1.075134277
40.46333333,1.081141154
40.46666667,1.106338501
40.47,1.081802368
40.47333333,1.107747396
40.47666667,1.055119832
40.48,1.101272583
40.48333333,1.150182088
40.48666667,1.116744995
40.49,1.118667603
40.49333333,1.11799113
40.49666667,1.127431234
40.5,1.091766357
40.50333333,1.05426534
40.50666667,1.105199178
40.51,1.188720703
40.51333333,1.127126058
40.51666667,1.145757039
40.52,1.174423218
40.52333333,1.198206584
40.52666667,1.160944621
40.53,1.157211304
40.53333333,1.141535441
40.53666667,1.231333415
40.54,1.224853516
40.54333333,1.211908976
40.54666667,1.21097819
40.55,1.198654175
40.55333333,1.196640015
40.55666667,1.221954346
40.56,1.229049683
40.56333333,1.22408549
40.56666667,1.223526001
40.57,1.177474976
40.57333333,1.210800171
40.57666667,1.192352295
40.58,1.162307739
40.58333333,1.152547201
40.58666667,1.136459351
40.59,1.136169434
40.59333333,1.114929199
40.59666667,1.077031453
40.6,1.044845581
40.60333333,1.059041341
40.60666667,1.049682617
40.61,1.056289673
40.61333333,1.014897664
40.61666667,1.023839315
40.62,0.98890686
40.62333333,0.969579061
40.62666667,0.957117716
40.63,0.989395142
40.63333333,0.934524536
40.63666667,0.894678752
40.64,0.954742432
40.64333333,0.947580973
40.64666667,0.964619954
40.65,0.92956543
40.65333333,0.982650757
40.65666667,0.954467773
40.66,0.891113281
40.66333333,0.900197347
40.66666667,0.881322225
40.67,0.902099609
40.67333333,0.891443888
40.67666667,0.889602661
40.68,0.918701172
40.68333333,0.898259481
40.68666667,0.916081746
40.69,0.938262939
40.69333333,0.887552897
40.69666667,0.908335368
40.7,0.854187012
40.70333333,0.89781189
40.70666667,0.884414673
40.71,0.807403564
40.71333333,0.829889933
40.71666667,0.864257813
40.72,0.94229126
40.72333333,0.875152588
40.72666667,0.902196248
40.73,0.899703979
40.73333333,0.842158
40.73666667,0.906483968
40.74,0.904022217
40.74333333,0.898081462
40.74666667,0.875193278
40.75,0.831222534
40.75333333,0.875986735
40.75666667,0.874399821
40.76,0.891647339
40.76333333,0.862401326
40.76666667,0.877838135
40.77,0.888870239
40.77333333,0.872177124
40.77666667,0.934310913
40.78,0.926971436
40.78333333,0.888468424
40.78666667,0.843388875
40.79,0.850234985
40.79333333,0.86638387
40.79666667,0.855880737
40.8,0.806503296
40.80333333,0.82611084
40.80666667,0.885737101
40.81,0.828109741
40.81333333,0.838653564
40.81666667,0.791727702
40.82,0.799972534
40.82333333,0.83110555
40.82666667,0.789535522
40.83,0.801574707
40.83333333,0.833257039
40.83666667,0.810033162
40.84,0.839813232
40.84333333,0.816375732
40.84666667,0.863138835
40.85,0.819549561
40.85333333,0.838470459
40.85666667,0.80069987
40.86,0.795501709
40.86333333,0.843470256
40.86666667,0.812505086
40.87,0.819229126
40.87333333,0.840637207
40.87666667,0.813903809
40.88,0.815765381
40.88333333,0.84912618
40.88666667,0.83539327
40.89,0.808517456
40.89333333,0.78809611
40.89666667,0.831812541
40.9,0.827331543
40.90333333,0.804951986
40.90666667,0.763061523
40.91,0.859909058
40.91333333,0.774210612
40.91666667,0.789260864
40.92,0.831802368
40.92333333,0.815826416
40.92666667,0.787480672
40.93,0.755661011
40.93333333,0.770289103
40.93666667,0.817632039
40.94,0.792800903
40.94333333,0.74037679
40.94666667,0.7709198
40.95,0.774230957
40.95333333,0.758895874
40.95666667,0.7750295
40.96,0.758743286
40.96333333,0.824106852
40.96666667,0.799280802
40.97,0.798522949
40.97333333,0.772659302
40.97666667,0.80259196
40.98,0.820419312
40.98333333,0.829315186
40.98666667,0.870478312
40.99,0.788986206
40.99333333,0.758524577
40.99666667,0.791788737
41,0.811004639
41.00333333,0.836644491
41.00666667,0.812433879
41.01,0.811065674
41.01333333,0.78398641
41.01666667,0.785649618
41.02,0.792892456
41.02333333,0.766240438
41.02666667,0.773869832
41.03,0.723068237
41.03333333,0.753326416
41.03666667,0.751434326
41.04,0.734588623
41.04333333,0.700795492
41.04666667,0.705907186
41.05,0.725021362
41.05333333,0.794352214
41.05666667,0.792098999
41.06,0.760635376
41.06333333,0.742431641
41.06666667,0.737380981
41.07,0.703384399
41.07333333,0.714146932
41.07666667,0.743403117
41.08,0.823364258
41.08333333,0.778198242
41.08666667,0.772750854
41.09,0.762435913
41.09333333,0.71840922
41.09666667,0.719884237
41.1,0.748138428
41.10333333,0.732365926
41.10666667,0.75306193
41.11,0.750213623
41.11333333,0.737599691
41.11666667,0.739720662
41.12,0.788085937
41.12333333,0.752700806
41.12666667,0.828760783
41.13,0.875549316
41.13333333,0.813318888
41.13666667,0.75298055
41.14,0.752502441
41.14333333,0.762654622
41.14666667,0.724497477
41.15,0.790176392
41.15333333,0.795120239
41.15666667,0.776616414
41.16,0.741592407
41.16333333,0.732025146
41.16666667,0.761795044
41.17,0.78225708
41.17333333,0.766728719
41.17666667,0.779469808
41.18,0.75541687
41.18333333,0.731379191
41.18666667,0.760136922
41.19,0.772354126
41.19333333,0.777664185
41.19666667,0.724283854
41.2,0.773696899
41.20333333,0.745580037
41.20666667,0.745091756
41.21,0.773239136
41.21333333,0.762542725
41.21666667,0.825602214
41.22,0.88180542
41.22333333,0.952657064
41.22666667,0.942270915
41.23,0.939559937
41.23333333,1.031824748
41.23666667,1.040583293
41.24,0.942687988
41.24333333,0.866170247
41.24666667,0.80871582
41.25,0.790023804
41.25333333,0.628428141
41.25666667,0.600112915
41.26,0.539459229
41.26333333,0.46404012
41.26666667,0.39990743
41.27,0.427520752
41.27333333,0.49299113
41.27666667,0.50030009
41.28,0.565704346
41.28333333,0.573399862
41.28666667,0.65957133
41.29,0.72328186
41.29333333,0.733759562
41.29666667,0.705510457
41.3,0.721130371
41.30333333,0.741729736
41.30666667,0.832682292
41.31,0.720535278
41.31333333,0.754526774
41.31666667,0.728022257
41.32,0.733505249
41.32333333,0.686177572
41.32666667,0.7003479
41.33,0.653869629
41.33333333,0.659306844
41.33666667,0.729746501
41.34,0.760650635
41.34333333,0.739903768
41.34666667,0.743164062
41.35,0.738525391
41.35333333,0.707438151
41.35666667,0.740971883
41.36,0.692443848
41.36333333,0.742207845
41.36666667,0.76520284
41.37,0.776153564
41.37333333,0.777826945
41.37666667,0.749893188
41.38,0.783889771
41.38333333,0.78608195
41.38666667,0.795394897
41.39,0.789932251
41.39333333,0.776885986
41.39666667,0.776992798
41.4,0.769805908
41.40333333,0.778808594
41.40666667,0.800470988
41.41,0.801925659
41.41333333,0.790278117
41.41666667,0.75823466
41.42,0.776016235
41.42333333,0.772649129
41.42666667,0.805175781
41.43,0.846755981
41.43333333,0.821533203
41.43666667,0.808400472
41.44,0.833724976
41.44333333,0.827718099
41.44666667,0.871047974
41.45,0.850906372
41.45333333,0.861241659
41.45666667,0.839777629
41.46,0.853317261
41.46333333,0.928914388
41.46666667,0.99222819
41.47,0.934249878
41.47333333,0.885065715
41.47666667,0.949396769
41.48,0.892700195
41.48333333,0.967890422
41.48666667,0.91065979
41.49,0.897003174
41.49333333,0.932902018
41.49666667,0.889500936
41.5,0.923919678
41.50333333,0.926239014
41.50666667,0.929428101
41.51,0.90788269
41.51333333,0.933222453
41.51666667,0.904973348
41.52,0.910049438
41.52333333,0.848617554
41.52666667,0.855707804
41.53,0.808944702
41.53333333,0.805969238
41.53666667,0.798227946
41.54,0.749954224
41.54333333,0.786092122
41.54666667,0.807067871
41.55,0.746383667
41.55333333,0.759633382
41.55666667,0.760518392
41.56,0.710647583
41.56333333,0.689437866
41.56666667,0.688832601
41.57,0.665466309
41.57333333,0.701970418
41.57666667,0.64797465
41.58,0.709762573
41.58333333,0.706481934
41.58666667,0.67829895
41.59,0.686233521
41.59333333,0.644205729
41.59666667,0.643163045
41.6,0.643005371
41.60333333,0.664581299
41.60666667,0.64419047
41.61,0.682495117
41.61333333,0.685857137
41.61666667,0.675125122
41.62,0.662841797
41.62333333,0.671539307
41.62666667,0.700759888
41.63,0.652114868
41.63333333,0.66057841
41.63666667,0.706598918
41.64,0.660934448
41.64333333,0.679133097
41.64666667,0.657460531
41.65,0.648117065
41.65333333,0.657689412
41.65666667,0.69577535
41.66,0.641372681
41.66333333,0.667572021
41.66666667,0.692367554
41.67,0.616912842
41.67333333,0.664377848
41.67666667,0.659688314
41.68,0.686859131
41.68333333,0.684280396
41.68666667,0.694203695
41.69,0.672363281
41.69333333,0.68019104
41.69666667,0.686233521
41.7,0.667572021
41.70333333,0.653116862
41.70666667,0.68611145
41.71,0.673675537
41.71333333,0.648111979
41.71666667,0.634409587
41.72,0.678588867
41.72333333,0.631978353
41.72666667,0.653274536
41.73,0.648391724
41.73333333,0.64028422
41.73666667,0.623392741
41.74,0.597518921
41.74333333,0.653457642
41.74666667,0.647176107
41.75,0.608825684
41.75333333,0.578409831
41.75666667,0.634801229
41.76,0.625946045
41.76333333,0.600077311
41.76666667,0.64104716
41.77,0.653320312
41.77333333,0.661794027
41.77666667,0.640772502
41.78,0.652084351
41.78333333,0.686442057
41.78666667,0.668192546
41.79,0.62260437
41.79333333,0.631825765
41.79666667,0.577026367
41.8,0.599212646
41.80333333,0.651473999
41.80666667,0.701624552
41.81,0.727798462
41.81333333,0.720830282
41.81666667,0.657526652
41.82,0.703491211
41.82333333,0.69736735
41.82666667,0.651138306
41.83,0.685928345
41.83333333,0.722249349
41.83666667,0.721542358
41.84,0.685821533
41.84333333,0.724538167
41.84666667,0.717839559
41.85,0.706634521
41.85333333,0.721898397
41.85666667,0.701543172
41.86,0.694915771
41.86333333,0.697001139
41.86666667,0.708796183
41.87,0.689346313
41.87333333,0.664372762
41.87666667,0.68170166
41.88,0.704330444
41.88333333,0.714696248
41.88666667,0.709620158
41.89,0.705337524
41.89333333,0.679428101
41.89666667,0.710235596
41.9,0.722961426
41.90333333,0.673762004
41.90666667,0.712844849
41.91,0.650314331
41.91333333,0.667287191
41.91666667,0.696182251
41.92,0.705780029
41.92333333,0.747126261
41.92666667,0.715220133
41.93,0.667129517
41.93333333,0.715484619
41.93666667,0.678970337
41.94,0.71522522
41.94333333,0.700459798
41.94666667,0.70833842
41.95,0.742950439
41.95333333,0.71442159
41.95666667,0.676218669
41.96,0.717010498
41.96333333,0.712168376
41.96666667,0.725123088
41.97,0.63142395
41.97333333,0.647506714
41.97666667,0.726333618
41.98,0.71546936
41.98333333,0.689849854
41.98666667,0.701395671
41.99,0.676712036
41.99333333,0.674891154
41.99666667,0.665044149
42,0.706863403
42.00333333,0.664408366
42.00666667,0.657816569
42.01,0.653945923
42.01333333,0.657811483
42.01666667,0.63621521
42.02,0.674423218
42.02333333,0.666178385
42.02666667,0.650868734
42.03,0.660949707
42.03333333,0.611165365
42.03666667,0.685724894
42.04,0.641159058
42.04333333,0.624099731
42.04666667,0.649810791
42.05,0.648040771
42.05333333,0.647822062
42.05666667,0.627080282
42.06,0.661178589
42.06333333,0.633026123
42.06666667,0.608495076
42.07,0.605270386
42.07333333,0.59588623
42.07666667,0.599100749
42.08,0.619277954
42.08333333,0.588989258
42.08666667,0.64318339
42.09,0.642349243
42.09333333,0.61873881
42.09666667,0.587605794
42.1,0.629806519
42.10333333,0.587880452
42.10666667,0.606984456
42.11,0.584991455
42.11333333,0.578231812
42.11666667,0.586268107
42.12,0.57585144
42.12333333,0.562789917
42.12666667,0.542714437
42.13,0.583740234
42.13333333,0.54918925
42.13666667,0.575724284
42.14,0.570755005
42.14333333,0.599110921
42.14666667,0.487650553
42.15,0.53855896
42.15333333,0.56350708
42.15666667,0.561386108
42.16,0.536499023
42.16333333,0.512557983
42.16666667,0.518417358
42.17,0.515548706
42.17333333,0.507263184
42.17666667,0.507898966
42.18,0.474121094
42.18333333,0.475413005
42.18666667,0.508992513
42.19,0.603424072
42.19333333,0.610132853
42.19666667,0.621449788
42.2,0.687408447
42.20333333,0.684626261
42.20666667,0.683863322
42.21,0.606933594
42.21333333,0.547353109
42.21666667,0.515645345
42.22,0.462249756
42.22333333,0.467519124
42.22666667,0.30476888
42.23,0.221893311
42.23333333,0.153757731
42.23666667,0.095616659
42.24,0.11328125
42.24333333,0.085388184
42.24666667,0.10736084
42.25,0.165939331
42.25333333,0.228424072
42.25666667,0.291254679
42.26,0.280502319
42.26333333,0.321009318
42.26666667,0.317001343
42.27,0.366256714
42.27333333,0.339045207
42.27666667,0.307347616
42.28,0.318054199
42.28333333,0.330810547
42.28666667,0.308914185
42.29,0.366912842
42.29333333,0.377822876
42.29666667,0.345779419
42.3,0.313034058
42.30333333,0.33164978
42.30666667,0.332265218
42.31,0.353317261
42.31333333,0.371409098
42.31666667,0.327987671
42.32,0.305160522
42.32333333,0.304631551
42.32666667,0.303771973
42.33,0.31211853
42.33333333,0.339508057
42.33666667,0.340077718
42.34,0.3462677
42.34333333,0.376185099
42.34666667,0.324701945
42.35,0.280227661
42.35333333,0.326121012
42.35666667,0.316752116
42.36,0.348571777
42.36333333,0.349182129
42.36666667,0.332514445
42.37,0.351715088
42.37333333,0.351552327
42.37666667,0.329925537
42.38,0.328231812
42.38333333,0.333506266
42.38666667,0.334035238
42.39,0.351074219
42.39333333,0.322021484
42.39666667,0.362935384
42.4,0.399627686
42.40333333,0.366556803
42.40666667,0.370010376
42.41,0.298370361
42.41333333,0.317311605
42.41666667,0.364812215
42.42,0.377960205
42.42333333,0.404434204
42.42666667,0.397247314
42.43,0.388336182
42.43333333,0.339711507
42.43666667,0.414505005
42.44,0.410797119
42.44333333,0.382756551
42.44666667,0.371388753
42.45,0.422515869
42.45333333,0.471827189
42.45666667,0.465174357
42.46,0.450698853
42.46333333,0.398071289
42.46666667,0.376866659
42.47,0.475479126
42.47333333,0.459055583
42.47666667,0.418716431
42.48,0.434310913
42.48333333,0.450134277
42.48666667,0.392725627
42.49,0.360900879
42.49333333,0.397140503
42.49666667,0.343922933
42.5,0.3490448
42.50333333,0.357966105
42.50666667,0.364562988
42.51,0.2996521
42.51333333,0.25394694
42.51666667,0.241495768
42.52,0.218521118
42.52333333,0.248850505
42.52666667,0.17443339
42.53,0.173355103
42.53333333,0.155512492
42.53666667,0.180999756
42.54,0.162353516
42.54333333,0.160527547
42.54666667,0.125142415
42.55,0.147857666
42.55333333,0.118108114
42.55666667,0.064448039
42.56,0.044815063
42.56333333,0.081766764
42.56666667,0.046590169
42.57,0.088790894
42.57333333,0.086578369
42.57666667,0.063975016
42.58,0.099884033
42.58333333,0.044250488
42.58666667,0.045720418
42.59,0.093795776
42.59333333,0.115493774
42.59666667,0.101287842
42.6,0.069122314
42.60333333,0.141693115
42.60666667,0.122304281
42.61,0.090042114
42.61333333,0.052474976
42.61666667,0.043640137
42.62,0.121490479
42.62333333,0.084945679
42.62666667,0.024749756
42.63,0.062271118
42.63333333,0.08430481
42.63666667,0.045089722
42.64,0.047515869
42.64333333,-0.011993408
42.64666667,0.020441691
42.65,-0.000762939
42.65333333,0.034566243
42.65666667,0.020055135
42.66,-0.012573242
42.66333333,-0.017878215
42.66666667,0.024159749
42.67,-0.007553101
42.67333333,0.001820882
42.67666667,0.040018717
42.68,-0.010070801
42.68333333,-0.030721029
42.68666667,-0.019302368
42.69,-0.020523071
42.69333333,-0.022659302
42.69666667,-0.023320516
42.7,-0.030670166
42.70333333,-0.027414958
42.70666667,-0.03263855
42.71,-0.033126831
42.71333333,-0.068547567
42.71666667,-0.045089722
42.72,-0.030288696
42.72333333,-0.038884481
42.72666667,-0.032109578
42.73,-0.063796997
42.73333333,-0.095850627
42.73666667,-0.076090495
42.74,-0.018875122
42.74333333,-0.033889771
42.74666667,-0.070261637
42.75,-0.081634521
42.75333333,-0.07754008
42.75666667,-0.078364054
42.76,-0.090759277
42.76333333,-0.04196167
42.76666667,-0.093663534
42.77,-0.052932739
42.77333333,-0.042104085
42.77666667,-0.082672119
42.78,-0.065261841
42.78333333,-0.07270813
42.78666667,-0.071909587
42.79,-0.046539307
42.79333333,-0.058787028
42.79666667,-0.055806478
42.8,-0.108566284
42.80333333,-0.029795329
42.80666667,-0.048029582
42.81,-0.050430298
42.81333333,-0.085459391
42.81666667,-0.065485636
42.82,-0.099151611
42.82333333,-0.115061442
42.82666667,-0.093154907
42.83,-0.106414795
42.83333333,-0.151189168
42.83666667,-0.104695638
42.84,-0.140960693
42.84333333,-0.05438741
42.84666667,-0.103235881
42.85,-0.10559082
42.85333333,-0.077301025
42.85666667,-0.071716309
42.86,-0.095748901
42.86333333,-0.103246053
42.86666667,-0.088221232
42.87,-0.117294312
42.87333333,-0.131891886
42.87666667,-0.127553304
42.88,-0.113235474
42.88333333,-0.117340088
42.88666667,-0.137064616
42.89,-0.142227173
42.89333333,-0.168294271
42.89666667,-0.142217
42.9,-0.115509033
42.90333333,-0.143493652
42.90666667,-0.141581217
42.91,-0.056716919
42.91333333,-0.123291016
42.91666667,-0.120162964
42.92,-0.118728638
42.92333333,-0.124862671
42.92666667,-0.170227051
42.93,-0.173934937
42.93333333,-0.153427124
42.93666667,-0.102005005
42.94,-0.07460022
42.94333333,-0.103892008
42.94666667,-0.123819987
42.95,-0.145339966
42.95333333,-0.150583903
42.95666667,-0.116607666
42.96,-0.114273071
42.96333333,-0.134735107
42.96666667,-0.125528971
42.97,-0.134872437
42.97333333,-0.141743978
42.97666667,-0.104909261
42.98,-0.128479004
42.98333333,-0.167872111
42.98666667,-0.151692708
42.99,-0.110351563
42.99333333,-0.095870972
42.99666667,-0.115142822
43,-0.128555298
43.00333333,-0.123321533
43.00666667,-0.104141235
43.01,-0.165130615
43.01333333,-0.155192057
43.01666667,-0.194549561
43.02,-0.136657715
43.02333333,-0.151885986
43.02666667,-0.149098714
43.03,-0.207672119
43.03333333,-0.149536133
43.03666667,-0.184992472
43.04,-0.161178589
43.04333333,-0.195078532
43.04666667,-0.228571574
43.05,-0.243835449
43.05333333,-0.172114054
43.05666667,-0.159484863
43.06,-0.150588989
43.06333333,-0.219736735
43.06666667,-0.231348674
43.07,-0.219924927
43.07333333,-0.236877441
43.07666667,-0.16120402
43.08,-0.197982788
43.08333333,-0.170262655
43.08666667,-0.1946462
43.09,-0.173324585
43.09333333,-0.137583415
43.09666667,-0.198084513
43.1,-0.182647705
43.10333333,-0.225062052
43.10666667,-0.223729451
43.11,-0.26739502
43.11333333,-0.220530192
43.11666667,-0.261205037
43.12,-0.266616821
43.12333333,-0.267059326
43.12666667,-0.273574829
43.13,-0.259246826
43.13333333,-0.254618327
43.13666667,-0.309041341
43.14,-0.364959717
43.14333333,-0.32329305
43.14666667,-0.34455363
43.15,-0.353546143
43.15333333,-0.374964396
43.15666667,-0.372797648
43.16,-0.363220215
43.16333333,-0.370020549
43.16666667,-0.389353434
43.17,-0.363510132
43.17333333,-0.393758138
43.17666667,-0.431716919
43.18,-0.411895752
43.18333333,-0.346959432
43.18666667,-0.342310588
43.19,-0.268249512
43.19333333,-0.235346476
43.19666667,-0.137893677
43.2,-0.092163086
43.20333333,-0.125559489
43.20666667,-0.090128581
43.21,-0.156265259
43.21333333,-0.249140422
43.21666667,-0.35001119
43.22,-0.293609619
43.22333333,-0.451059977
43.22666667,-0.535812378
43.23,-0.677566528
43.23333333,-0.69190979
43.23666667,-0.691767375
43.24,-0.659194946
43.24333333,-0.627471924
43.24666667,-0.617360433
43.25,-0.501251221
43.25333333,-0.47895813
43.25666667,-0.424448649
43.26,-0.439666748
43.26333333,-0.450124105
43.26666667,-0.465215047
43.27,-0.45401001
43.27333333,-0.4368337
43.27666667,-0.474456787
43.28,-0.500030518
43.28333333,-0.491638184
43.28666667,-0.463063558
43.29,-0.492553711
43.29333333,-0.465693156
43.29666667,-0.51465861
43.3,-0.472259521
43.30333333,-0.484390259
43.30666667,-0.467468262
43.31,-0.444885254
43.31333333,-0.464533488
43.31666667,-0.48693339
43.32,-0.488769531
43.32333333,-0.448613485
43.32666667,-0.468485514
43.33,-0.429611206
43.33333333,-0.445810954
43.33666667,-0.50382487
43.34,-0.521697998
43.34333333,-0.520767212
43.34666667,-0.459686279
43.35,-0.489807129
43.35333333,-0.480494181
43.35666667,-0.502787272
43.36,-0.486602783
43.36333333,-0.497492472
43.36666667,-0.540847778
43.37,-0.507797241
43.37333333,-0.470087687
43.37666667,-0.461573283
43.38,-0.491821289
43.38333333,-0.514424642
43.38666667,-0.510035197
43.39,-0.535049438
43.39333333,-0.540781657
43.39666667,-0.459223429
43.4,-0.492553711
43.40333333,-0.452265422
43.40666667,-0.467132568
43.41,-0.478424072
43.41333333,-0.473688761
43.41666667,-0.441741943
43.42,-0.474899292
43.42333333,-0.416122437
43.42666667,-0.421920776
43.43,-0.405563354
43.43333333,-0.39410909
43.43666667,-0.426106771
43.44,-0.452056885
43.44333333,-0.371988932
43.44666667,-0.394414266
43.45,-0.39604187
43.45333333,-0.36656189
43.45666667,-0.375951131
43.46,-0.432067871
43.46333333,-0.411972046
43.46666667,-0.443013509
43.47,-0.412200928
43.47333333,-0.400472005
43.47666667,-0.420425415
43.48,-0.43586731
43.48333333,-0.444844564
43.48666667,-0.487325033
43.49,-0.437255859
43.49333333,-0.456247965
43.49666667,-0.482594808
43.5,-0.475311279
43.50333333,-0.551045736
43.50666667,-0.618245443
43.51,-0.627655029
43.51333333,-0.580373128
43.51666667,-0.623372396
43.52,-0.673019409
43.52333333,-0.630808512
43.52666667,-0.660110474
43.53,-0.672195435
43.53333333,-0.690205892
43.53666667,-0.742177327
43.54,-0.761535645
43.54333333,-0.762914022
43.54666667,-0.758504232
43.55,-0.772781372
43.55333333,-0.720774333
43.55666667,-0.735529582
43.56,-0.767807007
43.56333333,-0.777348836
43.56666667,-0.773213704
43.57,-0.812286377
43.57333333,-0.801818848
43.57666667,-0.831080119
43.58,-0.853363037
43.58333333,-0.87928772
43.58666667,-0.798146566
43.59,-0.780136108
43.59333333,-0.828409831
43.59666667,-0.83265686
43.6,-0.786437988
43.60333333,-0.762914022
43.60666667,-0.795654297
43.61,-0.818588257
43.61333333,-0.792297363
43.61666667,-0.795338949
43.62,-0.841018677
43.62333333,-0.831512451
43.62666667,-0.884724935
43.63,-0.920608521
43.63333333,-0.813064575
43.63666667,-0.844579061
43.64,-0.865997314
43.64333333,-0.906061808
43.64666667,-0.889719645
43.65,-0.868530273
43.65333333,-0.902623494
43.65666667,-0.884501139
43.66,-0.842590332
43.66333333,-0.884206136
43.66666667,-0.882339478
43.67,-0.871185303
43.67333333,-0.875432332
43.67666667,-0.875900269
43.68,-0.893920898
43.68333333,-0.957387288
43.68666667,-0.921346029
43.69,-0.904022217
43.69333333,-0.873672485
43.69666667,-0.85043335
43.7,-0.898895264
43.70333333,-0.875035604
43.70666667,-0.916432699
43.71,-0.930252075
43.71333333,-0.907190959
43.71666667,-0.834274292
43.72,-0.851852417
43.72333333,-0.869730632
43.72666667,-0.860778809
43.73,-0.899658203
43.73333333,-0.890909831
43.73666667,-0.865264893
43.74,-0.876754761
43.74333333,-0.930989583
43.74666667,-0.938796997
43.75,-0.871276855
43.75333333,-0.904546102
43.75666667,-0.87616984
43.76,-0.919769287
43.76333333,-0.966120402
43.76666667,-0.92124939
43.77,-0.92539978
43.77333333,-0.941335042
43.77666667,-0.927469889
43.78,-0.926315308
43.78333333,-0.941238403
43.78666667,-0.927195231
43.79,-0.930084229
43.79333333,-0.915557861
43.79666667,-0.897379557
43.8,-0.922470093
43.80333333,-0.951838175
43.80666667,-0.966618856
43.81,-0.967895508
43.81333333,-0.954722087
43.81666667,-0.972620646
43.82,-0.951202393
43.82333333,-0.940450033
43.82666667,-0.957677205
43.83,-0.98638916
43.83333333,-1.016362508
43.83666667,-0.956914266
43.84,-0.979446411
43.84333333,-0.998631795
43.84666667,-0.988067627
43.85,-1.02432251
43.85333333,-1.023595174
43.85666667,-1.058807373
43.86,-1.032424927
43.86333333,-1.048670451
43.86666667,-0.992584229
43.87,-0.988952637
43.87333333,-1.062957764
43.87666667,-1.058817546
43.88,-1.031295776
43.88333333,-1.05951945
43.88666667,-1.018549601
43.89,-1.072280884
43.89333333,-1.09807841
43.89666667,-1.067235311
43.9,-1.060028076
43.90333333,-1.059463501
43.90666667,-1.044718424
43.91,-1.066513062
43.91333333,-1.036234538
43.91666667,-1.079177856
43.92,-1.039016724
43.92333333,-1.058354696
43.92666667,-1.109364827
43.93,-1.120605469
43.93333333,-1.151885986
43.93666667,-1.110656738
43.94,-1.122039795
43.94333333,-1.160695394
43.94666667,-1.051015218
43.95,-1.041641235
43.95333333,-1.074752808
43.95666667,-1.107813517
43.96,-1.0912323
43.96333333,-1.089090983
43.96666667,-1.092122396
43.97,-1.090362549
43.97333333,-1.086756388
43.97666667,-1.132064819
43.98,-1.131149292
43.98333333,-1.125920614
43.98666667,-1.158864339
43.99,-1.112030029
43.99333333,-1.131932576
43.99666667,-1.15435791
44,-1.077270508
44.00333333,-1.132700602
44.00666667,-1.120986938
44.01,-1.116134644
44.01333333,-1.115356445
44.01666667,-1.081644694
44.02,-1.109970093
44.02333333,-1.137776693
44.02666667,-1.133336385
44.03,-1.152984619
44.03333333,-1.133728027
44.03666667,-1.159561157
44.04,-1.128128052
44.04333333,-1.123977661
44.04666667,-1.123764038
44.05,-1.118469238
44.05333333,-1.119603475
44.05666667,-1.160970052
44.06,-1.156600952
44.06333333,-1.164764404
44.06666667,-1.174545288
44.07,-1.147445679
44.07333333,-1.139785767
44.07666667,-1.150349935
44.08,-1.142990112
44.08333333,-1.156489054
44.08666667,-1.15125529
44.09,-1.149078369
44.09333333,-1.178314209
44.09666667,-1.197392782
44.1,-1.185836792
44.10333333,-1.158960978
44.10666667,-1.176060994
44.11,-1.181640625
44.11333333,-1.182032267
44.11666667,-1.18464152
44.12,-1.210266113
44.12333333,-1.20181783
44.12666667,-1.206329346
44.13,-1.189483643
44.13333333,-1.182530721
44.13666667,-1.186594645
44.14,-1.180786133
44.14333333,-1.22609965
44.14666667,-1.218846639
44.15,-1.194076538
44.15333333,-1.189305623
44.15666667,-1.243794759
44.16,-1.265975952
44.16333333,-1.237675985
44.16666667,-1.243209839
44.17,-1.240951538
44.17333333,-1.227401733
44.17666667,-1.222101847
44.18,-1.171173096
44.18333333,-1.09375
44.18666667,-1.013061523
44.19,-0.963363647
44.19333333,-0.965118408
44.19666667,-0.955810547
44.2,-0.985336304
44.20333333,-1.075922648
44.20666667,-1.152038574
44.21,-1.168960571
44.21333333,-1.30144755
44.21666667,-1.42926534
44.22,-1.524703979
44.22333333,-1.567087809
44.22666667,-1.594345093
44.23,-1.597885132
44.23333333,-1.555099487
44.23666667,-1.492177327
44.24,-1.419021606
44.24333333,-1.347773234
44.24666667,-1.329706828
44.25,-1.312255859
44.25333333,-1.334625244
44.25666667,-1.341924032
44.26,-1.345947266
44.26333333,-1.33106486
44.26666667,-1.296717326
44.27,-1.279449463
44.27333333,-1.317159017
44.27666667,-1.350728353
44.28,-1.290771484
44.28333333,-1.31187439
44.28666667,-1.285863241
44.29,-1.313583374
44.29333333,-1.331410726
44.29666667,-1.367421468
44.3,-1.391906738
44.30333333,-1.302368164
44.30666667,-1.316996257
44.31,-1.321273804
44.31333333,-1.294372559
44.31666667,-1.330388387
44.32,-1.310668945
44.32333333,-1.323933919
44.32666667,-1.31072998
44.33,-1.360992432
44.33333333,-1.340866089
44.33666667,-1.341039022
44.34,-1.316345215
44.34333333,-1.292246501
44.34666667,-1.339350382
44.35,-1.316833496
44.35333333,-1.289937337
44.35666667,-1.352310181
44.36,-1.356735229
44.36333333,-1.32681783
44.36666667,-1.362762451
44.37,-1.328384399
44.37333333,-1.318888346
44.37666667,-1.326288859
44.38,-1.34362793
44.38333333,-1.378936768
44.38666667,-1.35345459
44.39,-1.377593994
44.39333333,-1.335210164
44.39666667,-1.305099487
44.4,-1.304092407
44.40333333,-1.297317505
44.40666667,-1.33484904
44.41,-1.335494995
44.41333333,-1.32019043
44.41666667,-1.3159434
44.42,-1.322494507
44.42333333,-1.318868001
44.42666667,-1.32488505
44.43,-1.299331665
44.43333333,-1.316986084
44.43666667,-1.289952596
44.44,-1.270401001
44.44333333,-1.260579427
44.44666667,-1.271433512
44.45,-1.258163452
44.45333333,-1.311818441
44.45666667,-1.278711955
44.46,-1.293640137
44.46333333,-1.309865316
44.46666667,-1.332346598
44.47,-1.34324646
44.47333333,-1.336847941
44.47666667,-1.328191121
44.48,-1.314682007
44.48333333,-1.349894206
44.48666667,-1.346633911
44.49,-1.384902954
44.49333333,-1.410502116
44.49666667,-1.422225952
44.5,-1.465988159
44.50333333,-1.480616252
44.50666667,-1.414713542
44.51,-1.501831055
44.51333333,-1.539718628
44.51666667,-1.565246582
44.52,-1.537948608
44.52333333,-1.531000773
44.52666667,-1.533950806
44.53,-1.501342773
44.53333333,-1.547698975
44.53666667,-1.580113729
44.54,-1.572387695
44.54333333,-1.547225952
44.54666667,-1.551884969
44.55,-1.542358398
44.55333333,-1.577260335
44.55666667,-1.555038452
44.56,-1.595077515
44.56333333,-1.584757487
44.56666667,-1.579793294
44.57,-1.505355835
44.57333333,-1.562352498
44.57666667,-1.557474772
44.58,-1.557769775
44.58333333,-1.529312134
44.58666667,-1.539098104
44.59,-1.54019165
44.59333333,-1.559087118
44.59666667,-1.544443766
44.6,-1.559906006
44.60333333,-1.554794312
44.60666667,-1.587636312
44.61,-1.539291382
44.61333333,-1.546478271
44.61666667,-1.556955973
44.62,-1.577896118
44.62333333,-1.587666829
44.62666667,-1.541315715
44.63,-1.568161011
44.63333333,-1.551132202
44.63666667,-1.574213664
44.64,-1.555541992
44.64333333,-1.541575114
44.64666667,-1.498545329
44.65,-1.510314941
44.65333333,-1.57506307
44.65666667,-1.545898437
44.66,-1.579925537
44.66333333,-1.58039856
44.66666667,-1.563898722
44.67,-1.542007446
44.67333333,-1.565063477
44.67666667,-1.53646342
44.68,-1.580764771
44.68333333,-1.532643636
44.68666667,-1.555638631
44.69,-1.503250122
44.69333333,-1.597005208
44.69666667,-1.546747843
44.7,-1.536941528
44.70333333,-1.540888468
44.70666667,-1.541651408
44.71,-1.569854736
44.71333333,-1.556482951
44.71666667,-1.5721639
44.72,-1.586151123
44.72333333,-1.56833903
44.72666667,-1.573735555
44.73,-1.595672607
44.73333333,-1.563618978
44.73666667,-1.550343831
44.74,-1.57824707
44.74333333,-1.590611776
44.74666667,-1.596918742
44.75,-1.599502563
44.75333333,-1.607198079
44.75666667,-1.60987854
44.76,-1.588058472
44.76333333,-1.61688741
44.76666667,-1.576436361
44.77,-1.584381104
44.77333333,-1.603978475
44.77666667,-1.600031535
44.78,-1.578918457
44.78333333,-1.625722249
44.78666667,-1.617014567
44.79,-1.598678589
44.79333333,-1.634638468
44.79666667,-1.577570597
44.8,-1.611709595
44.80333333,-1.634399414
44.80666667,-1.629364014
44.81,-1.558547974
44.81333333,-1.573460897
44.81666667,-1.60484314
44.82,-1.623977661
44.82333333,-1.606196086
44.82666667,-1.644475301
44.83,-1.661560059
44.83333333,-1.677576701
44.83666667,-1.642990112
44.84,-1.605834961
44.84333333,-1.626190186
44.84666667,-1.644785563
44.85,-1.594314575
44.85333333,-1.588429769
44.85666667,-1.544031779
44.86,-1.597488403
44.86333333,-1.60403951
44.86666667,-1.621831258
44.87,-1.607925415
44.87333333,-1.623306274
44.87666667,-1.5990448
44.88,-1.660873413
44.88333333,-1.647288005
44.88666667,-1.648885091
44.89,-1.621765137
44.89333333,-1.639506022
44.89666667,-1.655517578
44.9,-1.686019897
44.90333333,-1.655390422
44.90666667,-1.660481771
44.91,-1.682937622
44.91333333,-1.622965495
44.91666667,-1.656723022
44.92,-1.645889282
44.92333333,-1.625172933
44.92666667,-1.67548116
44.93,-1.700286865
44.93333333,-1.600850423
44.93666667,-1.686594645
44.94,-1.675079346
44.94333333,-1.615570068
44.94666667,-1.656997681
44.95,-1.657943726
44.95333333,-1.664952596
44.95666667,-1.681808472
44.96,-1.645523071
44.96333333,-1.65377299
44.96666667,-1.639582316
44.97,-1.662918091
44.97333333,-1.721420288
44.97666667,-1.678899129
44.98,-1.653106689
44.98333333,-1.632868449
44.98666667,-1.628687541
44.99,-1.630340576
44.99333333,-1.62663269
44.99666667,-1.618067424
45,-1.657104492
45.00333333,-1.678817749
45.00666667,-1.598780314
45.01,-1.632705688
45.01333333,-1.624176025
45.01666667,-1.601613363
45.02,-1.597198486
45.02333333,-1.694936117
45.02666667,-1.620961507
45.03,-1.62272644
45.03333333,-1.654459635
45.03666667,-1.681411743
45.04,-1.659698486
45.04333333,-1.666890462
45.04666667,-1.666305542
45.05,-1.701507568
45.05333333,-1.685918172
45.05666667,-1.664281209
45.06,-1.687362671
45.06333333,-1.639043172
45.06666667,-1.658452352
45.07,-1.654510498
45.07333333,-1.67157491
45.07666667,-1.678614299
45.08,-1.671295166
45.08333333,-1.696014404
45.08666667,-1.677881877
45.09,-1.730407715
45.09333333,-1.702636719
45.09666667,-1.662200928
45.1,-1.695175171
45.10333333,-1.686131795
45.10666667,-1.707244873
45.11,-1.632781982
45.11333333,-1.703150431
45.11666667,-1.697896322
45.12,-1.717758179
45.12333333,-1.601730347
45.12666667,-1.556884766
45.13,-1.453659058
45.13333333,-1.450907389
45.13666667,-1.388875326
45.14,-1.379440308
45.14333333,-1.432891846
45.14666667,-1.547332764
45.15,-1.62147522
45.15333333,-1.69056193
45.15666667,-1.752278646
45.16,-1.900650024
45.16333333,-1.875427246
45.16666667,-1.941172282
45.17,-2.033401489
45.17333333,-2.03499349
45.17666667,-2.022654215
45.18,-1.963363647
45.18333333,-1.920191447
45.18666667,-1.883611043
45.19,-1.820404053
45.19333333,-1.792409261
45.19666667,-1.724527995
45.2,-1.713790894
45.20333333,-1.692423503
45.20666667,-1.735087077
45.21,-1.736343384
45.21333333,-1.710983276
45.21666667,-1.688944499
45.22,-1.677383423
45.22333333,-1.693410238
45.22666667,-1.69434611
45.23,-1.658691406
45.23333333,-1.649500529
45.23666667,-1.645792643
45.24,-1.651596069
45.24333333,-1.669413249
45.24666667,-1.673309326
45.25,-1.707839966
45.25333333,-1.633300781
45.25666667,-1.65540568
45.26,-1.687957764
45.26333333,-1.692901611
45.26666667,-1.656697591
45.27,-1.688339233
45.27333333,-1.6778361
45.27666667,-1.682342529
45.28,-1.65637207
45.28333333,-1.658732096
45.28666667,-1.671641032
45.29,-1.661621094
45.29333333,-1.613342285
45.29666667,-1.626159668
45.3,-1.592941284
45.30333333,-1.618804932
45.30666667,-1.644007365
45.31,-1.651977539
45.31333333,-1.666605632
45.31666667,-1.618169149
45.32,-1.660202026
45.32333333,-1.660817464
45.32666667,-1.651702881
45.33,-1.591812134
45.33333333,-1.607004801
45.33666667,-1.57287089
45.34,-1.646484375
45.34333333,-1.582346598
45.34666667,-1.590164185
45.35,-1.586532593
45.35333333,-1.583450317
45.35666667,-1.573481242
45.36,-1.512557983
45.36333333,-1.534764608
45.36666667,-1.527175903
45.37,-1.525161743
45.37333333,-1.512278239
45.37666667,-1.445480347
45.38,-1.44569397
45.38333333,-1.444396973
45.38666667,-1.46240743
45.39,-1.454803467
45.39333333,-1.437856038
45.39666667,-1.422856649
45.4,-1.405029297
45.40333333,-1.51751709
45.40666667,-1.570622762
45.41,-1.532394409
45.41333333,-1.475692749
45.41666667,-1.472727458
45.42,-1.482055664
45.42333333,-1.520507813
45.42666667,-1.516148885
45.43,-1.500778198
45.43333333,-1.511154175
45.43666667,-1.570261637
45.44,-1.569519043
45.44333333,-1.591756185
45.44666667,-1.616277059
45.45,-1.631011963
45.45333333,-1.624282837
45.45666667,-1.673146566
45.46,-1.664901733
45.46333333,-1.713907878
45.46666667,-1.714223226
45.47,-1.702011108
45.47333333,-1.759643555
45.47666667,-1.753890991
45.48,-1.732254028
45.48333333,-1.736882528
45.48666667,-1.751063029
45.49,-1.764831543
45.49333333,-1.782770793
45.49666667,-1.781143188
45.5,-1.787948608
45.50333333,-1.827046712
45.50666667,-1.782806396
45.51,-1.806518555
45.51333333,-1.821370443
45.51666667,-1.754735311
45.52,-1.711090088
45.52333333,-1.742273966
45.52666667,-1.815643311
45.53,-1.820800781
45.53333333,-1.791966756
45.53666667,-1.75521342
45.54,-1.754928589
45.54333333,-1.741485596
45.54666667,-1.73711141
45.55,-1.820449829
45.55333333,-1.834142049
45.55666667,-1.813949585
45.56,-1.780136108
45.56333333,-1.819636027
45.56666667,-1.787796021
45.57,-1.77545166
45.57333333,-1.806930542
45.57666667,-1.757385254
45.58,-1.736450195
45.58333333,-1.787312826
45.58666667,-1.764033
45.59,-1.734451294
45.59333333,-1.815022786
45.59666667,-1.778121948
45.6,-1.766967773
45.60333333,-1.771235148
45.60666667,-1.750223796
45.61,-1.755752563
45.61333333,-1.76457723
45.61666667,-1.762415568
45.62,-1.765060425
45.62333333,-1.792760213
45.62666667,-1.78527832
45.63,-1.758499146
45.63333333,-1.75646464
45.63666667,-1.722930908
45.64,-1.752471924
45.64333333,-1.724650065
45.64666667,-1.70401001
45.65,-1.719589233
45.65333333,-1.728846232
45.65666667,-1.736399333
45.66,-1.692749023
45.66333333,-1.734196981
45.66666667,-1.726659139
45.67,-1.711166382
45.67333333,-1.707107544
45.67666667,-1.677998861
45.68,-1.722335815
45.68333333,-1.711247762
45.68666667,-1.70463562
45.69,-1.669174194
45.69333333,-1.701121012
45.69666667,-1.708857218
45.7,-1.684417725
45.70333333,-1.680999756
45.70666667,-1.671625773
45.71,-1.720458984
45.71333333,-1.669250488
45.71666667,-1.690470378
45.72,-1.673538208
45.72333333,-1.682856242
45.72666667,-1.66251119
45.73,-1.66204834
45.73333333,-1.678670247
45.73666667,-1.707763672
45.74,-1.731796265
45.74333333,-1.72227478
45.74666667,-1.676071167
45.75,-1.68800354
45.75333333,-1.666982015
45.75666667,-1.657190959
45.76,-1.685241699
45.76333333,-1.719884237
45.76666667,-1.693013509
45.77,-1.70350647
45.77333333,-1.718332926
45.77666667,-1.708999634
45.78,-1.738708496
45.78333333,-1.764628092
45.78666667,-1.736180623
45.79,-1.7109375
45.79333333,-1.743214925
45.79666667,-1.781890869
45.8,-1.755447388
45.80333333,-1.691782633
45.80666667,-1.736317952
45.81,-1.744033813
45.81333333,-1.738672892
45.81666667,-1.684087118
45.82,-1.599899292
45.82333333,-1.624430339
45.82666667,-1.639144897
45.83,-1.663024902
45.83333333,-1.628621419
45.83666667,-1.634409587
45.84,-1.609039307
45.84333333,-1.665476481
45.84666667,-1.68015035
45.85,-1.637268066
45.85333333,-1.627934774
45.85666667,-1.66112264
45.86,-1.653778076
45.86333333,-1.666081746
45.86666667,-1.657155355
45.87,-1.649047852
45.87333333,-1.597269694
45.87666667,-1.633132935
45.88,-1.628875732
45.88333333,-1.656850179
45.88666667,-1.603088379
45.89,-1.613586426
45.89333333,-1.623474121
45.89666667,-1.617665609
45.9,-1.598205566
45.90333333,-1.625473022
45.90666667,-1.644007365
45.91,-1.548034668
45.91333333,-1.564692179
45.91666667,-1.576741536
45.92,-1.599746704
45.92333333,-1.579701742
45.92666667,-1.613652547
45.93,-1.609695435
45.93333333,-1.558481852
45.93666667,-1.578369141
45.94,-1.462402344
45.94333333,-1.531545003
45.94666667,-1.578623454
45.95,-1.636047363
45.95333333,-1.591878255
45.95666667,-1.562866211
45.96,-1.588806152
45.96333333,-1.599934896
45.96666667,-1.595840454
45.97,-1.609054565
45.97333333,-1.591679891
45.97666667,-1.593343099
45.98,-1.5599823
45.98333333,-1.591033936
45.98666667,-1.57703654
45.99,-1.575042725
45.99333333,-1.577585856
45.99666667,-1.596562703
46,-1.546478271
46.00333333,-1.548258464
46.00666667,-1.558929443
46.01,-1.574661255
46.01333333,-1.601109823
46.01666667,-1.60774231
46.02,-1.545288086
46.02333333,-1.546808879
46.02666667,-1.530893962
46.03,-1.53237915
46.03333333,-1.50273641
46.03666667,-1.459381104
46.04,-1.393280029
46.04333333,-1.283681234
46.04666667,-1.287948608
46.05,-1.283187866
46.05333333,-1.197565715
46.05666667,-1.239501953
46.06,-1.382492065
46.06333333,-1.438766479
46.06666667,-1.501566569
46.07,-1.538391113
46.07333333,-1.615895589
46.07666667,-1.688858032
46.08,-1.751205444
46.08333333,-1.779301961
46.08666667,-1.765299479
46.09,-1.798873901
46.09333333,-1.766845703
46.09666667,-1.721644084
46.1,-1.677474976
46.10333333,-1.57896932
46.10666667,-1.524302165
46.11,-1.561950684
46.11333333,-1.538528442
46.11666667,-1.507288615
46.12,-1.463134766
46.12333333,-1.522730509
46.12666667,-1.520782471
46.13,-1.514129639
46.13333333,-1.517918905
46.13666667,-1.502919515
46.14,-1.489181519
46.14333333,-1.451136271
46.14666667,-1.459686279
46.15,-1.46987915
46.15333333,-1.452356974
46.15666667,-1.417704264
46.16,-1.501296997
46.16333333,-1.490722656
46.16666667,-1.371002197
46.17,-1.355712891
46.17333333,-1.378733317
46.17666667,-1.417851766
46.18,-1.396636963
46.18333333,-1.368052165
46.18666667,-1.325276693
46.19,-1.314819336
46.19333333,-1.358678182
46.19666667,-1.351430257
46.2,-1.326828003
46.20333333,-1.319218953
46.20666667,-1.332509359
46.21,-1.348327637
46.21333333,-1.299423218
46.21666667,-1.328404744
46.22,-1.299377441
46.22333333,-1.294769287
46.22666667,-1.301254272
46.23,-1.295822144
46.23333333,-1.286595662
46.23666667,-1.274734497
46.24,-1.267227173
46.24333333,-1.283350627
46.24666667,-1.255956014
46.25,-1.222991943
46.25333333,-1.234802246
46.25666667,-1.211491903
46.26,-1.216430664
46.26333333,-1.249053955
46.26666667,-1.206003825
46.27,-1.196502686
46.27333333,-1.178888957
46.27666667,-1.196665446
46.28,-1.178512573
46.28333333,-1.130549113
46.28666667,-1.149932861
46.29,-1.071624756
46.29333333,-1.080362956
46.29666667,-1.073684692
46.3,-1.042633057
46.30333333,-1.053324382
46.30666667,-1.047180176
46.31,-0.999038696
46.31333333,-1.024129232
46.31666667,-1.023025513
46.32,-0.992630005
46.32333333,-0.997136434
46.32666667,-1.007151286
46.33,-1.027328491
46.33333333,-0.98584493
46.33666667,-0.971343994
46.34,-1.023803711
46.34333333,-1.015741984
46.34666667,-1.063354492
46.35,-1.0572052
46.35333333,-1.053400675
46.35666667,-1.093388875
46.36,-1.119613647
46.36333333,-1.126317342
46.36666667,-1.112263997
46.37,-1.144165039
46.37333333,-1.116256714
46.37666667,-1.198588053
46.38,-1.223205566
46.38333333,-1.187947591
46.38666667,-1.187006632
46.39,-1.186462402
46.39333333,-1.198659261
46.39666667,-1.219431559
46.4,-1.191101074
46.40333333,-1.173675537
46.40666667,-1.195821126
46.41,-1.214385986
46.41333333,-1.266693115
46.41666667,-1.114908854
46.42,-1.130645752
46.42333333,-1.16259257
46.42666667,-1.208246867
46.43,-1.175231934
46.43333333,-1.154810588
46.43666667,-1.179967244
46.44,-1.203857422
46.44333333,-1.182856242
46.44666667,-1.202534993
46.45,-1.203536987
46.45333333,-1.170796712
46.45666667,-1.165395101
46.46,-1.162826538
46.46333333,-1.225865682
46.46666667,-1.158599854
46.47,-1.160644531
46.47333333,-1.156956991
46.47666667,-1.124420166
46.48,-1.172683716
46.48333333,-1.166000366
46.48666667,-1.205251058
46.49,-1.221893311
46.49333333,-1.172536214
46.49666667,-1.144627889
46.5,-1.131820679
46.50333333,-1.100529989
46.50666667,-1.106613159
46.51,-1.108596802
46.51333333,-1.13949585
46.51666667,-1.11928304
46.52,-1.101867676
46.52333333,-1.117212931
46.52666667,-1.131576538
46.53,-1.128982544
46.53333333,-1.114985148
46.53666667,-1.134002686
46.54,-1.138641357
46.54333333,-1.137191772
46.54666667,-1.164220174
46.55,-1.115493774
46.55333333,-1.100321452
46.55666667,-1.070663452
46.56,-1.099121094
46.56333333,-1.095067342
46.56666667,-1.075795492
46.57,-1.100830078
46.57333333,-1.081578573
46.57666667,-1.068608602
46.58,-1.051895142
46.58333333,-1.040267944
46.58666667,-1.136820475
46.59,-1.088562012
46.59333333,-1.078887939
46.59666667,-1.001968384
46.6,-1.050033569
46.60333333,-1.014053345
46.60666667,-0.960647583
46.61,-1.010467529
46.61333333,-1.027460734
46.61666667,-1.04347229
46.62,-1.020477295
46.62333333,-1.030426025
46.62666667,-0.991251628
46.63,-0.993347168
46.63333333,-1.01949056
46.63666667,-0.997283936
46.64,-1.039672852
46.64333333,-1.01596578
46.64666667,-0.99134318
46.65,-0.999526978
46.65333333,-1.006388346
46.65666667,-1.04188029
46.66,-1.057113647
46.66333333,-1.09417216
46.66666667,-1.061375936
46.67,-1.014923096
46.67333333,-0.992965698
46.67666667,-1.045191447
46.68,-1.030654907
46.68333333,-1.058883667
46.68666667,-1.064188639
46.69,-1.075210571
46.69333333,-1.090337118
46.69666667,-1.005462646
46.7,-1.041107178
46.70333333,-1.0234375
46.70666667,-1.003580729
46.71,-1.068939209
46.71333333,-1.010584513
46.71666667,-1.057357788
46.72,-1.067886353
46.72333333,-1.004694621
46.72666667,-1.019424438
46.73,-1.036010742
46.73333333,-1.02180481
46.73666667,-1.025263468
46.74,-1.016662598
46.74333333,-1.071050008
46.74666667,-1.07278951
46.75,-1.029586792
46.75333333,-1.043182373
46.75666667,-1.000981649
46.76,-1.029434204
46.76333333,-1.032333374
46.76666667,-1.031545003
46.77,-0.997131348
46.77333333,-1.045628866
46.77666667,-1.043579102
46.78,-1.042984009
46.78333333,-1.031316121
46.78666667,-1.019302368
46.79,-0.999816895
46.79333333,-1.00692749
46.79666667,-0.974822998
46.8,-1.00189209
46.80333333,-1.010986328
46.80666667,-1.002822876
46.81,-0.941680908
46.81333333,-0.961970011
46.81666667,-1.001637777
46.82,-0.991027832
46.82333333,-0.936157227
46.82666667,-0.949376424
46.83,-1.000473022
46.83333333,-1.01407369
46.83666667,-0.954269409
46.84,-0.951004028
46.84333333,-0.937596639
46.84666667,-0.956008911
46.85,-0.914764404
46.85333333,-0.916971842
46.85666667,-0.962076823
46.86,-0.957763672
46.86333333,-0.936864217
46.86666667,-0.97017924
46.87,-0.929504395
46.87333333,-1.015884399
46.87666667,-1.031092326
46.88,-1.011062622
46.88333333,-0.999450684
46.88666667,-0.883977254
46.89,-0.980758667
46.89333333,-1.003067017
46.89666667,-0.978464762
46.9,-1.042938232
46.90333333,-1.005523682
46.90666667,-0.994781494
46.91,-0.993057251
46.91333333,-0.917597453
46.91666667,-0.95354716
46.92,-0.9715271
46.92333333,-0.97467041
46.92666667,-0.97277832
46.93,-0.99105835
46.93333333,-1.003646851
46.93666667,-0.993916829
46.94,-0.95904541
46.94333333,-0.967707316
46.94666667,-0.957229614
46.95,-0.917205811
46.95333333,-0.917897542
46.95666667,-0.997975667
46.96,-0.959793091
46.96333333,-0.907958984
46.96666667,-0.924021403
46.97,-0.787490845
46.97333333,-0.796473185
46.97666667,-0.746571859
46.98,-0.689880371
46.98333333,-0.678278605
46.98666667,-0.812876383
46.99,-0.880661011
46.99333333,-0.890141805
46.99666667,-0.897394816
47,-1.039886475
47.00333333,-1.10480245
47.00666667,-1.166071574
47.01,-1.201797485
47.01333333,-1.240168254
47.01666667,-1.25696818
47.02,-1.200363159
47.02333333,-1.157231649
47.02666667,-1.106323242
47.03,-1.007339478
47.03333333,-0.942509969
47.03666667,-0.94329834
47.04,-0.949386597
47.04333333,-0.892735799
47.04666667,-0.91788737
47.05,-0.908966064
47.05333333,-0.963521322
47.05666667,-0.996164958
47.06,-0.930023193
47.06333333,-0.930836995
47.06666667,-0.88411967
47.07,-0.854446411
47.07333333,-0.806467692
47.07666667,-0.890431722
47.08,-0.908508301
47.08333333,-0.900141398
47.08666667,-0.857091268
47.09,-0.829299927
47.09333333,-0.814875285
47.09666667,-0.839477539
47.1,-0.910720825
47.10333333,-0.874588013
47.10666667,-0.846613566
47.11,-0.840393066
47.11333333,-0.866719564
47.11666667,-0.885798136
47.12,-0.852249146
47.12333333,-0.780537923
47.12666667,-0.822514852
47.13,-0.729431152
47.13333333,-0.804468791
47.13666667,-0.823064168
47.14,-0.770233154
47.14333333,-0.738550822
47.14666667,-0.782485962
47.15,-0.803375244
47.15333333,-0.834665934
47.15666667,-0.791900635
47.16,-0.775192261
47.16333333,-0.78221639
47.16666667,-0.755564372
47.17,-0.735992432
47.17333333,-0.748575846
47.17666667,-0.751068115
47.18,-0.748443604
47.18333333,-0.757217407
47.18666667,-0.742925008
47.19,-0.742980957
47.19333333,-0.706268311
47.19666667,-0.672668457
47.2,-0.685424805
47.20333333,-0.678822835
47.20666667,-0.711298625
47.21,-0.665466309
47.21333333,-0.678914388
47.21666667,-0.705744425
47.22,-0.640625
47.22333333,-0.661412557
47.22666667,-0.665405273
47.23,-0.625396729
47.23333333,-0.606842041
47.23666667,-0.611968994
47.24,-0.578018188
47.24333333,-0.58022054
47.24666667,-0.634017944
47.25,-0.590133667
47.25333333,-0.541091919
47.25666667,-0.535466512
47.26,-0.605758667
47.26333333,-0.617965698
47.26666667,-0.60101827
47.27,-0.623596191
47.27333333,-0.671432495
47.27666667,-0.632202148
47.28,-0.690246582
47.28333333,-0.739974976
47.28666667,-0.779978434
47.29,-0.763366699
47.29333333,-0.765375773
47.29666667,-0.731908162
47.3,-0.764541626
47.30333333,-0.73063151
47.30666667,-0.726786296
47.31,-0.753631592
47.31333333,-0.7778066
47.31666667,-0.782623291
47.32,-0.743850708
47.32333333,-0.773066203
47.32666667,-0.745234172
47.33,-0.742248535
47.33333333,-0.70699056
47.33666667,-0.746363322
47.34,-0.718383789
47.34333333,-0.762135824
47.34666667,-0.724446615
47.35,-0.718383789
47.35333333,-0.73240153
47.35666667,-0.738123576
47.36,-0.786361694
47.36333333,-0.773106893
47.36666667,-0.778605143
47.37,-0.815673828
47.37333333,-0.784169515
47.37666667,-0.764439901
47.38,-0.749710083
47.38333333,-0.694707235
47.38666667,-0.729309082
47.39,-0.706451416
47.39333333,-0.748799642
47.39666667,-0.711303711
47.4,-0.686340332
47.40333333,-0.728739421
47.40666667,-0.69724528
47.41,-0.69480896
47.41333333,-0.685953776
47.41666667,-0.643539429
47.42,-0.622772217
47.42333333,-0.608586629
47.42666667,-0.651351929
47.43,-0.630737305
47.43333333,-0.668385824
47.43666667,-0.622350057
47.44,-0.630493164
47.44333333,-0.648259481
47.44666667,-0.647816976
47.45,-0.642471313
47.45333333,-0.634511312
47.45666667,-0.596888224
47.46,-0.589370728
47.46333333,-0.568044027
47.46666667,-0.596211751
47.47,-0.605209351
47.47333333,-0.604334513
47.47666667,-0.624476115
47.48,-0.568664551
47.48333333,-0.625305176
47.48666667,-0.616292318
47.49,-0.621246338
47.49333333,-0.589121501
47.49666667,-0.60466512
47.5,-0.570678711
47.50333333,-0.572855632
47.50666667,-0.550384521
47.51,-0.496795654
47.51333333,-0.51844279
47.51666667,-0.56447347
47.52,-0.559234619
47.52333333,-0.607798258
47.52666667,-0.576065063
47.53,-0.571090698
47.53333333,-0.555903117
47.53666667,-0.533315023
47.54,-0.572219849
47.54333333,-0.618606567
47.54666667,-0.591364543
47.55,-0.601348877
47.55333333,-0.593266805
47.55666667,-0.588745117
47.56,-0.568786621
47.56333333,-0.505742391
47.56666667,-0.458246867
47.57,-0.535644531
47.57333333,-0.548690796
47.57666667,-0.551961263
47.58,-0.507492065
47.58333333,-0.532150269
47.58666667,-0.547953288
47.59,-0.539291382
47.59333333,-0.498352051
47.59666667,-0.457204183
47.6,-0.544128418
47.60333333,-0.541834513
47.60666667,-0.481643677
47.61,-0.431625366
47.61333333,-0.418034871
47.61666667,-0.47299703
47.62,-0.488220215
47.62333333,-0.471705119
47.62666667,-0.463099162
47.63,-0.44921875
47.63333333,-0.459162394
47.63666667,-0.55263265
47.64,-0.472747803
47.64333333,-0.434595744
47.64666667,-0.417607625
47.65,-0.408325195
47.65333333,-0.44124349
47.65666667,-0.430292765
47.66,-0.421539307
47.66333333,-0.474365234
47.66666667,-0.488026937
47.67,-0.491409302
47.67333333,-0.445795695
47.67666667,-0.428126017
47.68,-0.473098755
47.68333333,-0.459391276
47.68666667,-0.412979126
47.69,-0.406951904
47.69333333,-0.402094523
47.69666667,-0.427678426
47.7,-0.389633179
47.70333333,-0.433664958
47.70666667,-0.453389486
47.71,-0.435348511
47.71333333,-0.396286011
47.71666667,-0.356750488
47.72,-0.40083313
47.72333333,-0.382751465
47.72666667,-0.410471598
47.73,-0.411727905
47.73333333,-0.436782837
47.73666667,-0.396982829
47.74,-0.358032227
47.74333333,-0.347646077
47.74666667,-0.37516276
47.75,-0.362014771
47.75333333,-0.345469157
47.75666667,-0.324142456
47.76,-0.359573364
47.76333333,-0.330540975
47.76666667,-0.318984985
47.77,-0.361434937
47.77333333,-0.353795369
47.77666667,-0.391301473
47.78,-0.389190674
47.78333333,-0.367177327
47.78666667,-0.382904053
47.79,-0.389282227
47.79333333,-0.400929769
47.79666667,-0.406885783
47.8,-0.333557129
47.80333333,-0.344858805
47.80666667,-0.367457072
47.81,-0.377593994
47.81333333,-0.385350545
47.81666667,-0.354003906
47.82,-0.374557495
47.82333333,-0.409886678
47.82666667,-0.404510498
47.83,-0.37600708
47.83333333,-0.34828186
47.83666667,-0.339701335
47.84,-0.293167114
47.84333333,-0.304916382
47.84666667,-0.282394409
47.85,-0.319519043
47.85333333,-0.326121012
47.85666667,-0.331604004
47.86,-0.329620361
47.86333333,-0.324152629
47.86666667,-0.315551758
47.87,-0.369827271
47.87333333,-0.416320801
47.87666667,-0.407684326
47.88,-0.341812134
47.88333333,-0.344721476
47.88666667,-0.308125814
47.89,-0.357208252
47.89333333,-0.346323649
47.89666667,-0.331532796
47.9,-0.329284668
47.90333333,-0.281158447
47.90666667,-0.270868937
47.91,-0.317230225
47.91333333,-0.33412679
47.91666667,-0.301615397
47.92,-0.321990967
47.92333333,-0.286061605
47.92666667,-0.308349609
47.93,-0.292709351
47.93333333,-0.329844157
47.93666667,-0.322052002
47.94,-0.340057373
47.94333333,-0.303741455
47.94666667,-0.247507731
47.95,-0.227355957
47.95333333,-0.12663269
47.95666667,-0.06489563
47.96,-0.051773071
47.96333333,-0.122080485
47.96666667,-0.139033
47.97,-0.168792725
47.97333333,-0.21870931
47.97666667,-0.251673381
47.98,-0.252944946
47.98333333,-0.400721232
47.98666667,-0.43401591
47.99,-0.485595703
47.99333333,-0.575932821
47.99666667,-0.625630697
48,-0.551605225
48.00333333,-0.489008586
48.00666667,-0.482264201
48.01,-0.43963623
48.01333333,-0.368718465
48.01666667,-0.320053101
48.02,-0.235595703
48.02333333,-0.233591715
48.02666667,-0.225931803
48.03,-0.245483398
48.03333333,-0.279566447
48.03666667,-0.217397054
48.04,-0.168167114
48.04333333,-0.23240153
48.04666667,-0.192138672
48.05,-0.173416138
48.05333333,-0.169621785
48.05666667,-0.144378662
48.06,-0.140991211
48.06333333,-0.180460612
48.06666667,-0.177586873
48.07,-0.237548828
48.07333333,-0.255900065
48.07666667,-0.172663371
48.08,-0.144515991
48.08333333,-0.139490763
48.08666667,-0.174967448
48.09,-0.151412964
48.09333333,-0.152135213
48.09666667,-0.162322998
48.1,-0.157394409
48.10333333,-0.154444377
48.10666667,-0.131037394
48.11,-0.069412231
48.11333333,-0.141596476
48.11666667,-0.184631348
48.12,-0.204574585
48.12333333,-0.199976603
48.12666667,-0.168197632
48.13,-0.145278931
48.13333333,-0.112482707
48.13666667,-0.076965332
48.14,-0.10609436
48.14333333,-0.127192179
48.14666667,-0.128601074
48.15,-0.087127686
48.15333333,-0.03356425
48.15666667,-0.004603068
48.16,-0.019119263
48.16333333,-0.026219686
48.16666667,-0.009028117
48.17,-0.020095825
48.17333333,-0.012802124
48.17666667,-0.009485881
48.18,-0.032287598
48.18333333,-0.0121816
48.18666667,0.006922404
48.19,0.042953491
48.19333333,0.090576172
48.19666667,0.049509684
48.2,0.071716309
48.20333333,0.044998169
48.20666667,0.068745931
48.21,0.07862854
48.21333333,0.117930094
48.21666667,0.123494466
48.22,0.131484985
48.22333333,0.124532064
48.22666667,0.095372518
48.23,0.121368408
48.23333333,0.139516195
48.23666667,0.156255086
48.24,0.10824585
48.24333333,0.116816203
48.24666667,0.103261312
48.25,0.115966797
48.25333333,0.123723348
48.25666667,0.124516805
48.26,0.063796997
48.26333333,-0.009246826
48.26666667,-0.059051514
48.27,-0.02255249
48.27333333,-0.034469604
48.27666667,-0.006164551
48.28,-0.014099121
48.28333333,-0.098012288
48.28666667,-0.148061117
48.29,-0.124084473
48.29333333,-0.130386353
48.29666667,-0.106460571
48.3,-0.158233643
48.30333333,-0.168543498
48.30666667,-0.176701864
48.31,-0.143707275
48.31333333,-0.189234416
48.31666667,-0.167210897
48.32,-0.178085327
48.32333333,-0.164540609
48.32666667,-0.127044678
48.33,-0.164321899
48.33333333,-0.14813741
48.33666667,-0.18838501
48.34,-0.231674194
48.34333333,-0.248133341
48.34666667,-0.078674316
48.35,-0.140762329
48.35333333,-0.131810506
48.35666667,-0.149251302
48.36,-0.184814453
48.36333333,-0.135381063
48.36666667,-0.163472493
48.37,-0.162796021
48.37333333,-0.137583415
48.37666667,-0.13818868
48.38,-0.141738892
48.38333333,-0.177739461
48.38666667,-0.207809448
48.39,-0.137207031
48.39333333,-0.143320719
48.39666667,-0.113667806
48.4,-0.176696777
48.40333333,-0.154886882
48.40666667,-0.128514608
48.41,-0.11000061
48.41333333,-0.161265055
48.41666667,-0.1440684
48.42,-0.097091675
48.42333333,-0.122675578
48.42666667,-0.126246134
48.43,-0.181274414
48.43333333,-0.136032104
48.43666667,-0.092595418
48.44,-0.094955444
48.44333333,-0.125554403
48.44666667,-0.121576945
48.45,-0.116424561
48.45333333,-0.08954366
48.45666667,-0.063710531
48.46,-0.078460693
48.46333333,-0.076950073
48.46666667,-0.0390625
48.47,-0.070556641
48.47333333,-0.096364339
48.47666667,-0.102015177
48.48,-0.154815674
48.48333333,-0.100148519
48.48666667,-0.07019043
48.49,-0.060562134
48.49333333,-0.10416158
48.49666667,-0.09572347
48.5,-0.030136108
48.50333333,-0.072509766
48.50666667,-0.013707479
48.51,-0.028198242
48.51333333,-0.094909668
48.51666667,-0.061391195
48.52,-0.0128479
48.52333333,-0.025680542
48.52666667,-0.008687337
48.53,-0.021240234
48.53333333,-0.003051758
48.53666667,-0.03044637
48.54,-0.022964478
48.54333333,-0.07824707
48.54666667,-0.008575439
48.55,-0.032424927
48.55333333,-0.046361287
48.55666667,-0.06829834
48.56,-0.074401855
48.56333333,-0.081614176
48.56666667,-0.132726034
48.57,-0.135772705
48.57333333,-0.088526408
48.57666667,-0.12612915
48.58,-0.111404419
48.58333333,-0.086975098
48.58666667,-0.050125122
48.59,-0.043716431
48.59333333,-0.050933838
48.59666667,-0.052698771
48.6,0.001220703
48.60333333,-0.052892049
48.60666667,-0.053405762
48.61,-0.027633667
48.61333333,-0.02865092
48.61666667,-0.053151449
48.62,-0.024841309
48.62333333,-0.029307048
48.62666667,-0.072896322
48.63,-0.107009888
48.63333333,-0.049082438
48.63666667,-0.061686198
48.64,-0.03414917
48.64333333,-0.007929484
48.64666667,-0.046284993
48.65,-0.077362061
48.65333333,-0.086034139
48.65666667,-0.085362752
48.66,-0.028564453
48.66333333,0.04582723
48.66666667,-0.000508626
48.67,0.011535645
48.67333333,-0.019917806
48.67666667,0.033294678
48.68,0.034225464
48.68333333,0.043334961
48.68666667,-0.000681559
48.69,0.022277832
48.69333333,0.024683634
48.69666667,0.034174601
48.7,0.059127808
48.70333333,0.029851278
48.70666667,0.006947835
48.71,0.049468994
48.71333333,0.053237915
48.71666667,0.069325765
48.72,0.029663086
48.72333333,0.033040365
48.72666667,0.042582194
48.73,0.059616089
48.73333333,0.004679362
48.73666667,0.014033
48.74,0.026916504
48.74333333,0.02192688
48.74666667,0.010854085
48.75,0.046157837
48.75333333,0.083552043
48.75666667,0.078735352
48.76,0.095504761
48.76333333,0.089213053
48.76666667,0.067087809
48.77,0.106964111
48.77333333,0.124750773
48.77666667,0.141357422
48.78,0.10609436
48.78333333,0.081507365
48.78666667,0.083724976
48.79,0.135665894
48.79333333,0.096715291
48.79666667,0.096252441
48.8,0.132064819
48.80333333,0.131851196
48.80666667,0.125773112
48.81,0.168960571
48.81333333,0.147288005
48.81666667,0.108464559
48.82,0.152862549
48.82333333,0.14050293
48.82666667,0.116714478
48.83,0.112792969
48.83333333,0.08875529
48.83666667,0.102350871
48.84,0.171417236
48.84333333,0.167266846
48.84666667,0.217631022
48.85,0.216522217
48.85333333,0.208216349
48.85666667,0.223612467
48.86,0.235778809
48.86333333,0.232447306
48.86666667,0.198160807
48.87,0.216049194
48.87333333,0.197596232
48.87666667,0.15574646
48.88,0.124633789
48.88333333,0.114847819
48.88666667,0.109776815
48.89,0.145309448
48.89333333,0.167963664
48.89666667,0.183064779
48.9,0.128097534
48.90333333,0.17300415
48.90666667,0.196406047
48.91,0.160171509
48.91333333,0.177200317
48.91666667,0.152333577
48.92,0.148330688
48.92333333,0.107437134
48.92666667,0.056599935
48.93,0.102294922
48.93333333,0.081685384
48.93666667,0.148412069
48.94,0.167312622
48.94333333,0.135620117
48.94666667,0.087331136
48.95,0.176315308
48.95333333,0.248738607
48.95666667,0.297449748
48.96,0.348083496
48.96333333,0.351735433
48.96666667,0.40377299
48.97,0.399215698
48.97333333,0.388615926
48.97666667,0.380452474
48.98,0.308609009
48.98333333,0.281397502
48.98666667,0.297648112
48.99,0.196929932
48.99333333,0.116216024
48.99666667,0.015757243
49,-0.075912476
49.00333333,-0.09197998
49.00666667,-0.071411133
49.01,-0.033676147
49.01333333,-0.007990519
49.01666667,0.099894206
49.02,0.134933472
49.02333333,0.148223877
49.02666667,0.162851969
49.03,0.210861206
49.03333333,0.234069824
49.03666667,0.235895793
49.04,0.225845337
49.04333333,0.225179036
49.04666667,0.228235881
49.05,0.200500488
49.05333333,0.246154785
49.05666667,0.260406494
49.06,0.271499634
49.06333333,0.327555339
49.06666667,0.334828695
49.07,0.332702637
49.07333333,0.252553304
49.07666667,0.182383219
49.08,0.159439087
49.08333333,0.247828166
49.08666667,0.295969645
49.09,0.289489746
49.09333333,0.330596924
49.09666667,0.299728394
49.1,0.25970459
49.10333333,0.293146769
49.10666667,0.324335734
49.11,0.343597412
49.11333333,0.291783651
49.11666667,0.320892334
49.12,0.291015625
49.12333333,0.275304159
49.12666667,0.269042969
49.13,0.273910522
49.13333333,0.33782959
49.13666667,0.400131226
49.14,0.329071045
49.14333333,0.30728658
49.14666667,0.278233846
49.15,0.312423706
49.15333333,0.367574056
49.15666667,0.439086914
49.16,0.405090332
49.16333333,0.40318807
49.16666667,0.383377075
49.17,0.392501831
49.17333333,0.414154053
49.17666667,0.380355835
49.18,0.431793213
49.18333333,0.432459513
49.18666667,0.513819377
49.19,0.486724854
49.19333333,0.450205485
49.19666667,0.489446004
49.2,0.517196655
49.20333333,0.528996785
49.20666667,0.526702881
49.21,0.520584106
49.21333333,0.503529867
49.21666667,0.549138387
49.22,0.513549805
49.22333333,0.474512736
49.22666667,0.460194906
49.23,0.492233276
49.23333333,0.528742472
49.23666667,0.526926676
49.24,0.56741333
49.24333333,0.560704549
49.24666667,0.520599365
49.25,0.493621826
49.25333333,0.583974202
49.25666667,0.621170044
49.26,0.589645386
49.26333333,0.48765564
49.26666667,0.481338501
49.27,0.473373413
49.27333333,0.43514506
49.27666667,0.431574504
49.28,0.402145386
49.28333333,0.452245076
49.28666667,0.448547363
49.29,0.418395996
49.29333333,0.420735677
49.29666667,0.41877238
49.3,0.413665771
49.30333333,0.410909017
49.30666667,0.361836751
49.31,0.366012573
49.31333333,0.354405721
49.31666667,0.387166341
49.32,0.348495483
49.32333333,0.342549642
49.32666667,0.297531128
49.33,0.326202393
49.33333333,0.318781535
49.33666667,0.420466105
49.34,0.412796021
49.34333333,0.399653117
49.34666667,0.402872721
49.35,0.413894653
49.35333333,0.387415568
49.35666667,0.368545532
49.36,0.372207642
49.36333333,0.443288167
49.36666667,0.405858358
49.37,0.396118164
49.37333333,0.367838542
49.37666667,0.329905192
49.38,0.380783081
49.38333333,0.404459635
49.38666667,0.464294434
49.39,0.462860107
49.39333333,0.451075236
49.39666667,0.469243368
49.4,0.414276123
49.40333333,0.418884277
49.40666667,0.454930623
49.41,0.408950806
49.41333333,0.414718628
49.41666667,0.384140015
49.42,0.358779907
49.42333333,0.35244751
49.42666667,0.378199259
49.43,0.439102173
49.43333333,0.465443929
49.43666667,0.486638387
49.44,0.473114014
49.44333333,0.467030843
49.44666667,0.476425171
49.45,0.444107056
49.45333333,0.436594645
49.45666667,0.439320882
49.46,0.464996338
49.46333333,0.504974365
49.46666667,0.490036011
49.47,0.50479126
49.47333333,0.497833252
49.47666667,0.457626343
49.48,0.458877563
49.48333333,0.450897217
49.48666667,0.446553548
49.49,0.475646973
49.49333333,0.437815348
49.49666667,0.427103678
49.5,0.447463989
49.50333333,0.457316081
49.50666667,0.437957764
49.51,0.445251465
49.51333333,0.454483032
49.51666667,0.457611084
49.52,0.477905273
49.52333333,0.450963338
49.52666667,0.428212484
49.53,0.421310425
49.53333333,0.428212484
49.53666667,0.485132853
49.54,0.476638794
49.54333333,0.471094767
49.54666667,0.471898397
49.55,0.437011719
49.55333333,0.430658976
49.55666667,0.441029867
49.56,0.360626221
49.56333333,0.386128743
49.56666667,0.437062581
49.57,0.44367981
49.57333333,0.394134521
49.57666667,0.368733724
49.58,0.373855591
49.58333333,0.414784749
49.58666667,0.406926473
49.59,0.46975708
49.59333333,0.413533529
49.59666667,0.383310954
49.6,0.387191772
49.60333333,0.412689209
49.60666667,0.406880697
49.61,0.468933105
49.61333333,0.464146932
49.61666667,0.444285075
49.62,0.413574219
49.62333333,0.394643148
49.62666667,0.385869344
49.63,0.407836914
49.63333333,0.447489421
49.63666667,0.457814535
49.64,0.446807861
49.64333333,0.460347493
49.64666667,0.402623494
49.65,0.422439575
49.65333333,0.432169596
49.65666667,0.47601827
49.66,0.479858398
49.66333333,0.512227376
49.66666667,0.491841634
49.67,0.433959961
49.67333333,0.418284098
49.67666667,0.384989421
49.68,0.400558472
49.68333333,0.40705363
49.68666667,0.455088298
49.69,0.455551147
49.69333333,0.451858521
49.69666667,0.416056315
49.7,0.406188965
49.70333333,0.45993042
49.70666667,0.440917969
49.71,0.468048096
49.71333333,0.418980916
49.71666667,0.420888265
49.72,0.391265869
49.72333333,0.359090169
49.72666667,0.368637085
49.73,0.386962891
49.73333333,0.394744873
49.73666667,0.376907349
49.74,0.374588013
49.74333333,0.415781657
49.74666667,0.397333781
49.75,0.419616699
49.75333333,0.403376261
49.75666667,0.434743245
49.76,0.433258057
49.76333333,0.460210164
49.76666667,0.455780029
49.77,0.399200439
49.77333333,0.317525228
49.77666667,0.357991536
49.78,0.366867065
49.78333333,0.366236369
49.78666667,0.363794963
49.79,0.375717163
49.79333333,0.364349365
49.79666667,0.373265584
49.8,0.383987427
49.80333333,0.350819906
49.80666667,0.3940684
49.81,0.367446899
49.81333333,0.393941243
49.81666667,0.38772583
49.82,0.416381836
49.82333333,0.424235026
49.82666667,0.364013672
49.83,0.336715698
49.83333333,0.364812215
49.83666667,0.428812663
49.84,0.414932251
49.84333333,0.382191976
49.84666667,0.440953573
49.85,0.418014526
49.85333333,0.466801961
49.85666667,0.402206421
49.86,0.459259033
49.86333333,0.41027832
49.86666667,0.41422526
49.87,0.397598267
49.87333333,0.406361898
49.87666667,0.451375326
49.88,0.451263428
49.88333333,0.45618693
49.88666667,0.46353658
49.89,0.49911499
49.89333333,0.455673218
49.89666667,0.449432373
49.9,0.433120728
49.90333333,0.435679118
49.90666667,0.461746216
49.91,0.433242798
49.91333333,0.439214071
49.91666667,0.482432048
49.92,0.447921753
49.92333333,0.445755005
49.92666667,0.453180949
49.93,0.465057373
49.93333333,0.479507446
49.93666667,0.457489014
49.94,0.415023804
49.94333333,0.458552043
49.94666667,0.450790405
49.95,0.406417847
49.95333333,0.39058431
49.95666667,0.435872396
49.96,0.406616211
49.96333333,0.456665039
49.96666667,0.459340413
49.97,0.496490479
49.97333333,0.441040039
49.97666667,0.465001424
49.98,0.497390747
49.98333333,0.522028605
49.98666667,0.576934814
49.99,0.590759277
49.99333333,0.649881999
49.99666667,0.699732463
50,0.659561157
50.00333333,0.689890544
50.00666667,0.621058146
50.01,0.588409424
50.01333333,0.531626383
50.01666667,0.414886475
50.02,0.332763672
50.02333333,0.200378418
50.02666667,0.121821086
50.03,0.099243164
50.03333333,0.092722575
50.03666667,0.141489665
50.04,0.149917603
50.04333333,0.205444336
50.04666667,0.235610962
50.05,0.344238281
50.05333333,0.424626668
50.05666667,0.394958496
50.06,0.423812866
50.06333333,0.382726034
50.06666667,0.413818359
50.07,0.451309204
50.07333333,0.450754801
50.07666667,0.464970907
50.08,0.495895386
50.08333333,0.490824382
50.08666667,0.466990153
50.09,0.515228271
50.09333333,0.47698466
50.09666667,0.537516276
50.1,0.516204834
50.10333333,0.559768677
50.10666667,0.545288086
50.11,0.516143799
50.11333333,0.56380717
50.11666667,0.539779663
50.12,0.527877808
50.12333333,0.506668091
50.12666667,0.451899211
50.13,0.513565063
50.13333333,0.521036784
50.13666667,0.540552775
50.14,0.528656006
50.14333333,0.533828735
50.14666667,0.552530924
50.15,0.583953857
50.15333333,0.526473999
50.15666667,0.555063883
50.16,0.567657471
50.16333333,0.572509766
50.16666667,0.557072957
50.17,0.530349731
50.17333333,0.547393799
50.17666667,0.592610677
50.18,0.638244629
50.18333333,0.586166382
50.18666667,0.655919393
50.19,0.62449646
50.19333333,0.576436361
50.19666667,0.603953044
50.2,0.617828369
50.20333333,0.671040853
50.20666667,0.686818441
50.21,0.635635376
50.21333333,0.688176473
50.21666667,0.666834513
50.22,0.691818237
50.22333333,0.706695557
50.22666667,0.733083089
50.23,0.740737915
50.23333333,0.710957845
50.23666667,0.745407104
50.24,0.760131836
50.24333333,0.760452271
50.24666667,0.753265381
50.25,0.732040405
50.25333333,0.774159749
50.25666667,0.800369263
50.26,0.783721924
50.26333333,0.80255127
50.26666667,0.736490885
50.27,0.736282349
50.27333333,0.684458415
50.27666667,0.693064372
50.28,0.679824829
50.28333333,0.688196818
50.28666667,0.695490519
50.29,0.688903809
50.29333333,0.657328288
50.29666667,0.639628092
50.3,0.61920166
50.30333333,0.605026245
50.30666667,0.609105428
50.31,0.593093872
50.31333333,0.564173381
50.31666667,0.481211344
50.32,0.542785645
50.32333333,0.515391032
50.32666667,0.499303182
50.33,0.477432251
50.33333333,0.49349467
50.33666667,0.482376099
50.34,0.430343628
50.34333333,0.485758464
50.34666667,0.529785156
50.35,0.526504517
50.35333333,0.539972941
50.35666667,0.496485392
50.36,0.415115356
50.36333333,0.480417887
50.36666667,0.488815308
50.37,0.480819702
50.37333333,0.478678385
50.37666667,0.516535441
50.38,0.474121094
50.38333333,0.538533529
50.38666667,0.504084269
50.39,0.524383545
50.39333333,0.476552327
50.39666667,0.462437948
50.4,0.49446106
50.40333333,0.446680705
50.40666667,0.43200175
50.41,0.391403198
50.41333333,0.398417155
50.41666667,0.417327881
50.42,0.417770386
50.42333333,0.463175456
50.42666667,0.476557414
50.43,0.480697632
50.43333333,0.509465535
50.43666667,0.468678792
50.44,0.46647644
50.44333333,0.447072347
50.44666667,0.481079102
50.45,0.512695313
50.45333333,0.527837118
50.45666667,0.534322103
50.46,0.478286743
50.46333333,0.515904744
50.46666667,0.543085734
50.47,0.540023804
50.47333333,0.538253784
50.47666667,0.515792847
50.48,0.541213989
50.48333333,0.547027588
50.48666667,0.540842692
50.49,0.552886963
50.49333333,0.509958903
50.49666667,0.490086873
50.5,0.534057617
50.50333333,0.494084676
50.50666667,0.53163147
50.51,0.539474487
50.51333333,0.542577108
50.51666667,0.579477946
50.52,0.553604126
50.52333333,0.564071655
50.52666667,0.484125773
50.53,0.469512939
50.53333333,0.484517415
50.53666667,0.520146688
50.54,0.543075562
50.54333333,0.527170817
50.54666667,0.47795105
50.55,0.469284058
50.55333333,0.487218221
50.55666667,0.489145915
50.56,0.504272461
50.56333333,0.4928538
50.56666667,0.523961385
50.57,0.457092285
50.57333333,0.458129883
50.57666667,0.478719076
50.58,0.468017578
50.58333333,0.473658244
50.58666667,0.472249349
50.59,0.475601196
50.59333333,0.462422689
50.59666667,0.469599406
50.6,0.500106812
50.60333333,0.48374939
50.60666667,0.47857666
50.61,0.493606567
50.61333333,0.482981364
50.61666667,0.514806112
50.62,0.496353149
50.62333333,0.478602091
50.62666667,0.412348429
50.63,0.445922852
50.63333333,0.456670125
50.63666667,0.503570557
50.64,0.470703125
50.64333333,0.450642904
50.64666667,0.478474935
50.65,0.474243164
50.65333333,0.495274862
50.65666667,0.497243245
50.66,0.496704102
50.66333333,0.444519043
50.66666667,0.479634603
50.67,0.470214844
50.67333333,0.495854696
50.67666667,0.503560384
50.68,0.488769531
50.68333333,0.499928792
50.68666667,0.501266479
50.69,0.497436523
50.69333333,0.50630188
50.69666667,0.53678894
50.7,0.503234863
50.70333333,0.443959554
50.70666667,0.454615275
50.71,0.525665283
50.71333333,0.48761495
50.71666667,0.532328288
50.72,0.523574829
50.72333333,0.481526693
50.72666667,0.463083903
50.73,0.499435425
50.73333333,0.453338623
50.73666667,0.455134074
50.74,0.522064209
50.74333333,0.559544881
50.74666667,0.529891968
50.75,0.518035889
50.75333333,0.511189779
50.75666667,0.534520467
50.76,0.526428223
50.76333333,0.527196248
50.76666667,0.52230835
50.77,0.501815796
50.77333333,0.518981934
50.77666667,0.53263855
50.78,0.544677734
50.78333333,0.556233724
50.78666667,0.531219482
50.79,0.527069092
50.79333333,0.541559855
50.79666667,0.523839315
50.8,0.569763184
50.80333333,0.555567424
50.80666667,0.516845703
50.81,0.537750244
50.81333333,0.506276449
50.81666667,0.541178385
50.82,0.540786743
50.82333333,0.594746908
50.82666667,0.575093587
50.83,0.569824219
50.83333333,0.589116414
50.83666667,0.588841756
50.84,0.600921631
50.84333333,0.570063273
50.84666667,0.544891357
50.85,0.536117554
50.85333333,0.598439535
50.85666667,0.648885091
50.86,0.580703735
50.86333333,0.596257528
50.86666667,0.590845744
50.87,0.546539307
50.87333333,0.66649882
50.87666667,0.666107178
50.88,0.638687134
50.88333333,0.620574951
50.88666667,0.575449626
50.89,0.598510742
50.89333333,0.591247559
50.89666667,0.580271403
50.9,0.590591431
50.90333333,0.56338501
50.90666667,0.627390544
50.91,0.589599609
50.91333333,0.549316406
50.91666667,0.551223755
50.92,0.539199829
50.92333333,0.55132548
50.92666667,0.580093384
50.93,0.604370117
50.93333333,0.577214559
50.93666667,0.557840983
50.94,0.558029175
50.94333333,0.569981893
50.94666667,0.610493978
50.95,0.611495972
50.95333333,0.601313273
50.95666667,0.54452006
50.96,0.541992188
50.96333333,0.590484619
50.96666667,0.551757812
50.97,0.596130371
50.97333333,0.612630208
50.97666667,0.710576375
50.98,0.744903564
50.98333333,0.791066488
50.98666667,0.817830404
50.99,0.878921509
50.99333333,0.952835083
50.99666667,0.843104045
51,0.779342651
51.00333333,0.725916545
51.00666667,0.669255575
51.01,0.631713867
51.01333333,0.515213013
51.01666667,0.477701823
51.02,0.418945312
51.02333333,0.356511434
51.02666667,0.315226237
51.03,0.280197144
51.03333333,0.327555339
51.03666667,0.389078776
51.04,0.432891846
51.04333333,0.488087972
51.04666667,0.541656494
51.05,0.502929688
51.05333333,0.552113851
51.05666667,0.557490031
51.06,0.636047363
51.06333333,0.588750203
51.06666667,0.549875895
51.07,0.569885254
51.07333333,0.630528768
51.07666667,0.646240234
51.08,0.66947937
51.08333333,0.649134318
51.08666667,0.616963704
51.09,0.660873413
51.09333333,0.639282227
51.09666667,0.639602661
51.1,0.620269775
51.10333333,0.653925578
51.10666667,0.654978434
51.11,0.659820557
51.11333333,0.667922974
51.11666667,0.663172404
51.12,0.688919067
51.12333333,0.68955485
51.12666667,0.688201904
51.13,0.683868408
51.13333333,0.669631958
51.13666667,0.711161296
51.14,0.734405518
51.14333333,0.759572347
51.14666667,0.758402507
51.15,0.711746216
51.15333333,0.739659627
51.15666667,0.761327108
51.16,0.803359985
51.16333333,0.806304932
51.16666667,0.815836589
51.17,0.832809448
51.17333333,0.77911377
51.17666667,0.764968872
51.18,0.789916992
51.18333333,0.812327067
51.18666667,0.838022868
51.19,0.81993103
51.19333333,0.830388387
51.19666667,0.802530924
51.2,0.814361572
51.20333333,0.855611165
51.20666667,0.843210856
51.21,0.848434448
51.21333333,0.892283122
51.21666667,0.915476481
51.22,0.916748047
51.22333333,0.860666911
51.22666667,0.856267293
51.23,0.910049438
51.23333333,0.925852458
51.23666667,0.91170756
51.24,0.922927856
51.24333333,0.915456136
51.24666667,0.920730591
51.25,0.926971436
51.25333333,0.958699544
51.25666667,0.939600627
51.26,0.952438354
51.26333333,0.943547567
51.26666667,0.959650675
51.27,0.946411133
51.27333333,0.919886271
51.27666667,0.902638753
51.28,0.928939819
51.28333333,0.892155965
51.28666667,0.875793457
51.29,0.907424927
51.29333333,0.91251119
51.29666667,0.835118612
51.3,0.71144104
51.30333333,0.822865804
51.30666667,0.857350667
51.31,0.762496948
51.31333333,0.772715251
51.31666667,0.733896891
51.32,0.721908569
51.32333333,0.730626424
51.32666667,0.708475749
51.33,0.707885742
51.33333333,0.689061483
51.33666667,0.673288981
51.34,0.718551636
51.34333333,0.699005127
51.34666667,0.734120687
51.35,0.728378296
51.35333333,0.726501465
51.35666667,0.743611654
51.36,0.714508057
51.36333333,0.721786499
51.36666667,0.699310303
51.37,0.728134155
51.37333333,0.725875854
51.37666667,0.716908773
51.38,0.727127075
51.38333333,0.705515544
51.38666667,0.686767578
51.39,0.707748413
51.39333333,0.74768575
51.39666667,0.731536865
51.4,0.719528198
51.40333333,0.64940389
51.40666667,0.682306925
51.41,0.70980835
51.41333333,0.751215617
51.41666667,0.715255737
51.42,0.690643311
51.42333333,0.610473633
51.42666667,0.62655131
51.43,0.743850708
51.43333333,0.730870565
51.43666667,0.711064657
51.44,0.687774658
51.44333333,0.692820231
51.44666667,0.702555339
51.45,0.672836304
51.45333333,0.662333171
51.45666667,0.685338338
51.46,0.737548828
51.46333333,0.721125285
51.46666667,0.682754517
51.47,0.670532227
51.47333333,0.681691488
51.47666667,0.733332316
51.48,0.720077515
51.48333333,0.748392741
51.48666667,0.668924967
51.49,0.655349731
51.49333333,0.682495117
51.49666667,0.67380778
51.5,0.702285767
51.50333333,0.687784831
51.50666667,0.721359253
51.51,0.703048706
51.51333333,0.739639282
51.51666667,0.724029541
51.52,0.699172974
51.52333333,0.641189575
51.52666667,0.627044678
51.53,0.656997681
51.53333333,0.651906331
51.53666667,0.68854777
51.54,0.661987305
51.54333333,0.706965129
51.54666667,0.63931783
51.55,0.658874512
51.55333333,0.676442464
51.55666667,0.699391683
51.56,0.715286255
51.56333333,0.745529175
51.56666667,0.665740967
51.57,0.64994812
51.57333333,0.687149048
51.57666667,0.652353923
51.58,0.65234375
51.58333333,0.658035278
51.58666667,0.63575236
51.59,0.642105103
51.59333333,0.620956421
51.59666667,0.663914998
51.6,0.65612793
51.60333333,0.660568237
51.60666667,0.665908813
51.61,0.716262817
51.61333333,0.744288127
51.61666667,0.65284729
51.62,0.6484375
51.62333333,0.652267456
51.62666667,0.675303141
51.63,0.72203064
51.63333333,0.695088704
51.63666667,0.64356486
51.64,0.631576538
51.64333333,0.657897949
51.64666667,0.639745076
51.65,0.679397583
51.65333333,0.689788818
51.65666667,0.687220256
51.66,0.684341431
51.66333333,0.706873576
51.66666667,0.672912598
51.67,0.679885864
51.67333333,0.671162923
51.67666667,0.683898926
51.68,0.630218506
51.68333333,0.62596639
51.68666667,0.610432943
51.69,0.634841919
51.69333333,0.645228068
51.69666667,0.694981893
51.7,0.640945435
51.70333333,0.636606852
51.70666667,0.643575033
51.71,0.595397949
51.71333333,0.526947021
51.71666667,0.566660563
51.72,0.630859375
51.72333333,0.572296143
51.72666667,0.599721273
51.73,0.611465454
51.73333333,0.574391683
51.73666667,0.594421387
51.74,0.621917725
51.74333333,0.592519124
51.74666667,0.594980876
51.75,0.600814819
51.75333333,0.60774231
51.75666667,0.614354451
51.76,0.582336426
51.76333333,0.60369873
51.76666667,0.637664795
51.77,0.635009766
51.77333333,0.596842448
51.77666667,0.611953735
51.78,0.637084961
51.78333333,0.63176473
51.78666667,0.637324015
51.79,0.61491394
51.79333333,0.63458252
51.79666667,0.588684082
51.8,0.668640137
51.80333333,0.669321696
51.80666667,0.620463053
51.81,0.586166382
51.81333333,0.575586955
51.81666667,0.645090739
51.82,0.717575073
51.82333333,0.682515462
51.82666667,0.609634399
51.83,0.609893799
51.83333333,0.645446777
51.83666667,0.65872701
51.84,0.643051147
51.84333333,0.660685221
51.84666667,0.625762939
51.85,0.65612793
51.85333333,0.703974406
51.85666667,0.687718709
51.86,0.684249878
51.86333333,0.713022868
51.86666667,0.643615723
51.87,0.685775757
51.87333333,0.713612874
51.87666667,0.665506999
51.88,0.736068726
51.88333333,0.693740845
51.88666667,0.688374837
51.89,0.71081543
51.89333333,0.698008219
51.89666667,0.695892334
51.9,0.691146851
51.90333333,0.652521769
51.90666667,0.665512085
51.91,0.655059814
51.91333333,0.667282104
51.91666667,0.697453817
51.92,0.674789429
51.92333333,0.716008504
51.92666667,0.662343343
51.93,0.751724243
51.93333333,0.70370992
51.93666667,0.699620565
51.94,0.666213989
51.94333333,0.660446167
51.94666667,0.658589681
51.95,0.666809082
51.95333333,0.669301351
51.95666667,0.724090576
51.96,0.795410156
51.96333333,0.874343872
51.96666667,0.895385742
51.97,0.938796997
51.97333333,0.964111328
51.97666667,0.952173869
51.98,0.901260376
51.98333333,0.842463175
51.98666667,0.853663127
51.99,0.761734009
51.99333333,0.647226969
51.99666667,0.645675659
52,0.648880005
52.00333333,0.54351298
52.00666667,0.485234578
52.01,0.485168457
52.01333333,0.49492391
52.01666667,0.552800496
52.02,0.638000488
52.02333333,0.635442098
52.02666667,0.686319987
52.03,0.692855835
52.03333333,0.776443481
52.03666667,0.757237752
52.04,0.709793091
52.04333333,0.71723938
52.04666667,0.758814494
52.05,0.76210022
52.05333333,0.786188761
52.05666667,0.81207784
52.06,0.760864258
52.06333333,0.769378662
52.06666667,0.749460856
52.07,0.788391113
52.07333333,0.776850382
52.07666667,0.768127441
52.08,0.772689819
52.08333333,0.7715861
52.08666667,0.721903483
52.09,0.769790649
52.09333333,0.831659953
52.09666667,0.766916911
52.1,0.785522461
52.10333333,0.813735962
52.10666667,0.848592122
52.11,0.850784302
52.11333333,0.806025187
52.11666667,0.806223551
52.12,0.821243286
52.12333333,0.805892944
52.12666667,0.856740316
52.13,0.79750061
52.13333333,0.835494995
52.13666667,0.810643514
52.14,0.821884155
52.14333333,0.807657878
52.14666667,0.832590739
52.15,0.87890625
52.15333333,0.849441528
52.15666667,0.830006917
52.16,0.842391968
52.16333333,0.871337891
52.16666667,0.898488363
52.17,0.923370361
52.17333333,0.860717773
52.17666667,0.911153158
52.18,0.912231445
52.18333333,0.91023763
52.18666667,0.88297526
52.19,0.894760132
52.19333333,0.956578573
52.19666667,0.946990967
52.2,0.957107544
52.20333333,0.96005249
52.20666667,0.977183024
52.21,0.929138184
52.21333333,0.905309041
52.21666667,0.96013387
52.22,0.947891235
52.22333333,0.991978963
52.22666667,0.985127767
52.23,0.991210938
52.23333333,1.014328003
52.23666667,1.01671346
52.24,1.038650513
52.24333333,1.025583903
52.24666667,0.973937988
52.25,0.958633423
52.25333333,1.006759644
52.25666667,1.014607747
52.26,0.972061157
52.26333333,0.948318481
52.26666667,0.915018717
52.27,0.884628296
52.27333333,0.880706787
52.27666667,0.903244019
52.28,0.881164551
52.28333333,0.864461263
52.28666667,0.93598938
52.29,0.897766113
52.29333333,0.832468669
52.29666667,0.758270264
52.3,0.774612427
52.30333333,0.837554932
52.30666667,0.779225667
52.31,0.779327393
52.31333333,0.744674683
52.31666667,0.769907633
52.32,0.764541626
52.32333333,0.778071086
52.32666667,0.732976278
52.33,0.75239563
52.33333333,0.761922201
52.33666667,0.794418335
52.34,0.794387817
52.34333333,0.783843994
52.34666667,0.808425903
52.35,0.796737671
52.35333333,0.769775391
52.35666667,0.783035278
52.36,0.820617676
52.36333333,0.830581665
52.36666667,0.763931274
52.37,0.783035278
52.37333333,0.791463216
52.37666667,0.78859965
52.38,0.747406006
52.38333333,0.795288086
52.38666667,0.792653402
52.39,0.799591064
52.39333333,0.7856191
52.39666667,0.786610921
52.4,0.790481567
52.40333333,0.752822876
52.40666667,0.749145508
52.41,0.771484375
52.41333333,0.77402242
52.41666667,0.746536255
52.42,0.754394531
52.42333333,0.771942139
52.42666667,0.764984131
52.43,0.759689331
52.43333333,0.76886495
52.43666667,0.82455953
52.44,0.844177246
52.44333333,0.812210083
52.44666667,0.786717733
52.45,0.800857544
52.45333333,0.811482747
52.45666667,0.770904541
52.46,0.789016724
52.46333333,0.789464315
52.46666667,0.825805664
52.47,0.766906738
52.47333333,0.76385498
52.47666667,0.815867106
52.48,0.828796387
52.48333333,0.800857544
52.48666667,0.795934041
52.49,0.815078735
52.49333333,0.844273885
52.49666667,0.794677734
52.5,0.797653198
52.50333333,0.785669963
52.50666667,0.841608683
52.51,0.779464722
52.51333333,0.74382019
52.51666667,0.719350179
52.52,0.736434937
52.52333333,0.734593709
52.52666667,0.768844604
52.53,0.736541748
52.53333333,0.748291016
52.53666667,0.742335002
52.54,0.747390747
52.54333333,0.772257487
52.54666667,0.742533366
52.55,0.753936768
52.55333333,0.683349609
52.55666667,0.719991048
52.56,0.662826538
52.56333333,0.682652791
52.56666667,0.716425578
52.57,0.697479248
52.57333333,0.739974976
52.57666667,0.77889506
52.58,0.758789063
52.58333333,0.706481934
52.58666667,0.703470866
52.59,0.719558716
52.59333333,0.767766317
52.59666667,0.767145793
52.6,0.766525269
52.60333333,0.701502482
52.60666667,0.714828491
52.61,0.695510864
52.61333333,0.677383423
52.61666667,0.695673625
52.62,0.699142456
52.62333333,0.666564941
52.62666667,0.616022746
52.63,0.647583008
52.63333333,0.656153361
52.63666667,0.651234945
52.64,0.667480469
52.64333333,0.693405151
52.64666667,0.622187297
52.65,0.616607666
52.65333333,0.670181274
52.65666667,0.689503988
52.66,0.728851318
52.66333333,0.716674805
52.66666667,0.709406535
52.67,0.715591431
52.67333333,0.698811849
52.67666667,0.650726318
52.68,0.660476685
52.68333333,0.703913371
52.68666667,0.665176392
52.69,0.649978638
52.69333333,0.668329875
52.69666667,0.676534017
52.7,0.67276001
52.70333333,0.716664632
52.70666667,0.664011637
52.71,0.633041382
52.71333333,0.655914307
52.71666667,0.682754517
52.72,0.70513916
52.72333333,0.679066976
52.72666667,0.671488444
52.73,0.67388916
52.73333333,0.651448568
52.73666667,0.659378052
52.74,0.598648071
52.74333333,0.619394938
52.74666667,0.621729533
52.75,0.661849976
52.75333333,0.70539856
52.75666667,0.664713542
52.76,0.670303345
52.76333333,0.699234009
52.76666667,0.644658407
52.77,0.642532349
52.77333333,0.637659709
52.77666667,0.585306803
52.78,0.573455811
52.78333333,0.64142863
52.78666667,0.680979411
52.79,0.681289673
52.79333333,0.630747477
52.79666667,0.649632772
52.8,0.662918091
52.80333333,0.664657593
52.80666667,0.668451945
52.81,0.620605469
52.81333333,0.62411499
52.81666667,0.628204346
52.82,0.612991333
52.82333333,0.652521769
52.82666667,0.642211914
52.83,0.645874023
52.83333333,0.660451253
52.83666667,0.626113892
52.84,0.624664307
52.84333333,0.620030721
52.84666667,0.545811971
52.85,0.645523071
52.85333333,0.595270793
52.85666667,0.63327535
52.86,0.607849121
52.86333333,0.537999471
52.86666667,0.568440755
52.87,0.573944092
52.87333333,0.593678792
52.87666667,0.553532918
52.88,0.584381104
52.88333333,0.607172648
52.88666667,0.635950724
52.89,0.613571167
52.89333333,0.60508728
52.89666667,0.602111816
52.9,0.615234375
52.90333333,0.612136841
52.90666667,0.599822998
52.91,0.60383606
52.91333333,0.631678263
52.91666667,0.597381592
52.92,0.570846558
52.92333333,0.580780029
52.92666667,0.629486084
52.93,0.642883301
52.93333333,0.719502767
52.93666667,0.765070597
52.94,0.765914917
52.94333333,0.784225464
52.94666667,0.841603597
52.95,0.873031616
52.95333333,0.881205241
52.95666667,0.830968221
52.96,0.764846802
52.96333333,0.709960937
52.96666667,0.677973429
52.97,0.508911133
52.97333333,0.459350586
52.97666667,0.392659505
52.98,0.387619019
52.98333333,0.357106527
52.98666667,0.363815308
52.99,0.409744263
52.99333333,0.48592631
52.99666667,0.494750977
53,0.532913208
53.00333333,0.592244466
53.00666667,0.642501831
53.01,0.626419067
53.01333333,0.601486206
53.01666667,0.628662109
53.02,0.607406616
53.02333333,0.70787557
53.02666667,0.695922852
53.03,0.640975952
53.03333333,0.684814453
53.03666667,0.724100749
53.04,0.728683472
53.04333333,0.720123291
53.04666667,0.693837484
53.05,0.69152832
53.05333333,0.734914144
53.05666667,0.689102173
53.06,0.68586731
53.06333333,0.722824097
53.06666667,0.760625203
53.07,0.740509033
53.07333333,0.753768921
53.07666667,0.710530599
53.08,0.706237793
53.08333333,0.697453817
53.08666667,0.749008179
53.09,0.755355835
53.09333333,0.755889893
53.09666667,0.753657023
53.1,0.71395874
53.10333333,0.755681356
53.10666667,0.715494792
53.11,0.718200684
53.11333333,0.76121521
53.11666667,0.755869548
53.12,0.793289185
53.12333333,0.771016439
53.12666667,0.725046794
53.13,0.797180176
53.13333333,0.792821248
53.13666667,0.780014038
53.14,0.83164978
53.14333333,0.787261963
53.14666667,0.793650309
53.15,0.812988281
53.15333333,0.835779826
53.15666667,0.841883341
53.16,0.848083496
53.16333333,0.82081604
53.16666667,0.846354167
53.17,0.81199646
53.17333333,0.784281413
53.17666667,0.852045695
53.18,0.837478638
53.18333333,0.805435181
53.18666667,0.834726969
53.19,0.838653564
53.19333333,0.787521362
53.19666667,0.791514079
53.2,0.816879272
53.20333333,0.871058146
53.20666667,0.871699015
53.21,0.901473999
53.21333333,0.85971578
53.21666667,0.883076986
53.22,0.867660522
53.22333333,0.818644206
53.22666667,0.877990723
53.23,0.861602783
53.23333333,0.832061768
53.23666667,0.807133993
53.24,0.829666138
53.24333333,0.825831095
53.24666667,0.820363363
53.25,0.751876831
53.25333333,0.730606079
53.25666667,0.779790243
53.26,0.749725342
53.26333333,0.69855245
53.26666667,0.686543783
53.27,0.716156006
53.27333333,0.69712321
53.27666667,0.641418457
53.28,0.640792847
53.28333333,0.639190674
53.28666667,0.642801921
53.29,0.631942749
53.29333333,0.633021037
53.29666667,0.636444092
53.3,0.676345825
53.30333333,0.647313436
53.30666667,0.600351969
53.31,0.557540894
53.31333333,0.557561239
53.31666667,0.593617757
53.32,0.605209351
53.32333333,0.576909383
53.32666667,0.576868693
53.33,0.554946899
53.33333333,0.51205953
53.33666667,0.570907593
53.34,0.572372437
53.34333333,0.563578288
53.34666667,0.572575887
53.35,0.579452515
53.35333333,0.562006632
53.35666667,0.585805257
53.36,0.535354614
53.36333333,0.572352091
53.36666667,0.529759725
53.37,0.521102905
53.37333333,0.547851563
53.37666667,0.552327474
53.38,0.553009033
53.38333333,0.585021973
53.38666667,0.56922404
53.39,0.591415405
53.39333333,0.585678101
53.39666667,0.554402669
53.4,0.554428101
53.40333333,0.567942301
53.40666667,0.61126709
53.41,0.585083008
53.41333333,0.571889242
53.41666667,0.594075521
53.42,0.563873291
53.42333333,0.577061971
53.42666667,0.582280477
53.43,0.582473755
53.43333333,0.597585042
53.43666667,0.575154622
53.44,0.553924561
53.44333333,0.564610799
53.44666667,0.560612996
53.45,0.574035645
53.45333333,0.60403951
53.45666667,0.583613078
53.46,0.582748413
53.46333333,0.510106405
53.46666667,0.546112061
53.47,0.546707153
53.47333333,0.591156006
53.47666667,0.605270386
53.48,0.580612183
53.48333333,0.577596029
53.48666667,0.555465698
53.49,0.60357666
53.49333333,0.585942586
53.49666667,0.596776326
53.5,0.617218018
53.50333333,0.593490601
53.50666667,0.571665446
53.51,0.562606812
53.51333333,0.577936808
53.51666667,0.577189128
53.52,0.555709839
53.52333333,0.570205688
53.52666667,0.593190511
53.53,0.547973633
53.53333333,0.531692505
53.53666667,0.526560465
53.54,0.52722168
53.54333333,0.610605876
53.54666667,0.581207275
53.55,0.545578003
53.55333333,0.563613892
53.55666667,0.564437866
53.56,0.575836182
53.56333333,0.494633993
53.56666667,0.526936849
53.57,0.564376831
53.57333333,0.577026367
53.57666667,0.546808879
53.58,0.542709351
53.58333333,0.549825033
53.58666667,0.534362793
53.59,0.485992432
53.59333333,0.522374471
53.59666667,0.603871663
53.6,0.582885742
53.60333333,0.591603597
53.60666667,0.56354777
53.61,0.553909302
53.61333333,0.547999064
53.61666667,0.55770874
53.62,0.501815796
53.62333333,0.572886149
53.62666667,0.536026001
53.63,0.600479126
53.63333333,0.558141073
53.63666667,0.521662394
53.64,0.543106079
53.64333333,0.509506226
53.64666667,0.495915731
53.65,0.562515259
53.65333333,0.549036662
53.65666667,0.568934123
53.66,0.567657471
53.66333333,0.55829366
53.66666667,0.538253784
53.67,0.575241089
53.67333333,0.530349731
53.67666667,0.482406616
53.68,0.519668579
53.68333333,0.586598714
53.68666667,0.591522217
53.69,0.585494995
53.69333333,0.571014404
53.69666667,0.605478923
53.7,0.567550659
53.70333333,0.535863241
53.70666667,0.557032267
53.71,0.597503662
53.71333333,0.586095174
53.71666667,0.565668742
53.72,0.590789795
53.72333333,0.584793091
53.72666667,0.596700033
53.73,0.607070923
53.73333333,0.603561401
53.73666667,0.644760132
53.74,0.635452271
53.74333333,0.578358968
53.74666667,0.578491211
53.75,0.588989258
53.75333333,0.659123739
53.75666667,0.614100138
53.76,0.666137695
53.76333333,0.649805705
53.76666667,0.639979045
53.77,0.626434326
53.77333333,0.638326009
53.77666667,0.589019775
53.78,0.577789307
53.78333333,0.599568685
53.78666667,0.599848429
53.79,0.623397827
53.79333333,0.595753988
53.79666667,0.616750081
53.8,0.553436279
53.80333333,0.600301107
53.80666667,0.606999715
53.81,0.625213623
53.81333333,0.615178426
53.81666667,0.634206136
53.82,0.65335083
53.82333333,0.648803711
53.82666667,0.656972249
53.83,0.61680603
53.83333333,0.592676799
53.83666667,0.607640584
53.84,0.605957031
53.84333333,0.579945882
53.84666667,0.618296305
53.85,0.606155396
53.85333333,0.53759257
53.85666667,0.55921936
53.86,0.592437744
53.86333333,0.605295817
53.86666667,0.613683065
53.87,0.564743042
53.87333333,0.614532471
53.87666667,0.588719686
53.88,0.630432129
53.88333333,0.558598836
53.88666667,0.557322184
53.89,0.535415649
53.89333333,0.506678263
53.89666667,0.511006673
53.9,0.547180176
53.90333333,0.57291158
53.90666667,0.546819051
53.91,0.547409058
53.91333333,0.547851563
53.91666667,0.57258606
53.92,0.592102051
53.92333333,0.696487427
53.92666667,0.721181234
53.93,0.770812988
53.93333333,0.780995687
53.93666667,0.753819784
53.94,0.747695923
53.94333333,0.684967041
53.94666667,0.659413656
53.95,0.657043457
53.95333333,0.532414754
53.95666667,0.448125203
53.96,0.288085937
53.96333333,0.297978719
53.96666667,0.286280314
53.97,0.313644409
53.97333333,0.329030355
53.97666667,0.304158529
53.98,0.351150513
53.98333333,0.459772746
53.98666667,0.450866699
53.99,0.50100708
53.99333333,0.488032023
53.99666667,0.467310588
54,0.463104248
54.00333333,0.460540771
54.00666667,0.538309733
54.01,0.528549194
54.01333333,0.485458374
54.01666667,0.487976074
54.02,0.537109375
54.02333333,0.52243042
54.02666667,0.557072957
54.03,0.567993164
54.03333333,0.625712077
54.03666667,0.605855306
54.04,0.570892334
54.04333333,0.580296834
54.04666667,0.58056132
54.05,0.596466064
54.05333333,0.571207682
54.05666667,0.561482747
54.06,0.510803223
54.06333333,0.485570272
54.06666667,0.514526367
54.07,0.520965576
54.07333333,0.55670166
54.07666667,0.524815877
54.08,0.517105103
54.08333333,0.574366252
54.08666667,0.591995239
54.09,0.589874268
54.09333333,0.553395589
54.09666667,0.564071655
54.1,0.589141846
54.10333333,0.640604655
54.10666667,0.602808634
54.11,0.580886841
54.11333333,0.594706217
54.11666667,0.626525879
54.12,0.695236206
54.12333333,0.676172892
54.12666667,0.613459269
54.13,0.604248047
54.13333333,0.688298543
54.13666667,0.675064087
54.14,0.68800354
54.14333333,0.654454549
54.14666667,0.710535685
54.15,0.679168701
54.15333333,0.655807495
54.15666667,0.718643188
54.16,0.711608887
54.16333333,0.685251872
54.16666667,0.657399495
54.17,0.72026062
54.17333333,0.715118408
54.17666667,0.74105835
54.18,0.752166748
54.18333333,0.731964111
54.18666667,0.731424967
54.19,0.774856567
54.19333333,0.746780396
54.19666667,0.759490967
54.2,0.801620483
54.20333333,0.804005941
54.20666667,0.77238973
54.21,0.787811279
54.21333333,0.756866455
54.21666667,0.755945841
54.22,0.808776855
54.22333333,0.786356608
54.22666667,0.723027547
54.23,0.717651367
54.23333333,0.698064168
54.23666667,0.695561727
54.24,0.668670654
54.24333333,0.663111369
54.24666667,0.639104207
54.25,0.675964355
54.25333333,0.629486084
54.25666667,0.622075399
54.26,0.653945923
54.26333333,0.624801636
54.26666667,0.573272705
54.27,0.5912323
54.27333333,0.610275269
54.27666667,0.540822347
54.28,0.560913086
54.28333333,0.561218262
54.28666667,0.565785726
54.29,0.583068848
54.29333333,0.608398437
54.29666667,0.608983358
54.3,0.5443573
54.30333333,0.55208842
54.30666667,0.617640177
54.31,0.601089478
54.31333333,0.555277507
54.31666667,0.570322673
54.32,0.594543457
54.32333333,0.605819702
54.32666667,0.581914266
54.33,0.597808838
54.33333333,0.601577759
54.33666667,0.580637614
54.34,0.598907471
54.34333333,0.572301229
54.34666667,0.597050985
54.35,0.628433228
54.35333333,0.627385457
54.35666667,0.616526286
54.36,0.599212646
54.36333333,0.650380452
54.36666667,0.602238973
54.37,0.611572266
54.37333333,0.611628215
54.37666667,0.607884725
54.38,0.636978149
54.38333333,0.634841919
54.38666667,0.622339884
54.39,0.61668396
54.39333333,0.607767741
54.39666667,0.6206309
54.4,0.593643188
54.40333333,0.635096232
54.40666667,0.5990448
54.41,0.574386597
54.41333333,0.619176229
54.41666667,0.593566895
54.42,0.65788269
54.42333333,0.631088257
54.42666667,0.598353068
54.43,0.545440674
54.43333333,0.584691366
54.43666667,0.641260783
54.44,0.655944824
54.44333333,0.618825277
54.44666667,0.585734049
54.45,0.582580566
54.45333333,0.662984212
54.45666667,0.612284342
54.46,0.614654541
54.46333333,0.624516805
54.46666667,0.629552205
54.47,0.648330688
54.47333333,0.619598389
54.47666667,0.595779419
54.48,0.589569092
54.48333333,0.640233358
54.48666667,0.637863159
54.49,0.636749268
54.49333333,0.592809041
54.49666667,0.593454997
54.5,0.605773926
54.50333333,0.58458964
54.50666667,0.522374471
54.51,0.52331543
54.51333333,0.55527242
54.51666667,0.599543254
54.52,0.571304321
54.52333333,0.57892863
54.52666667,0.592859904
54.53,0.576568604
54.53333333,0.556106567
54.53666667,0.576548258
54.54,0.554779053
54.54333333,0.543462118
54.54666667,0.555216471
54.55,0.591278076
54.55333333,0.610249837
54.55666667,0.59727478
54.56,0.584884644
54.56333333,0.570424398
54.56666667,0.583216349
54.57,0.616012573
54.57333333,0.621414185
54.57666667,0.587081909
54.58,0.597732544
54.58333333,0.589625041
54.58666667,0.566843669
54.59,0.623779297
54.59333333,0.595708211
54.59666667,0.603947957
54.6,0.559692383
54.60333333,0.582458496
54.60666667,0.541132609
54.61,0.561431885
54.61333333,0.56787618
54.61666667,0.555725098
54.62,0.602371216
54.62333333,0.554295858
54.62666667,0.59038798
54.63,0.56300354
54.63333333,0.547027588
54.63666667,0.582163493
54.64,0.514831543
54.64333333,0.46816508
54.64666667,0.482147217
54.65,0.542373657
54.65333333,0.559946696
54.65666667,0.57820638
54.66,0.54675293
54.66333333,0.572865804
54.66666667,0.562795003
54.67,0.563430786
54.67333333,0.547887166
54.67666667,0.532068888
54.68,0.506484985
54.68333333,0.506769816
54.68666667,0.53809611
54.69,0.552368164
54.69333333,0.517573039
54.69666667,0.485946655
54.7,0.509719849
54.70333333,0.526535034
54.70666667,0.519856771
54.71,0.525054932
54.71333333,0.536794027
54.71666667,0.486602783
54.72,0.479217529
54.72333333,0.465927124
54.72666667,0.478851318
54.73,0.486999512
54.73333333,0.499598185
54.73666667,0.570638021
54.74,0.477279663
54.74333333,0.459594727
54.74666667,0.508473714
54.75,0.5443573
54.75333333,0.548812866
54.75666667,0.530558268
54.76,0.586151123
54.76333333,0.554377238
54.76666667,0.544484456
54.77,0.530288696
54.77333333,0.501439412
54.77666667,0.485112508
54.78,0.517929077
54.78333333,0.537872314
54.78666667,0.569819132
54.79,0.589141846
54.79333333,0.567433675
54.79666667,0.580373128
54.8,0.575027466
54.80333333,0.543360392
54.80666667,0.524836222
54.81,0.551345825
54.81333333,0.557617187
54.81666667,0.537312826
54.82,0.545471191
54.82333333,0.489008586
54.82666667,0.475692749
54.83,0.491119385
54.83333333,0.53914388
54.83666667,0.554087321
54.84,0.542053223
54.84333333,0.52969869
54.84666667,0.521708171
54.85,0.564193726
54.85333333,0.533701579
54.85666667,0.516906738
54.86,0.526580811
54.86333333,0.554748535
54.86666667,0.553131104
54.87,0.532485962
54.87333333,0.550470988
54.87666667,0.565185547
54.88,0.562484741
54.88333333,0.530395508
54.88666667,0.485916138
54.89,0.55229187
54.89333333,0.608011882
54.89666667,0.63478597
54.9,0.703277588
54.90333333,0.773376465
54.90666667,0.834065755
54.91,0.869155884
54.91333333,0.86869812
54.91666667,0.86479187
54.92,0.732727051
54.92333333,0.649546305
54.92666667,0.622024536
54.93,0.568099976
54.93333333,0.387624105
54.93666667,0.349639893
54.94,0.279098511
54.94333333,0.253835042
54.94666667,0.253138224
54.95,0.326080322
54.95333333,0.390655518
54.95666667,0.488469442
54.96,0.52406311
54.96333333,0.548105876
54.96666667,0.600153605
54.97,0.59085083
54.97333333,0.552922567
54.97666667,0.548039754
54.98,0.560852051
54.98333333,0.571975708
54.98666667,0.576599121
54.99,0.594573975
54.99333333,0.627329508
54.99666667,0.603744507
55,0.597763062
55.00333333,0.60555013
55.00666667,0.652094523
55.01,0.607055664
55.01333333,0.60732015
55.01666667,0.616378784
55.02,0.625045776
55.02333333,0.593236287
55.02666667,0.606211344
55.03,0.633407593
55.03333333,0.657119751
55.03666667,0.616963704
55.04,0.65512085
55.04333333,0.667236328
55.04666667,0.610524495
55.05,0.610122681
55.05333333,0.626322428
55.05666667,0.642033895
55.06,0.676864624
55.06333333,0.655761719
55.06666667,0.633875529
55.07,0.66708374
55.07333333,0.618708293
55.07666667,0.613891602
55.08,0.716720581
55.08333333,0.620778402
55.08666667,0.627187093
55.09,0.749084473
55.09333333,0.665908813
55.09666667,0.739257813
55.1,0.687332153
55.10333333,0.740346273
55.10666667,0.714396159
55.11,0.743331909
55.11333333,0.70988973
55.11666667,0.703023275
55.12,0.705886841
55.12333333,0.731384277
55.12666667,0.770395915
55.13,0.757446289
55.13333333,0.758921305
55.13666667,0.743871053
55.14,0.79196167
55.14333333,0.821848551
55.14666667,0.821965535
55.15,0.832290649
55.15333333,0.828730265
55.15666667,0.819407145
55.16,0.841049194
55.16333333,0.886276245
55.16666667,0.83770752
55.17,0.818756104
55.17333333,0.849497477
55.17666667,0.831476847
55.18,0.838760376
55.18333333,0.8299764
55.18666667,0.834950765
55.19,0.85798645
55.19333333,0.827255249
55.19666667,0.813939412
55.2,0.80406189
55.20333333,0.744867961
55.20666667,0.782928467
55.21,0.762191772
55.21333333,0.743225098
55.21666667,0.688552856
55.22,0.655776978
55.22333333,0.682591756
55.22666667,0.666631063
55.23,0.687744141
55.23333333,0.644734701
55.23666667,0.675893148
55.24,0.634979248
55.24333333,0.594619751
55.24666667,0.582850138
55.25,0.60005188
55.25333333,0.587381999
55.25666667,0.585545858
55.26,0.599716187
55.26333333,0.609888713
55.26666667,0.580088298
55.27,0.578262329
55.27333333,0.561752319
55.27666667,0.608423869
55.28,0.565628052
55.28333333,0.552698771
55.28666667,0.574412028
55.29,0.57862854
55.29333333,0.547449748
55.29666667,0.537790934
55.3,0.540924072
55.30333333,0.528889974
55.30666667,0.575093587
55.31,0.551864624
55.31333333,0.560379028
55.31666667,0.572230021
55.32,0.548049927
55.32333333,0.537078857
55.32666667,0.537857056
55.33,0.543518066
55.33333333,0.567499797
55.33666667,0.559061686
55.34,0.525222778
55.34333333,0.569737752
55.34666667,0.55355835
55.35,0.535812378
55.35333333,0.526473999
55.35666667,0.554896037
55.36,0.566436768
55.36333333,0.526285807
55.36666667,0.540924072
55.37,0.505401611
55.37333333,0.506958008
55.37666667,0.537078857
55.38,0.487792969
55.38333333,0.491867065
55.38666667,0.531804403
55.39,0.442687988
55.39333333,0.486180623
55.39666667,0.534535726
55.4,0.514526367
55.40333333,0.502080282
55.40666667,0.546081543
55.41,0.553833008
55.41333333,0.544871012
55.41666667,0.500488281
55.42,0.507720947
55.42333333,0.547373454
55.42666667,0.491007487
55.43,0.523712158
55.43333333,0.531539917
55.43666667,0.49478658
55.44,0.539550781
55.44333333,0.538024902
55.44666667,0.574198405
55.45,0.556869507
55.45333333,0.553980509
55.45666667,0.520812988
55.46,0.46546936
55.46333333,0.571609497
55.46666667,0.540008545
55.47,0.574966431
55.47333333,0.548741659
55.47666667,0.524175008
55.48,0.571929932
55.48333333,0.530675252
55.48666667,0.529566447
55.49,0.493591309
55.49333333,0.5340271
55.49666667,0.524408976
55.5,0.490188599
55.50333333,0.531305949
55.50666667,0.53062439
55.51,0.507400513
55.51333333,0.507293701
55.51666667,0.528717041
55.52,0.494476318
55.52333333,0.500279744
55.52666667,0.513000488
55.53,0.507553101
55.53333333,0.479939779
55.53666667,0.499181112
55.54,0.514038086
55.54333333,0.550445557
55.54666667,0.538365682
55.55,0.551681519
55.55333333,0.552897135
55.55666667,0.504231771
55.56,0.531890869
55.56333333,0.517674764
55.56666667,0.521799723
55.57,0.48236084
55.57333333,0.490936279
55.57666667,0.506449382
55.58,0.508605957
55.58333333,0.498453776
55.58666667,0.53040568
55.59,0.512771606
55.59333333,0.513712565
55.59666667,0.468129476
55.6,0.457382202
55.60333333,0.440689087
55.60666667,0.434946696
55.61,0.457550049
55.61333333,0.494801839
55.61666667,0.486958822
55.62,0.524551392
55.62333333,0.485997518
55.62666667,0.489140828
55.63,0.431900024
55.63333333,0.479253133
55.63666667,0.459233602
55.64,0.459411621
55.64333333,0.456288656
55.64666667,0.442820231
55.65,0.540542603
55.65333333,0.495534261
55.65666667,0.487874349
55.66,0.445327759
55.66333333,0.539087931
55.66666667,0.507481893
55.67,0.546203613
55.67333333,0.508102417
55.67666667,0.507436117
55.68,0.515686035
55.68333333,0.531056722
55.68666667,0.511042277
55.69,0.51776123
55.69333333,0.533599854
55.69666667,0.486673991
55.7,0.499420166
55.70333333,0.525634766
55.70666667,0.518554687
55.71,0.52394104
55.71333333,0.514516195
55.71666667,0.544102987
55.72,0.531799316
55.72333333,0.533691406
55.72666667,0.557871501
55.73,0.565139771
55.73333333,0.521825155
55.73666667,0.588038127
55.74,0.514328003
55.74333333,0.562861125
55.74666667,0.518157959
55.75,0.522613525
55.75333333,0.511728923
55.75666667,0.542902629
55.76,0.541473389
55.76333333,0.516179403
55.76666667,0.543492635
55.77,0.461364746
55.77333333,0.522644043
55.77666667,0.534947713
55.78,0.491989136
55.78333333,0.505371094
55.78666667,0.500630697
55.79,0.487548828
55.79333333,0.491480509
55.79666667,0.463038127
55.8,0.46875
55.80333333,0.548126221
55.80666667,0.499109904
55.81,0.500167847
55.81333333,0.5121816
55.81666667,0.528004964
55.82,0.518066406
55.82333333,0.502716064
55.82666667,0.483215332
55.83,0.564376831
55.83333333,0.629170736
55.83666667,0.735132853
55.84,0.727676392
55.84333333,0.776931763
55.84666667,0.8584493
55.85,0.816345215
55.85333333,0.749684652
55.85666667,0.6040802
55.86,0.582794189
55.86333333,0.522318522
55.86666667,0.438206991
55.87,0.316070557
55.87333333,0.299992879
55.87666667,0.259343465
55.88,0.242828369
55.88333333,0.183614095
55.88666667,0.279713949
55.89,0.322616577
55.89333333,0.353286743
55.89666667,0.379516602
55.9,0.389709473
55.90333333,0.437530518
55.90666667,0.449940999
55.91,0.532714844
55.91333333,0.519292196
55.91666667,0.532023112
55.92,0.561599731
55.92333333,0.533416748
55.92666667,0.505330404
55.93,0.477706909
55.93333333,0.589675903
55.93666667,0.536005656
55.94,0.569412231
55.94333333,0.579350789
55.94666667,0.554011027
55.95,0.595016479
55.95333333,0.610326131
55.95666667,0.588307699
55.96,0.60736084
55.96333333,0.598032633
55.96666667,0.602416992
55.97,0.587249756
55.97333333,0.633972168
55.97666667,0.58396403
55.98,0.607162476
55.98333333,0.625356038
55.98666667,0.613652547
55.99,0.597473145
55.99333333,0.58480835
55.99666667,0.62403361
56,0.605010986
56.00333333,0.603296916
56.00666667,0.635147095
56.01,0.659255981
56.01333333,0.620346069
56.01666667,0.60971578
56.02,0.597640991
56.02333333,0.666554769
56.02666667,0.707890828
56.03,0.722106934
56.03333333,0.751953125
56.03666667,0.716954549
56.04,0.729736328
56.04333333,0.733144124
56.04666667,0.72299703
56.05,0.738830566
56.05333333,0.722620646
56.05666667,0.749013265
56.06,0.722518921
56.06333333,0.808059692
56.06666667,0.769297282
56.07,0.726226807
56.07333333,0.759943644
56.07666667,0.786687215
56.08,0.770904541
56.08333333,0.823084513
56.08666667,0.80851237
56.09,0.780090332
56.09333333,0.826665243
56.09666667,0.799880981
56.1,0.810546875
56.10333333,0.821426392
56.10666667,0.817840576
56.11,0.827484131
56.11333333,0.822514852
56.11666667,0.836919149
56.12,0.821212769
56.12333333,0.807937622
56.12666667,0.789555868
56.13,0.790435791
56.13333333,0.773874919
56.13666667,0.784830729
56.14,0.754669189
56.14333333,0.720347087
56.14666667,0.70064799
56.15,0.693511963
56.15333333,0.601811727
56.15666667,0.582728068
56.16,0.585769653
56.16333333,0.618871053
56.16666667,0.55287679
56.17,0.539703369
56.17333333,0.554560343
56.17666667,0.518498739
56.18,0.534576416
56.18333333,0.463307699
56.18666667,0.502212524
56.19,0.501968384
56.19333333,0.468566895
56.19666667,0.471323649
56.2,0.484161377
56.20333333,0.42443339
56.20666667,0.473831177
56.21,0.496170044
56.21333333,0.462783813
56.21666667,0.431416829
56.22,0.445724487
56.22333333,0.476933797
56.22666667,0.462702433
56.23,0.450759888
56.23333333,0.415903727
56.23666667,0.414459229
56.24,0.447937012
56.24333333,0.434417725
56.24666667,0.417261759
56.25,0.410079956
56.25333333,0.442596436
56.25666667,0.44472758
56.26,0.450637817
56.26333333,0.441558838
56.26666667,0.437189738
56.27,0.502120972
56.27333333,0.441141764
56.27666667,0.407170614
56.28,0.431549072
56.28333333,0.435307821
56.28666667,0.390268962
56.29,0.490814209
56.29333333,0.459996541
56.29666667,0.441314697
56.3,0.47996521
56.30333333,0.439509074
56.30666667,0.419677734
56.31,0.471206665
56.31333333,0.476450602
56.31666667,0.441894531
56.32,0.441635132
56.32333333,0.512532552
56.32666667,0.501037598
56.33,0.45930481
56.33333333,0.447463989
56.33666667,0.448816935
56.34,0.457504272
56.34333333,0.428110758
56.34666667,0.401433309
56.35,0.492782593
56.35333333,0.47038269
56.35666667,0.507080078
56.36,0.489761353
56.36333333,0.45942688
56.36666667,0.467961629
56.37,0.480911255
56.37333333,0.502497355
56.37666667,0.45547994
56.38,0.465118408
56.38333333,0.443852743
56.38666667,0.481384277
56.39,0.454055786
56.39333333,0.437204997
56.39666667,0.503936768
56.4,0.450057983
56.40333333,0.451360067
56.40666667,0.477722168
56.41,0.514083862
56.41333333,0.513031006
56.41666667,0.469589233
56.42,0.473251343
56.42333333,0.500752767
56.42666667,0.400848389
56.43,0.407745361
56.43333333,0.506998698
56.43666667,0.493392944
56.44,0.476486206
56.44333333,0.472640991
56.44666667,0.466934204
56.45,0.451431274
56.45333333,0.438049316
56.45666667,0.461329142
56.46,0.431503296
56.46333333,0.4280955
56.46666667,0.430882772
56.47,0.431427002
56.47333333,0.436559041
56.47666667,0.449890137
56.48,0.437469482
56.48333333,0.442047119
56.48666667,0.422353109
56.49,0.443771362
56.49333333,0.426030477
56.49666667,0.438710531
56.5,0.423812866
56.50333333,0.479934692
56.50666667,0.442723592
56.51,0.432632446
56.51333333,0.414611816
56.51666667,0.449752808
56.52,0.422790527
56.52333333,0.410588582
56.52666667,0.420054118
56.53,0.425537109
56.53333333,0.455042521
56.53666667,0.434727987
56.54,0.484542847
56.54333333,0.456614176
56.54666667,0.404301961
56.55,0.381240845
56.55333333,0.459981283
56.55666667,0.459915161
56.56,0.439315796
56.56333333,0.43955485
56.56666667,0.475692749
56.57,0.431777954
56.57333333,0.425511678
56.57666667,0.473347982
56.58,0.442596436
56.58333333,0.436528524
56.58666667,0.47052002
56.59,0.432571411
56.59333333,0.410049438
56.59666667,0.465357463
56.6,0.479125977
56.60333333,0.49516805
56.60666667,0.458140055
56.61,0.441665649
56.61333333,0.449025472
56.61666667,0.435460409
56.62,0.434997559
56.62333333,0.410029093
56.62666667,0.483591715
56.63,0.454772949
56.63333333,0.46971639
56.63666667,0.456710815
56.64,0.437103271
56.64333333,0.45304362
56.64666667,0.442906698
56.65,0.448303223
56.65333333,0.448898315
56.65666667,0.392888387
56.66,0.458297729
56.66333333,0.407602946
56.66666667,0.405756632
56.67,0.431167603
56.67333333,0.449620565
56.67666667,0.438013713
56.68,0.417114258
56.68333333,0.419845581
56.68666667,0.464523315
56.69,0.384597778
56.69333333,0.432993571
56.69666667,0.43556722
56.7,0.468673706
56.70333333,0.46043396
56.70666667,0.434544881
56.71,0.406112671
56.71333333,0.420054118
56.71666667,0.449473063
56.72,0.454330444
56.72333333,0.481414795
56.72666667,0.514389038
56.73,0.435958862
56.73333333,0.397669474
56.73666667,0.443400065
56.74,0.498809814
56.74333333,0.615112305
56.74666667,0.616694132
56.75,0.667190552
56.75333333,0.750254313
56.75666667,0.668869019
56.76,0.597579956
56.76333333,0.519760132
56.76666667,0.477345785
56.77,0.425933838
56.77333333,0.286168416
56.77666667,0.26797994
56.78,0.235916138
56.78333333,0.157012939
56.78666667,0.14020284
56.79,0.146713257
56.79333333,0.21937561
56.79666667,0.228627523
56.8,0.2734375
56.80333333,0.327484131
56.80666667,0.3912913
56.81,0.405685425
56.81333333,0.486623128
56.81666667,0.460281372
56.82,0.489303589
56.82333333,0.534072876
56.82666667,0.527013143
56.83,0.526031494
56.83333333,0.558853149
56.83666667,0.540852865
56.84,0.577972412
56.84333333,0.553395589
56.84666667,0.573084513
56.85,0.57510376
56.85333333,0.562728882
56.85666667,0.580841064
56.86,0.616241455
56.86333333,0.612370809
56.86666667,0.589396159
56.87,0.612319946
56.87333333,0.609369914
56.87666667,0.551127116
56.88,0.557418823
56.88333333,0.552317301
56.88666667,0.623235067
56.89,0.587249756
56.89333333,0.583089193
56.89666667,0.602630615
56.9,0.61340332
56.90333333,0.620880127
56.90666667,0.615427653
56.91,0.579193115
56.91333333,0.623606364
56.91666667,0.65167745
56.92,0.64352417
56.92333333,0.629084269
56.92666667,0.663101196
56.93,0.671234131
56.93333333,0.711847941
56.93666667,0.64928182
56.94,0.67376709
56.94333333,0.686584473
56.94666667,0.713750203
56.95,0.692367554
56.95333333,0.711975098
56.95666667,0.742396037
56.96,0.71925354
56.96333333,0.706044515
56.96666667,0.75764974
56.97,0.742858887
56.97333333,0.750671387
56.97666667,0.744410197
56.98,0.721710205
56.98333333,0.839157104
56.98666667,0.814921061
56.99,0.80078125
56.99333333,0.826985677
56.99666667,0.770141602
57,0.849533081
57.00333333,0.893788656
57.00666667,0.862167358
57.01,0.840362549
57.01333333,0.86781311
57.01666667,0.899353027
57.02,0.876068115
57.02333333,0.855600993
57.02666667,0.881795247
57.03,0.858840942
57.03333333,0.83946228
57.03666667,0.823781331
57.04,0.840698242
57.04333333,0.845815023
57.04666667,0.837565104
57.05,0.815429687
57.05333333,0.808349609
57.05666667,0.764587402
57.06,0.744400024
57.06333333,0.728017171
57.06666667,0.700887044
57.07,0.760147095
57.07333333,0.68178304
57.07666667,0.674397786
57.08,0.667556763
57.08333333,0.646336873
57.08666667,0.667770386
57.09,0.64704895
57.09333333,0.607808431
57.09666667,0.593175252
57.1,0.59753418
57.10333333,0.659006755
57.10666667,0.604390462
57.11,0.60357666
57.11333333,0.630045573
57.11666667,0.601654053
57.12,0.641494751
57.12333333,0.641489665
57.12666667,0.646993001
57.13,0.596405029
57.13333333,0.623041789
57.13666667,0.627985636
57.14,0.594848633
57.14333333,0.632736206
57.14666667,0.647328695
57.15,0.62828064
57.15333333,0.613388062
57.15666667,0.640894572
57.16,0.667724609
57.16333333,0.592285156
57.16666667,0.57144165
57.17,0.593109131
57.17333333,0.621332804
57.17666667,0.638865153
57.18,0.622909546
57.18333333,0.659713745
57.18666667,0.580403646
57.19,0.644439697
57.19333333,0.622655233
57.19666667,0.615483602
57.2,0.638198853
57.20333333,0.613474528
57.20666667,0.6146698
57.21,0.667068481
57.21333333,0.663513184
57.21666667,0.650965373
57.22,0.655593872
57.22333333,0.685602824
57.22666667,0.693603516
57.23,0.651824951
57.23333333,0.64318339
57.23666667,0.698237101
57.24,0.671920776
57.24333333,0.665934245
57.24666667,0.689671834
57.25,0.717163086
57.25333333,0.695109049
57.25666667,0.650787354
57.26,0.666488647
57.26333333,0.724365234
57.26666667,0.687179565
57.27,0.677871704
57.27333333,0.661265055
57.27666667,0.648534139
57.28,0.664749146
57.28333333,0.597330729
57.28666667,0.6293691
57.29,0.643814087
57.29333333,0.640858968
57.29666667,0.675923665
57.3,0.693740845
57.30333333,0.652577718
57.30666667,0.649998983
57.31,0.655349731
57.31333333,0.608057658
57.31666667,0.647659302
57.32,0.645355225
57.32333333,0.679280599
57.32666667,0.693237305
57.33,0.636856079
57.33333333,0.675328573
57.33666667,0.653167725
57.34,0.646255493
57.34333333,0.647689819
57.34666667,0.650446574
57.35,0.659637451
57.35333333,0.652598063
57.35666667,0.692799886
57.36,0.683395386
57.36333333,0.651845296
57.36666667,0.647532145
57.37,0.612884521
57.37333333,0.599873861
57.37666667,0.672907511
57.38,0.594650269
57.38333333,0.625279744
57.38666667,0.654464722
57.39,0.679244995
57.39333333,0.64634196
57.39666667,0.637374878
57.4,0.68107605
57.40333333,0.679509481
57.40666667,0.668970744
57.41,0.697692871
57.41333333,0.668146769
57.41666667,0.675074259
57.42,0.645462036
57.42333333,0.647043864
57.42666667,0.558003743
57.43,0.57913208
57.43333333,0.576044718
57.43666667,0.633717855
57.44,0.661682129
57.44333333,0.59405009
57.44666667,0.604878743
57.45,0.652084351
57.45333333,0.634958903
57.45666667,0.642384847
57.46,0.633224487
57.46333333,0.635111491
57.46666667,0.584894816
57.47,0.610870361
57.47333333,0.587173462
57.47666667,0.610280355
57.48,0.666397095
57.48333333,0.661265055
57.48666667,0.629348755
57.49,0.606216431
57.49333333,0.660359701
57.49666667,0.634348551
57.5,0.623703003
57.50333333,0.595377604
57.50666667,0.654652913
57.51,0.617446899
57.51333333,0.609598796
57.51666667,0.630671183
57.52,0.63835144
57.52333333,0.62546285
57.52666667,0.624735514
57.53,0.607589722
57.53333333,0.6737264
57.53666667,0.673187256
57.54,0.60194397
57.54333333,0.667948405
57.54666667,0.640731812
57.55,0.621795654
57.55333333,0.671986898
57.55666667,0.696685791
57.56,0.72668457
57.56333333,0.716440837
57.56666667,0.719401042
57.57,0.679885864
57.57333333,0.667851766
57.57666667,0.600219727
57.58,0.638183594
57.58333333,0.645955404
57.58666667,0.683603923
57.59,0.629180908
57.59333333,0.660263062
57.59666667,0.671157837
57.6,0.612792969
57.60333333,0.647674561
57.60666667,0.597086589
57.61,0.605697632
57.61333333,0.709335327
57.61666667,0.663197835
57.62,0.664764404
57.62333333,0.732610067
57.62666667,0.69249471
57.63,0.66166687
57.63333333,0.714594523
57.63666667,0.679280599
57.64,0.678741455
57.64333333,0.6962382
57.64666667,0.673502604
57.65,0.711135864
57.65333333,0.638626099
57.65666667,0.707529704
57.66,0.761978149
57.66333333,0.787643433
57.66666667,0.808461507
57.67,0.869796753
57.67333333,0.915766398
57.67666667,0.973724365
57.68,0.955795288
57.68333333,0.903930664
57.68666667,0.879384359
57.69,0.760009766
57.69333333,0.771352132
57.69666667,0.715922038
57.7,0.565872192
57.70333333,0.534688314
57.70666667,0.433670044
57.71,0.351730347
57.71333333,0.369862874
57.71666667,0.396321615
57.72,0.429595947
57.72333333,0.511876424
57.72666667,0.549636841
57.73,0.615020752
57.73333333,0.604604085
57.73666667,0.614435832
57.74,0.676574707
57.74333333,0.660242716
57.74666667,0.624420166
57.75,0.587844849
57.75333333,0.665227254
57.75666667,0.63104248
57.76,0.666397095
57.76333333,0.646870931
57.76666667,0.620396932
57.77,0.614517212
57.77333333,0.6624705
57.77666667,0.661580404
57.78,0.645782471
57.78333333,0.639750163
57.78666667,0.663909912
57.79,0.728729248
57.79333333,0.650802612
57.79666667,0.654668172
57.8,0.656585693
57.80333333,0.628519694
57.80666667,0.600179036
57.81,0.643630981
57.81333333,0.697525024
57.81666667,0.668741862
57.82,0.682281494
57.82333333,0.678593953
57.82666667,0.640741984
57.83,0.674377441
57.83333333,0.643793742
57.83666667,0.653579712
57.84,0.648269653
57.84333333,0.694910685
57.84666667,0.653040568
57.85,0.659255981
57.85333333,0.727142334
57.85666667,0.691238403
57.86,0.703414917
57.86333333,0.698084513
57.86666667,0.678888957
57.87,0.680847168
57.87333333,0.706746419
57.87666667,0.709228516
57.88,0.701034546
57.88333333,0.66716512
57.88666667,0.715525309
57.89,0.724105835
57.89333333,0.691289266
57.89666667,0.683436076
57.9,0.666122437
57.90333333,0.700322469
57.90666667,0.70417277
57.91,0.749038696
57.91333333,0.741490682
57.91666667,0.754165649
57.92,0.756317139
57.92333333,0.748158773
57.92666667,0.721110026
57.93,0.774429321
57.93333333,0.777333577
57.93666667,0.816650391
57.94,0.812896729
57.94333333,0.814671834
57.94666667,0.823104858
57.95,0.793991089
57.95333333,0.784179688
57.95666667,0.808369954
57.96,0.798248291
57.96333333,0.765833537
57.96666667,0.787963867
57.97,0.734146118
57.97333333,0.727854411
57.97666667,0.704366048
57.98,0.676589966
57.98333333,0.641860962
57.98666667,0.626139323
57.99,0.625854492
57.99333333,0.637990316
57.99666667,0.628092448
58,0.640487671
58.00333333,0.590820312
58.00666667,0.614674886
58.01,0.581451416
58.01333333,0.559163411
58.01666667,0.560328166
58.02,0.577407837
58.02333333,0.566223145
58.02666667,0.574595133
58.03,0.531799316
58.03333333,0.554326375
58.03666667,0.60269165
58.04,0.568099976
58.04333333,0.567759196
58.04666667,0.566970825
58.05,0.547866821
58.05333333,0.560612996
58.05666667,0.622812907
58.06,0.595092773
58.06333333,0.570755005
58.06666667,0.578486125
58.07,0.549621582
58.07333333,0.552317301
58.07666667,0.537953695
58.08,0.592483521
58.08333333,0.600941976
58.08666667,0.592020671
58.09,0.585739136
58.09333333,0.546971639
58.09666667,0.613576253
58.1,0.620956421
58.10333333,0.592168172
58.10666667,0.568588257
58.11,0.607498169
58.11333333,0.576075236
58.11666667,0.637741089
58.12,0.63079834
58.12333333,0.608779907
58.12666667,0.635416667
58.13,0.607223511
58.13333333,0.642293294
58.13666667,0.646916707
58.14,0.619049072
58.14333333,0.609344482
58.14666667,0.592066447
58.15,0.601654053
58.15333333,0.612141927
58.15666667,0.580073039
58.16,0.62348938
58.16333333,0.621363322
58.16666667,0.636545817
58.17,0.631713867
58.17333333,0.618331909
58.17666667,0.641555786
58.18,0.637619019
58.18333333,0.607503255
58.18666667,0.613993327
58.19,0.587554932
58.19333333,0.612457275
58.19666667,0.63243103
58.2,0.629959106
58.20333333,0.61529541
58.20666667,0.634358724
58.21,0.606964111
58.21333333,0.607971191
58.21666667,0.621261597
58.22,0.684371948
58.22333333,0.617904663
58.22666667,0.649251302
58.23,0.606567383
58.23333333,0.58169047
58.23666667,0.565790812
58.24,0.611419678
58.24333333,0.661239624
58.24666667,0.671000163
58.25,0.618743896
58.25333333,0.649439494
58.25666667,0.657496134
58.26,0.64402771
58.26333333,0.64894104
58.26666667,0.642903646
58.27,0.656967163
58.27333333,0.601669312
58.27666667,0.611333211
58.28,0.681976318
58.28333333,0.650024414
58.28666667,0.646713257
58.29,0.642318726
58.29333333,0.632420858
58.29666667,0.616750081
58.3,0.588989258
58.30333333,0.621770223
58.30666667,0.659673055
58.31,0.609191895
58.31333333,0.621892293
58.31666667,0.64414978
58.32,0.62940979
58.32333333,0.616251628
58.32666667,0.635101318
58.33,0.606918335
58.33333333,0.588989258
58.33666667,0.607172648
58.34,0.589752197
58.34333333,0.612945557
58.34666667,0.63579305
58.35,0.607376099
58.35333333,0.623758952
58.35666667,0.618453979
58.36,0.62020874
58.36333333,0.566884359
58.36666667,0.597050985
58.37,0.600799561
58.37333333,0.57337443
58.37666667,0.551493327
58.38,0.558578491
58.38333333,0.586420695
58.38666667,0.559432983
58.39,0.565444946
58.39333333,0.539642334
58.39666667,0.584457397
58.4,0.612258911
58.40333333,0.655532837
58.40666667,0.610814412
58.41,0.582336426
58.41333333,0.583587646
58.41666667,0.614929199
58.42,0.576965332
58.42333333,0.565068563
58.42666667,0.585469564
58.43,0.561843872
58.43333333,0.596313477
58.43666667,0.594177246
58.44,0.569824219
58.44333333,0.561965942
58.44666667,0.556060791
58.45,0.558624268
58.45333333,0.555725098
58.45666667,0.578038534
58.46,0.592880249
58.46333333,0.549942017
58.46666667,0.557835897
58.47,0.622909546
58.47333333,0.599100749
58.47666667,0.601394653
58.48,0.593475342
58.48333333,0.643030802
58.48666667,0.59761556
58.49,0.58140564
58.49333333,0.614273071
58.49666667,0.641596476
58.5,0.682449341
58.50333333,0.585423787
58.50666667,0.583607992
58.51,0.599029541
58.51333333,0.586980184
58.51666667,0.578333537
58.52,0.600723267
58.52333333,0.655400594
58.52666667,0.637761434
58.53,0.651260376
58.53333333,0.656941732
58.53666667,0.668757121
58.54,0.654174805
58.54333333,0.613189697
58.54666667,0.580963135
58.55,0.615158081
58.55333333,0.63760376
58.55666667,0.616282145
58.56,0.600967407
58.56333333,0.574315389
58.56666667,0.562566121
58.57,0.589416504
58.57333333,0.529474894
58.57666667,0.603764852
58.58,0.534347534
58.58333333,0.542704264
58.58666667,0.543965658
58.59,0.594421387
58.59333333,0.608561198
58.59666667,0.577738444
58.6,0.597991943
58.60333333,0.589518229
58.60666667,0.576660156
58.61,0.572494507
58.61333333,0.616144816
58.61666667,0.57027181
58.62,0.54725647
58.62333333,0.565231323
58.62666667,0.516393026
58.63,0.58253479
58.63333333,0.656204224
58.63666667,0.655166626
58.64,0.697509766
58.64333333,0.731323242
58.64666667,0.788889567
58.65,0.864562988
58.65333333,0.838104248
58.65666667,0.798711141
58.66,0.770019531
58.66333333,0.781433105
58.66666667,0.717671712
58.67,0.665725708
58.67333333,0.493977865
58.67666667,0.384368896
58.68,0.258270264
58.68333333,0.316085815
58.68666667,0.355255127
58.69,0.328536987
58.69333333,0.384419759
58.69666667,0.456029256
58.7,0.516281128
58.70333333,0.589986165
58.70666667,0.602050781
58.71,0.623016357
58.71333333,0.591227214
58.71666667,0.613708496
58.72,0.598022461
58.72333333,0.637156169
58.72666667,0.644317627
58.73,0.605575562
58.73333333,0.608698527
58.73666667,0.630742391
58.74,0.614196777
58.74333333,0.635732015
58.74666667,0.618398031
58.75,0.636672974
58.75333333,0.64255778
58.75666667,0.639729818
58.76,0.666915894
58.76333333,0.632064819
58.76666667,0.635172526
58.77,0.64666748
58.77333333,0.631413778
58.77666667,0.654876709
58.78,0.665283203
58.78333333,0.660603841
58.78666667,0.679402669
58.79,0.662460327
58.79333333,0.640828451
58.79666667,0.651072184
58.8,0.676040649
58.80333333,0.717768351
58.80666667,0.710088094
58.81,0.701629639
58.81333333,0.655721029
58.81666667,0.653711955
58.82,0.733657837
58.82333333,0.722468058
58.82666667,0.709106445
58.83,0.666992187
58.83333333,0.773366292
58.83666667,0.743530273
58.84,0.693832397
58.84333333,0.70833842
58.84666667,0.743204753
58.85,0.70640564
58.85333333,0.716588338
58.85666667,0.786422729
58.86,0.779434204
58.86333333,0.772410075
58.86666667,0.819981893
58.87,0.799423218
58.87333333,0.822006226
58.87666667,0.810750326
58.88,0.805465698
58.88333333,0.837453206
58.88666667,0.827082316
58.89,0.855255127
58.89333333,0.857808431
58.89666667,0.8956604
58.9,0.87097168
58.90333333,0.837015788
58.90666667,0.871195475
58.91,0.886871338
58.91333333,0.902236938
58.91666667,0.870641073
58.92,0.885772705
58.92333333,0.877217611
58.92666667,0.893951416
58.93,0.84715271
58.93333333,0.883534749
58.93666667,0.878748576
58.94,0.859420776
58.94333333,0.839472453
58.94666667,0.864756266
58.95,0.814056396
58.95333333,0.778635661
58.95666667,0.794509888
58.96,0.745559692
58.96333333,0.710266113
58.96666667,0.739949544
58.97,0.760772705
58.97333333,0.735585531
58.97666667,0.691731771
58.98,0.706359863
58.98333333,0.676066081
58.98666667,0.604527791
58.99,0.647338867
58.99333333,0.616160075
58.99666667,0.714828491
59,0.638198853
59.00333333,0.636917114
59.00666667,0.612538656
59.01,0.647644043
59.01333333,0.615702311
59.01666667,0.613123576
59.02,0.627838135
59.02333333,0.625137329
59.02666667,0.678746541
59.03,0.649810791
59.03333333,0.632171631
59.03666667,0.625310262
59.04,0.632553101
59.04333333,0.618728638
59.04666667,0.593928019
59.05,0.60256958
59.05333333,0.611160278
59.05666667,0.562606812
59.06,0.626556396
59.06333333,0.577646891
59.06666667,0.607961019
59.07,0.638183594
59.07333333,0.614379883
59.07666667,0.570037842
59.08,0.612991333
59.08333333,0.593821208
59.08666667,0.657897949
59.09,0.615402222
59.09333333,0.61974589
59.09666667,0.624089559
59.1,0.604324341
59.10333333,0.614888509
59.10666667,0.680048625
59.11,0.640869141
59.11333333,0.633707682
59.11666667,0.673802694
59.12,0.669464111
59.12333333,0.672358195
59.12666667,0.667200724
59.13,0.664825439
59.13333333,0.648803711
59.13666667,0.655339559
59.14,0.641220093
59.14333333,0.638554891
59.14666667,0.721959432
59.15,0.66696167
59.15333333,0.734161377
59.15666667,0.718658447
59.16,0.707061768
59.16333333,0.652435303
59.16666667,0.696818034
59.17,0.689468384
59.17333333,0.667577108
59.17666667,0.697087606
59.18,0.652481079
59.18333333,0.713882446
59.18666667,0.682118734
59.19,0.676315308
59.19333333,0.61428833
59.19666667,0.690093994
59.2,0.668411255
59.20333333,0.649856567
59.20666667,0.673634847
59.21,0.671554565
59.21333333,0.70572408
59.21666667,0.659917196
59.22,0.644760132
59.22333333,0.665374756
59.22666667,0.696751912
59.23,0.682037354
59.23333333,0.670878092
59.23666667,0.652633667
59.24,0.625579834
59.24333333,0.6337382
59.24666667,0.655517578
59.25,0.673675537
59.25333333,0.695592244
59.25666667,0.637842814
59.26,0.672821045
59.26333333,0.650746663
59.26666667,0.646896362
59.27,0.651016235
59.27333333,0.681508382
59.27666667,0.661046346
59.28,0.613647461
59.28333333,0.679473877
59.28666667,0.711837769
59.29,0.768661499
59.29333333,0.671193441
59.29666667,0.62512207
59.3,0.671920776
59.30333333,0.659138997
59.30666667,0.702799479
59.31,0.669662476
59.31333333,0.693405151
59.31666667,0.62558492
59.32,0.649536133
59.32333333,0.631627401
59.32666667,0.632446289
59.33,0.671096802
59.33333333,0.657399495
59.33666667,0.61769104
59.34,0.631515503
59.34333333,0.673838298
59.34666667,0.683222453
59.35,0.653762817
59.35333333,0.663533529
59.35666667,0.672022502
59.36,0.707489014
59.36333333,0.677363078
59.36666667,0.665079753
59.37,0.666488647
59.37333333,0.686737061
59.37666667,0.709070841
59.38,0.677886963
59.38333333,0.666300456
59.38666667,0.641108195
59.39,0.653808594
59.39333333,0.648635864
59.39666667,0.685582479
59.4,0.623855591
59.40333333,0.66506958
59.40666667,0.670700073
59.41,0.703598022
59.41333333,0.683878581
59.41666667,0.630315145
59.42,0.623657227
59.42333333,0.641565959
59.42666667,0.651026408
59.43,0.676681519
59.43333333,0.662612915
59.43666667,0.664876302
59.44,0.658935547
59.44333333,0.663416545
59.44666667,0.701649984
59.45,0.699539185
59.45333333,0.694569906
59.45666667,0.676793416
59.46,0.626403809
59.46333333,0.667984009
59.46666667,0.666859945
59.47,0.637252808
59.47333333,0.688491821
59.47666667,0.74756368
59.48,0.694747925
59.48333333,0.696690877
59.48666667,0.732198079
59.49,0.710723877
59.49333333,0.663970947
59.49666667,0.702453613
59.5,0.727462769
59.50333333,0.718378703
59.50666667,0.683278402
59.51,0.669998169
59.51333333,0.661646525
59.51666667,0.660298665
59.52,0.687637329
59.52333333,0.712148031
59.52666667,0.672032674
59.53,0.683898926
59.53333333,0.727513631
59.53666667,0.72106425
59.54,0.704269409
59.54333333,0.700515747
59.54666667,0.75592041
59.55,0.754699707
59.55333333,0.680552165
59.55666667,0.683349609
59.56,0.68145752
59.56333333,0.672897339
59.56666667,0.669835409
59.57,0.716415405
59.57333333,0.620661418
59.57666667,0.630691528
59.58,0.677856445
59.58333333,0.682703654
59.58666667,0.67914327
59.59,0.646881104
59.59333333,0.663701375
59.59666667,0.652664185
59.6,0.710220337
59.60333333,0.657704671
59.60666667,0.652170817
59.61,0.646240234
59.61333333,0.674769084
59.61666667,0.68010966
59.62,0.676086426
59.62333333,0.696879069
59.62666667,0.628575643
59.63,0.677078247
59.63333333,0.668233236
59.63666667,0.679031372
59.64,0.668792725
59.64333333,0.696461995
59.64666667,0.753214518
59.65,0.857696533
59.65333333,0.873733521
59.65666667,0.872675578
59.66,0.9765625
59.66333333,0.920893351
59.66666667,0.895945231
59.67,0.861373901
59.67333333,0.759338379
59.67666667,0.783879598
59.68,0.712265015
59.68333333,0.535252889
59.68666667,0.478225708
59.69,0.390991211
59.69333333,0.379145304
59.69666667,0.375783285
59.7,0.421066284
59.70333333,0.504099528
59.70666667,0.575586955
59.71,0.603118896
59.71333333,0.662999471
59.71666667,0.652669271
59.72,0.650466919
59.72333333,0.599421183
59.72666667,0.631978353
59.73,0.65222168
59.73333333,0.642954508
59.73666667,0.644404093
59.74,0.630905151
59.74333333,0.680547078
59.74666667,0.716690063
59.75,0.699615479
59.75333333,0.743932088
59.75666667,0.716400146
59.76,0.665466309
59.76333333,0.725748698
59.76666667,0.706532796
59.77,0.690338135
59.77333333,0.663299561
59.77666667,0.678777059
59.78,0.689758301
59.78333333,0.664545695
59.78666667,0.707255046
59.79,0.698242188
59.79333333,0.759918213
59.79666667,0.71762085
59.8,0.726394653
59.80333333,0.766265869
59.80666667,0.783452352
59.81,0.74319458
59.81333333,0.750239054
59.81666667,0.782089233
59.82,0.750778198
59.82333333,0.814305623
59.82666667,0.781555176
59.83,0.789993286
59.83333333,0.789133708
59.83666667,0.812271118
59.84,0.79296875
59.84333333,0.860148112
59.84666667,0.854878743
59.85,0.810394287
59.85333333,0.850301107
59.85666667,0.826456706
59.86,0.850204468
59.86333333,0.87024943
59.86666667,0.843734741
59.87,0.874359131
59.87333333,0.87588501
59.87666667,0.892308553
59.88,0.94430542
59.88333333,0.945638021
59.88666667,0.939722697
59.89,0.96270752
59.89333333,0.95207723
59.89666667,0.912485758
59.9,0.98991394
59.90333333,0.997146606
59.90666667,0.991154989
59.91,1.00138855
59.91333333,0.973012288
59.91666667,1.033528646
59.92,1.018493652
59.92333333,1.055292765
59.92666667,1.063542684
59.93,0.998916626
59.93333333,1.058807373
59.93666667,1.003601074
59.94,1.026397705
59.94333333,0.991134644
59.94666667,1.036600749
59.95,0.983123779
59.95333333,1.000783285
59.95666667,0.957366943
59.96,0.924423218
59.96333333,0.878977458
59.96666667,0.925572713
59.97,0.883544922
59.97333333,0.863932292
59.97666667,0.870880127
59.98,0.836639404
59.98333333,0.791676839
59.98666667,0.842407227
59.99,0.813140869
59.99333333,0.820409139
59.99666667,0.799112956
60,0.788879395
60.00333333,0.787572225
60.00666667,0.775334676
60.01,0.749023438
60.01333333,0.761627197
60.01666667,0.839996338
60.02,0.766555786
60.02333333,0.742624919
60.02666667,0.77041626
60.03,0.787826538
60.03333333,0.76385498
60.03666667,0.728708903
60.04,0.797668457
60.04333333,0.771916707
60.04666667,0.757293701
60.05,0.739440918
60.05333333,0.764684041
60.05666667,0.774302165
60.06,0.765258789
60.06333333,0.774683634
60.06666667,0.749257406
60.07,0.749755859
60.07333333,0.733662923
60.07666667,0.72899882
60.08,0.764022827
60.08333333,0.759251912
60.08666667,0.751998901
60.09,0.775741577
60.09333333,0.731307983
60.09666667,0.722005208
60.1,0.794906616
60.10333333,0.759892782
60.10666667,0.735646566
60.11,0.724853516
60.11333333,0.756118774
60.11666667,0.711542765
60.12,0.676376343
60.12333333,0.707143148
60.12666667,0.747253418
60.13,0.724349976
60.13333333,0.719629924
60.13666667,0.712875366
60.14,0.748031616
60.14333333,0.739481608
60.14666667,0.762257894
60.15,0.735397339
60.15333333,0.74446106
60.15666667,0.757532756
60.16,0.715637207
60.16333333,0.780883789
60.16666667,0.737253825
60.17,0.711868286
60.17333333,0.732650757
60.17666667,0.766342163
60.18,0.762283325
60.18333333,0.747934977
60.18666667,0.746592204
60.19,0.791229248
60.19333333,0.755437215
60.19666667,0.798980713
60.2,0.761413574
60.20333333,0.771367391
60.20666667,0.775100708
60.21,0.76751709
60.21333333,0.759689331
60.21666667,0.727920532
60.22,0.744476318
60.22333333,0.722412109
60.22666667,0.724095662
60.23,0.765426636
60.23333333,0.763549805
60.23666667,0.748809814
60.24,0.728546143
60.24333333,0.728627523
60.24666667,0.687433879
60.25,0.716018677
60.25333333,0.741958618
60.25666667,0.753779093
60.26,0.773696899
60.26333333,0.697158813
60.26666667,0.771611532
60.27,0.762695312
60.27333333,0.71198527
60.27666667,0.718760173
60.28,0.717407227
60.28333333,0.762430827
60.28666667,0.743840535
60.29,0.79460144
60.29333333,0.751017253
60.29666667,0.75046285
60.3,0.74546814
60.30333333,0.753087362
60.30666667,0.722925822
60.31,0.714508057
60.31333333,0.697382609
60.31666667,0.693995158
60.32,0.720596313
60.32333333,0.71450297
60.32666667,0.722269694
60.33,0.712341309
60.33333333,0.701522827
60.33666667,0.730010986
60.34,0.693832397
60.34333333,0.693939209
60.34666667,0.757639567
60.35,0.724945068
60.35333333,0.693583171
60.35666667,0.696090698
60.36,0.702102661
60.36333333,0.67998759
60.36666667,0.697733561
60.37,0.73324585
60.37333333,0.738098145
60.37666667,0.773361206
60.38,0.73399353
60.38333333,0.687484741
60.38666667,0.672861735
60.39,0.732650757
60.39333333,0.766871134
60.39666667,0.70002238
60.4,0.690917969
60.40333333,0.696299235
60.40666667,0.687494914
60.41,0.747589111
60.41333333,0.720499674
60.41666667,0.739034017
60.42,0.71913147
60.42333333,0.721079508
60.42666667,0.797144572
60.43,0.67175293
60.43333333,0.756581624
60.43666667,0.760686239
60.44,0.750167847
60.44333333,0.756830851
60.44666667,0.738555908
60.45,0.742950439
60.45333333,0.762196859
60.45666667,0.777191162
60.46,0.741333008
60.46333333,0.747024536
60.46666667,0.761540731
60.47,0.785827637
60.47333333,0.721491496
60.47666667,0.76075236
60.48,0.727661133
60.48333333,0.793024699
60.48666667,0.740900675
60.49,0.766693115
60.49333333,0.761825562
60.49666667,0.791992188
60.5,0.786209106
60.50333333,0.759384155
60.50666667,0.805913289
60.51,0.803405762
60.51333333,0.773951213
60.51666667,0.756479899
60.52,0.773223877
60.52333333,0.799840291
60.52666667,0.782831828
60.53,0.772964478
60.53333333,0.816167196
60.53666667,0.855763753
60.54,0.825820923
60.54333333,0.828552246
60.54666667,0.804967244
60.55,0.780334473
60.55333333,0.811065674
60.55666667,0.809880575
60.56,0.782913208
60.56333333,0.762125651
60.56666667,0.729751587
60.57,0.725845337
60.57333333,0.753926595
60.57666667,0.736872355
60.58,0.778778076
60.58333333,0.739796956
60.58666667,0.774093628
60.59,0.786651611
60.59333333,0.767634074
60.59666667,0.78801473
60.6,0.724563599
60.60333333,0.779932658
60.60666667,0.755803426
60.61,0.734405518
60.61333333,0.767384847
60.61666667,0.740763346
60.62,0.772918701
60.62333333,0.747126261
60.62666667,0.70509847
60.63,0.74458313
60.63333333,0.779622396
60.63666667,0.802719116
60.64,0.884643555
60.64333333,0.992716471
60.64666667,1.020807902
60.65,1.061401367
60.65333333,1.032399495
60.65666667,1.017206828
60.66,0.961303711
60.66333333,0.955159505
60.66666667,0.823338826
60.67,0.782577515
60.67333333,0.712387085
60.67666667,0.643824259
60.68,0.531204224
60.68333333,0.461654663
60.68666667,0.471206665
60.69,0.467224121
60.69333333,0.523574829
60.69666667,0.586954753
60.7,0.623168945
60.70333333,0.701049805
60.70666667,0.724039714
60.71,0.772293091
60.71333333,0.759969076
60.71666667,0.803349813
60.72,0.816299438
60.72333333,0.750284831
60.72666667,0.792633057
60.73,0.793151855
60.73333333,0.813039144
60.73666667,0.811503092
60.74,0.851837158
60.74333333,0.842417399
60.74666667,0.83791097
60.75,0.764846802
60.75333333,0.825057983
60.75666667,0.87840271
60.76,0.845245361
60.76333333,0.835383097
60.76666667,0.840352376
60.77,0.91015625
60.77333333,0.844309489
60.77666667,0.822224935
60.78,0.839904785
60.78333333,0.809733073
60.78666667,0.877370199
60.79,0.885787964
60.79333333,0.871047974
60.79666667,0.837381999
60.8,0.805282593
60.80333333,0.906204224
60.80666667,0.876413981
60.81,0.851043701
60.81333333,0.891306559
60.81666667,0.86672465
60.82,0.884124756
60.82333333,0.897491455
60.82666667,0.910232544
60.83,0.907196045
60.83333333,0.886408488
60.83666667,0.901819865
60.84,0.918380737
60.84333333,0.976796468
60.84666667,0.935902913
60.85,0.961151123
60.85333333,0.996958415
60.85666667,0.991205851
60.86,1.006637573
60.86333333,1.009836833
60.86666667,1.000061035
60.87,0.971328735
60.87333333,1.013844808
60.87666667,0.999979655
60.88,1.054351807
60.88333333,1.064275106
60.88666667,1.059753418
60.89,1.046905518
60.89333333,1.094304403
60.89666667,1.102071126
60.9,1.093063354
60.90333333,1.063654582
60.90666667,1.11211141
60.91,1.152313232
60.91333333,1.094009399
60.91666667,1.128896077
60.92,1.110794067
60.92333333,1.150212606
60.92666667,1.114705404
60.93,1.100219727
60.93333333,1.065266927
60.93666667,1.111155192
60.94,1.110336304
60.94333333,1.116628011
60.94666667,1.100077311
60.95,1.017456055
60.95333333,1.028915405
60.95666667,0.985951742
60.96,0.932250977
60.96333333,0.948913574
60.96666667,0.954284668
60.97,0.939682007
60.97333333,0.909083049
60.97666667,0.928354899
60.98,0.875488281
60.98333333,0.894037882
60.98666667,0.868169149
60.99,0.895050049
60.99333333,0.899225871
60.99666667,0.900578817
61,0.888442993
61.00333333,0.882746379
61.00666667,0.869913737
61.01,0.838439941
61.01333333,0.878133138
61.01666667,0.910161336
61.02,0.904754639
61.02333333,0.910486857
61.02666667,0.907440186
61.03,0.873733521
61.03333333,0.885060628
61.03666667,0.847549438
61.04,0.906585693
61.04333333,0.853785197
61.04666667,0.868118286
61.05,0.925521851
61.05333333,0.877385457
61.05666667,0.884506226
61.06,0.884384155
61.06333333,0.904958089
61.06666667,0.846761068
61.07,0.843063354
61.07333333,0.848637899
61.07666667,0.811055501
61.08,0.861846924
61.08333333,0.834401449
61.08666667,0.841506958
61.09,0.834854126
61.09333333,0.798573812
61.09666667,0.846288045
61.1,0.81451416
61.10333333,0.840927124
61.10666667,0.82862854
61.11,0.810714722
61.11333333,0.808761597
61.11666667,0.825983683
61.12,0.859130859
61.12333333,0.834823608
61.12666667,0.83237203
61.13,0.818359375
61.13333333,0.822118123
61.13666667,0.814442952
61.14,0.887893677
61.14333333,0.852081299
61.14666667,0.859191895
61.15,0.823898315
61.15333333,0.861989339
61.15666667,0.841451009
61.16,0.821731567
61.16333333,0.816396077
61.16666667,0.815200806
61.17,0.810577393
61.17333333,0.853571574
61.17666667,0.859593709
61.18,0.841827393
61.18333333,0.870895386
61.18666667,0.824549357
61.19,0.847686768
61.19333333,0.798339844
61.19666667,0.846959432
61.2,0.823059082
61.20333333,0.81141154
61.20666667,0.815165202
61.21,0.892684937
61.21333333,0.840276082
61.21666667,0.802815755
61.22,0.826309204
61.22333333,0.789672852
61.22666667,0.804916382
61.23,0.801895142
61.23333333,0.832341512
61.23666667,0.79842631
61.24,0.786239624
61.24333333,0.79703776
61.24666667,0.765945435
61.25,0.776290894
61.25333333,0.776911418
61.25666667,0.796223958
61.26,0.79750061
61.26333333,0.751337687
61.26666667,0.760396322
61.27,0.801055908
61.27333333,0.808959961
61.27666667,0.770517985
61.28,0.715835571
61.28333333,0.750376383
61.28666667,0.813283285
61.29,0.815475464
61.29333333,0.79552714
61.29666667,0.821568807
61.3,0.829086304
61.30333333,0.843343099
61.30666667,0.804326375
61.31,0.794387817
61.31333333,0.792475382
61.31666667,0.804951986
61.32,0.830078125
61.32333333,0.823959351
61.32666667,0.800501506
61.33,0.805984497
61.33333333,0.770823161
61.33666667,0.823394775
61.34,0.792785645
61.34333333,0.816548665
61.34666667,0.811976115
61.35,0.81703186
61.35333333,0.830652873
61.35666667,0.788213094
61.36,0.817443848
61.36333333,0.796417236
61.36666667,0.800679525
61.37,0.872253418
61.37333333,0.82828776
61.37666667,0.834564209
61.38,0.84803772
61.38333333,0.88239034
61.38666667,0.859781901
61.39,0.860122681
61.39333333,0.851445516
61.39666667,0.854354858
61.4,0.863800049
61.40333333,0.848917643
61.40666667,0.907847087
61.41,0.864822388
61.41333333,0.913411458
61.41666667,0.914891561
61.42,0.921401978
61.42333333,0.886316935
61.42666667,0.960830688
61.43,0.916259766
61.43333333,0.898590088
61.43666667,0.867828369
61.44,0.917236328
61.44333333,0.940302531
61.44666667,0.925389608
61.45,0.919647217
61.45333333,0.959991455
61.45666667,0.970306396
61.46,0.944946289
61.46333333,0.929082235
61.46666667,0.939178467
61.47,0.957977295
61.47333333,0.958546956
61.47666667,0.967768351
61.48,1.009674072
61.48333333,0.957209269
61.48666667,0.987421672
61.49,0.926605225
61.49333333,0.922907511
61.49666667,0.949122111
61.5,0.891876221
61.50333333,0.963831584
61.50666667,0.925364176
61.51,0.91494751
61.51333333,0.873865763
61.51666667,0.868428548
61.52,0.837753296
61.52333333,0.896428426
61.52666667,0.910695394
61.53,0.904602051
61.53333333,0.922012329
61.53666667,0.936304728
61.54,0.914291382
61.54333333,0.868815104
61.54666667,0.87383016
61.55,0.908126831
61.55333333,0.917470296
61.55666667,0.919347127
61.56,0.918441772
61.56333333,0.95598348
61.56666667,0.958099365
61.57,0.921112061
61.57333333,0.929901123
61.57666667,0.910176595
61.58,1.018371582
61.58333333,1.063664754
61.58666667,1.132848104
61.59,1.17918396
61.59333333,1.193608602
61.59666667,1.216659546
61.6,1.238250732
61.60333333,1.155736287
61.60666667,1.027287801
61.61,0.943313599
61.61333333,1.001571655
61.61666667,0.828501383
61.62,0.815597534
61.62333333,0.675725301
61.62666667,0.643803914
61.63,0.66784668
61.63333333,0.65149943
61.63666667,0.660222371
61.64,0.718185425
61.64333333,0.747248332
61.64666667,0.785395304
61.65,0.878143311
61.65333333,0.892593384
61.65666667,0.9156545
61.66,0.916152954
61.66333333,0.959040324
61.66666667,0.970077515
61.67,0.987915039
61.67333333,0.9715271
61.67666667,0.950327555
61.68,0.929489136
61.68333333,0.983098348
61.68666667,0.964589437
61.69,0.947891235
61.69333333,0.936381022
61.69666667,1.001134237
61.7,0.967483521
61.70333333,0.999186198
61.70666667,0.997858683
61.71,0.956207275
61.71333333,1.005106608
61.71666667,1.000493368
61.72,0.989532471
61.72333333,1.012273153
61.72666667,1.074966431
61.73,1.035293579
61.73333333,1.024119059
61.73666667,1.04119873
61.74,1.037948608
61.74333333,0.977762858
61.74666667,0.971552531
61.75,0.981903076
61.75333333,0.989690145
61.75666667,0.986638387
61.76,1.004501343
61.76333333,0.994308472
61.76666667,0.999526978
61.77,0.993331909
61.77333333,1.060231527
61.77666667,1.040466309
61.78,1.054412842
61.78333333,1.0252889
61.78666667,0.986241659
61.79,0.994644165
61.79333333,0.984446208
61.79666667,1.018814087
61.8,1.020202637
61.80333333,1.0496521
61.80666667,0.970896403
61.81,1.032424927
61.81333333,1.029520671
61.81666667,1.048329671
61.82,1.091217041
61.82333333,1.104944865
61.82666667,1.144195557
61.83,1.117050171
61.83333333,1.106007894
61.83666667,1.140731812
61.84,1.127166748
61.84333333,1.116831462
61.84666667,1.144348145
61.85,1.191329956
61.85333333,1.180246989
61.85666667,1.150777181
61.86,1.178848267
61.86333333,1.175577799
61.86666667,1.182454427
61.87,1.147720337
61.87333333,1.180643717
61.87666667,1.167648315
61.88,1.169570923
61.88333333,1.102371216
61.88666667,1.158981323
61.89,1.108169556
61.89333333,1.117380778
61.89666667,1.101704915
61.9,1.086044312
61.90333333,1.090245565
61.90666667,1.051259359
61.91,1.054611206
61.91333333,1.066975911
61.91666667,1.014963786
61.92,1.012191772
61.92333333,0.987391154
61.92666667,0.972747803
61.93,0.92225647
61.93333333,0.96824646
61.93666667,0.970774333
61.94,0.953735352
61.94333333,0.943425496
61.94666667,0.977828979
61.95,0.986480713
61.95333333,0.93208313
61.95666667,0.976720174
61.96,0.994979858
61.96333333,0.992523193
61.96666667,0.936482747
61.97,0.958190918
61.97333333,0.97571818
61.97666667,0.981277466
61.98,0.974380493
61.98333333,0.976257324
61.98666667,1.01008606
61.99,1.032211304
61.99333333,1.009653727
61.99666667,1.001963298
62,0.992584229
62.00333333,0.997278849
62.00666667,1.018427531
62.01,0.950775146
62.01333333,0.972096761
62.01666667,1.007258097
62.02,0.981338501
62.02333333,1.023310343
62.02666667,1.01054891
62.03,0.987701416
62.03333333,0.984166463
62.03666667,0.974533081
62.04,0.927307129
62.04333333,0.982396444
62.04666667,0.983210246
62.05,1.004104614
62.05333333,1.047571818
62.05666667,1.011754354
62.06,0.979660034
62.06333333,0.968648275
62.06666667,1.027018229
62.07,1.02331543
62.07333333,1.035120646
62.07666667,1.023122152
62.08,0.990600586
62.08333333,0.958760579
62.08666667,0.981221517
62.09,0.993728638
62.09333333,1.022023519
62.09666667,0.982966105
62.1,0.970535278
62.10333333,0.987976074
62.10666667,1.032831828
62.11,1.004318237
62.11333333,0.958389282
62.11666667,0.951461792
62.12,0.91986084
62.12333333,0.963729858
62.12666667,0.966659546
62.13,0.96913147
62.13333333,0.964126587
62.13666667,0.969228109
62.14,0.964172363
62.14333333,0.986490885
62.14666667,0.977895101
62.15,0.94581604
62.15333333,0.916982015
62.15666667,0.959309896
62.16,0.977600098
62.16333333,0.987187703
62.16666667,0.979359945
62.17,0.973007202
62.17333333,1.026646932
62.17666667,1.036621094
62.18,1.013442993
62.18333333,0.972798665
62.18666667,0.992680868
62.19,1.044723511
62.19333333,0.976501465
62.19666667,1.000325521
62.2,1.02897644
62.20333333,1.007293701
62.20666667,1.025034587
62.21,1.017608643
62.21333333,1.005691528
62.21666667,0.979003906
62.22,0.994171143
62.22333333,0.977559408
62.22666667,0.984430949
62.23,1.031646729
62.23333333,1.007792155
62.23666667,1.037134806
62.24,1.000656128
62.24333333,1.023035685
62.24666667,0.967976888
62.25,0.960159302
62.25333333,0.943318685
62.25666667,1.01504008
62.26,1.028442383
62.26333333,0.985590617
62.26666667,0.985361735
62.27,1.005966187
62.27333333,0.993423462
62.27666667,0.951756795
62.28,0.944259644
62.28333333,0.99667867
62.28666667,0.941335042
62.29,0.929763794
62.29333333,0.946289062
62.29666667,0.910954793
62.3,0.964889526
62.30333333,0.961247762
62.30666667,0.936482747
62.31,0.949386597
62.31333333,0.961069743
62.31666667,0.955225627
62.32,0.974487305
62.32333333,0.946070353
62.32666667,0.982386271
62.33,0.944229126
62.33333333,0.934473674
62.33666667,0.970046997
62.34,0.980270386
62.34333333,0.950032552
62.34666667,0.958348592
62.35,0.959701538
62.35333333,0.967763265
62.35666667,0.985173543
62.36,0.940444946
62.36333333,0.928949992
62.36666667,0.972747803
62.37,1.000595093
62.37333333,0.989446004
62.37666667,1.016743978
62.38,1.002792358
62.38333333,1.003875732
62.38666667,1.065531413
62.39,0.994049072
62.39333333,1.022959391
62.39666667,0.994801839
62.4,1.009979248
62.40333333,1.038609823
62.40666667,1.093048096
62.41,1.065261841
62.41333333,1.075129191
62.41666667,1.103337606
62.42,1.064178467
62.42333333,1.069549561
62.42666667,1.006373088
62.43,1.033538818
62.43333333,1.000188192
62.43666667,0.966201782
62.44,0.97114563
62.44333333,0.957163493
62.44666667,0.998977661
62.45,0.977554321
62.45333333,1.021774292
62.45666667,0.960042318
62.46,1.022674561
62.46333333,0.995356242
62.46666667,1.006978353
62.47,0.992675781
62.47333333,0.964401245
62.47666667,0.975158691
62.48,0.986755371
62.48333333,0.995890299
62.48666667,0.962916056
62.49,1.00227356
62.49333333,1.0503184
62.49666667,0.978953044
62.5,0.942993164
62.50333333,1.038126628
62.50666667,0.963633219
62.51,1.027633667
62.51333333,1.086227417
62.51666667,1.097488403
62.52,1.175338745
62.52333333,1.206039429
62.52666667,1.205047607
62.53,1.252685547
62.53333333,1.210759481
62.53666667,1.113342285
62.54,1.074813843
62.54333333,0.995107015
62.54666667,0.988072713
62.55,0.833969116
62.55333333,0.820444743
62.55666667,0.695643107
62.56,0.702133179
62.56333333,0.727783203
62.56666667,0.715433757
62.57,0.741516113
62.57333333,0.760635376
62.57666667,0.864547729
62.58,0.937957764
62.58333333,0.943120321
62.58666667,0.97694397
62.59,0.988204956
62.59333333,1.015960693
62.59666667,1.033798218
62.6,1.055603027
62.60333333,1.084289551
62.60666667,1.021947225
62.61,1.044158936
62.61333333,1.085306803
62.61666667,1.030451457
62.62,1.065353394
62.62333333,1.052541097
62.62666667,1.047383626
62.63,1.081100464
62.63333333,1.090952555
62.63666667,1.111190796
62.64,1.101470947
62.64333333,1.078740438
62.64666667,1.13053894
62.65,1.103134155
62.65333333,1.085795085
62.65666667,1.110366821
62.66,1.046157837
62.66333333,1.099492391
62.66666667,1.124318441
62.67,1.097518921
62.67333333,1.101593018
62.67666667,1.09185791
62.68,1.031311035
62.68333333,1.047108968
62.68666667,1.099243164
62.69,1.095703125
62.69333333,1.09698995
62.69666667,1.095860799
62.7,1.121139526
62.70333333,1.113922119
62.70666667,1.131779989
62.71,1.120895386
62.71333333,1.130015055
62.71666667,1.113942464
62.72,1.165328979
62.72333333,1.199437459
62.72666667,1.150060018
62.73,1.163619995
62.73333333,1.165237427
62.73666667,1.197031657
62.74,1.198974609
62.74333333,1.207489014
62.74666667,1.192550659
62.75,1.226425171
62.75333333,1.247461955
62.75666667,1.266484578
62.76,1.288635254
62.76333333,1.291768392
62.76666667,1.268742879
62.77,1.263473511
62.77333333,1.262029012
62.77666667,1.333150228
62.78,1.309524536
62.78333333,1.329778035
62.78666667,1.331751506
62.79,1.340667725
62.79333333,1.309148153
62.79666667,1.304972331
62.8,1.259460449
62.80333333,1.30237325
62.80666667,1.353012085
62.81,1.333236694
62.81333333,1.252746582
62.81666667,1.269200643
62.82,1.240570068
62.82333333,1.220342
62.82666667,1.245463053
62.83,1.199172974
62.83333333,1.235326131
62.83666667,1.186843872
62.84,1.171936035
62.84333333,1.138341268
62.84666667,1.176940918
62.85,1.131744385
62.85333333,1.140055339
62.85666667,1.093185425
62.86,1.120529175
62.86333333,1.079925537
62.86666667,1.095835368
62.87,1.089401245
62.87333333,1.11092631
62.87666667,1.117970785
62.88,1.106079102
62.88333333,1.080296834
62.88666667,1.083414714
62.89,1.053131104
62.89333333,1.111017863
62.89666667,1.063257853
62.9,1.089935303
62.90333333,1.121520996
62.90666667,1.077214559
62.91,1.097412109
62.91333333,1.109039307
62.91666667,1.109822591
62.92,1.095199585
62.92333333,1.127090454
62.92666667,1.123545329
62.93,1.110336304
62.93333333,1.085662842
62.93666667,1.120340983
62.94,1.101470947
62.94333333,1.152287801
62.94666667,1.168248494
62.95,1.157226562
62.95333333,1.12365214
62.95666667,1.140777588
62.96,1.118850708
62.96333333,1.125325521
62.96666667,1.116460164
62.97,1.116485596
62.97333333,1.114618937
62.97666667,1.101715088
62.98,1.099853516
62.98333333,1.13398234
62.98666667,1.095204671
62.99,1.128570557
62.99333333,1.119654338
62.99666667,1.107152303
63,1.065826416
63.00333333,1.078104655
63.00666667,1.08833313
63.01,1.074462891
63.01333333,1.113627116
63.01666667,1.078770955
63.02,1.100845337
63.02333333,1.052271525
63.02666667,1.031392415
63.03,1.052566528
63.03333333,1.071650187
63.03666667,1.096862793
63.04,1.056625366
63.04333333,1.060475667
63.04666667,1.048258464
63.05,1.067428589
63.05333333,1.033091227
63.05666667,0.988245646
63.06,1.072540283
63.06333333,1.088053385
63.06666667,1.064325968
63.07,1.080032349
63.07333333,1.088892619
63.07666667,1.057754517
63.08,1.103927612
63.08333333,1.020431519
63.08666667,1.057271322
63.09,1.032791138
63.09333333,1.006362915
63.09666667,1.036860148
63.1,1.022567749
63.10333333,1.048919678
63.10666667,1.035446167
63.11,1.030578613
63.11333333,1.038208008
63.11666667,1.063791911
63.12,1.018630981
63.12333333,1.049758911
63.12666667,1.072077433
63.13,1.072845459
63.13333333,1.084594727
63.13666667,1.06699117
63.14,1.101409912
63.14333333,1.094340007
63.14666667,1.087804159
63.15,1.075744629
63.15333333,1.105260213
63.15666667,1.082585653
63.16,1.069381714
63.16333333,1.027679443
63.16666667,1.106262207
63.17,1.102081299
63.17333333,1.069290161
63.17666667,1.073979696
63.18,1.050888062
63.18333333,1.072311401
63.18666667,1.004577637
63.19,1.029205322
63.19333333,1.058176676
63.19666667,1.031926473
63.2,1.110992432
63.20333333,1.046335856
63.20666667,1.03314209
63.21,1.069274902
63.21333333,1.075790405
63.21666667,1.058476766
63.22,1.048492432
63.22333333,1.06241862
63.22666667,1.101786296
63.23,1.045318604
63.23333333,1.032206217
63.23666667,1.041646322
63.24,1.056427002
63.24333333,1.062276204
63.24666667,1.035858154
63.25,1.044845581
63.25333333,1.092269897
63.25666667,1.075709025
63.26,1.052993774
63.26333333,1.062438965
63.26666667,1.048202515
63.27,1.026123047
63.27333333,1.011850993
63.27666667,1.041681925
63.28,1.063980103
63.28333333,1.086476644
63.28666667,1.066416423
63.29,1.091522217
63.29333333,1.128692627
63.29666667,1.078511556
63.3,1.081390381
63.30333333,1.066797892
63.30666667,1.11849467
63.31,1.062316895
63.31333333,1.044418335
63.31666667,1.060892741
63.32,1.061767578
63.32333333,1.140380859
63.32666667,1.08635966
63.33,1.09197998
63.33333333,1.082865397
63.33666667,1.107981364
63.34,1.12020874
63.34333333,1.07707723
63.34666667,1.071985881
63.35,1.059112549
63.35333333,1.17175293
63.35666667,1.123916626
63.36,1.115982056
63.36333333,1.106333415
63.36666667,1.073608398
63.37,1.057800293
63.37333333,1.106959025
63.37666667,1.075597127
63.38,1.044616699
63.38333333,1.102498372
63.38666667,1.11168925
63.39,1.095184326
63.39333333,1.110229492
63.39666667,1.147216797
63.4,1.132736206
63.40333333,1.126363118
63.40666667,1.125635783
63.41,1.112945557
63.41333333,1.09685262
63.41666667,1.114400228
63.42,1.127471924
63.42333333,1.106536865
63.42666667,1.039438883
63.43,1.034759521
63.43333333,1.052525838
63.43666667,1.106023153
63.44,1.095535278
63.44333333,1.108398438
63.44666667,1.102661133
63.45,1.079711914
63.45333333,1.088155111
63.45666667,1.095148722
63.46,1.059234619
63.46333333,1.106781006
63.46666667,1.075032552
63.47,1.075271606
63.47333333,1.078954061
63.47666667,1.087560018
63.48,1.065338135
63.48333333,1.086832682
63.48666667,1.069040934
63.49,1.067520142
63.49333333,1.06531779
63.49666667,1.109359741
63.5,1.156234741
63.50333333,1.19174703
63.50666667,1.284032186
63.51,1.333007813
63.51333333,1.341700236
63.51666667,1.335881551
63.52,1.319122314
63.52333333,1.309595744
63.52666667,1.196645101
63.53,1.171035767
63.53333333,1.178080241
63.53666667,1.025278727
63.54,0.930465698
63.54333333,0.857818604
63.54666667,0.845906576
63.55,0.813293457
63.55333333,0.870081584
63.55666667,0.88524882
63.56,0.949584961
63.56333333,1.01041158
63.56666667,1.058909098
63.57,1.12902832
63.57333333,1.134089152
63.57666667,1.12894694
63.58,1.11555481
63.58333333,1.101938883
63.58666667,1.070714315
63.59,1.088668823
63.59333333,1.120803833
63.59666667,1.137985229
63.6,1.177444458
63.60333333,1.117518107
63.60666667,1.100006104
63.61,1.160324097
63.61333333,1.140701294
63.61666667,1.154836019
63.62,1.140838623
63.62333333,1.182072957
63.62666667,1.15393575
63.63,1.134689331
63.63333333,1.157938639
63.63666667,1.224060059
63.64,1.194717407
63.64333333,1.171178182
63.64666667,1.167811076
63.65,1.21131897
63.65333333,1.147816976
63.65666667,1.215601603
63.66,1.179992676
63.66333333,1.16943868
63.66666667,1.194000244
63.67,1.216003418
63.67333333,1.18955485
63.67666667,1.196680705
63.68,1.183059692
63.68333333,1.192169189
63.68666667,1.210077922
63.69,1.237579346
63.69333333,1.203150431
63.69666667,1.213287354
63.7,1.226730347
63.70333333,1.205769857
63.70666667,1.201944987
63.71,1.218475342
63.71333333,1.217020671
63.71666667,1.215362549
63.72,1.216705322
63.72333333,1.231959025
63.72666667,1.235799154
63.73,1.260345459
63.73333333,1.257858276
63.73666667,1.262969971
63.74,1.280700684
63.74333333,1.283513387
63.74666667,1.265828451
63.75,1.247787476
63.75333333,1.256266276
63.75666667,1.265538534
63.76,1.301239014
63.76333333,1.294342041
63.76666667,1.305898031
63.77,1.311523437
63.77333333,1.318684896
63.77666667,1.314259847
63.78,1.325836182
63.78333333,1.317799886
63.78666667,1.321304321
63.79,1.341583252
63.79333333,1.33186849
63.79666667,1.285669963
63.8,1.355209351
63.80333333,1.308105469
63.80666667,1.274887085
63.81,1.291397095
63.81333333,1.247243245
63.81666667,1.212234497
63.82,1.217071533
63.82333333,1.202270508
63.82666667,1.16990153
63.83,1.158340454
63.83333333,1.159159342
63.83666667,1.183695475
63.84,1.107666016
63.84333333,1.104222616
63.84666667,1.143244425
63.85,1.151504517
63.85333333,1.133875529
63.85666667,1.084976196
63.86,1.037063599
63.86333333,1.083786011
63.86666667,1.083526611
63.87,1.062973022
63.87333333,1.099024455
63.87666667,1.085179647
63.88,1.035568237
63.88333333,1.062011719
63.88666667,1.04834493
63.89,1.062805176
63.89333333,1.03964742
63.89666667,1.069330851
63.9,1.092147827
63.90333333,1.102696737
63.90666667,1.097478231
63.91,1.080062866
63.91333333,1.11541748
63.91666667,1.065572103
63.92,1.054702759
63.92333333,1.083343506
63.92666667,1.050104777
63.93,1.051773071
63.93333333,1.080652873
63.93666667,1.091868083
63.94,1.071655273
63.94333333,1.080474854
63.94666667,1.086476644
63.95,1.095199585
63.95333333,1.05229187
63.95666667,1.083796183
63.96,1.098403931
63.96333333,1.108103434
63.96666667,1.067733765
63.97,1.108444214
63.97333333,1.044947306
63.97666667,1.083404541
63.98,1.129150391
63.98333333,1.07866923
63.98666667,1.126978556
63.99,1.115371704
63.99333333,1.073196411
63.99666667,1.098353068
64,1.098251343
64.00333333,1.121663411
64.00666667,1.107340495
64.01,1.126861572
64.01333333,1.093266805
64.01666667,1.076024373
64.02,1.100418091
64.02333333,1.101196289
64.02666667,1.070887248
64.03,1.089004517
64.03333333,1.09568278
64.03666667,1.102757772
64.04,1.052352905
64.04333333,1.061498006
64.04666667,1.026947021
64.05,1.040420532
64.05333333,1.085123698
64.05666667,1.099756877
64.06,1.096801758
64.06333333,1.099543254
64.06666667,1.100158691
64.07,1.086685181
64.07333333,1.068171183
64.07666667,1.026148478
64.08,1.043823242
64.08333333,1.0181427
64.08666667,1.047480265
64.09,1.060195923
64.09333333,1.036229451
64.09666667,1.051874797
64.1,1.080093384
64.10333333,1.041351318
64.10666667,1.06119283
64.11,1.072738647
64.11333333,1.011469523
64.11666667,1.042811076
64.12,1.033798218
64.12333333,1.066350301
64.12666667,1.084884644
64.13,1.02532959
64.13333333,1.038614909
64.13666667,1.043258667
64.14,1.078536987
64.14333333,1.052241007
64.14666667,1.053665161
64.15,1.072540283
64.15333333,1.084996541
64.15666667,1.084330241
64.16,1.132110596
64.16333333,1.083674113
64.16666667,1.077397664
64.17,1.088378906
64.17333333,1.078430176
64.17666667,1.08954366
64.18,1.049591064
64.18333333,1.087061564
64.18666667,1.095987956
64.19,1.133529663
64.19333333,1.088617961
64.19666667,1.076858521
64.2,1.066360474
64.20333333,1.146560669
64.20666667,1.133448283
64.21,1.143844604
64.21333333,1.107686361
64.21666667,1.138254801
64.22,1.119155884
64.22333333,1.081008911
64.22666667,1.07766215
64.23,1.063415527
64.23333333,1.074981689
64.23666667,1.067509969
64.24,1.045791626
64.24333333,1.055898031
64.24666667,1.116505941
64.25,1.067352295
64.25333333,1.066914876
64.25666667,1.032277425
64.26,1.045791626
64.26333333,1.034225464
64.26666667,1.093978882
64.27,1.075119019
64.27333333,1.079752604
64.27666667,1.036565145
64.28,1.054519653
64.28333333,1.078338623
64.28666667,1.057912191
64.29,1.110626221
64.29333333,1.088623047
64.29666667,1.07085673
64.3,1.06590271
64.30333333,1.105717977
64.30666667,1.117380778
64.31,1.102813721
64.31333333,1.084253947
64.31666667,1.0399882
64.32,1.003265381
64.32333333,1.005106608
64.32666667,0.978932699
64.33,1.035598755
64.33333333,1.06976827
64.33666667,1.139144897
64.34,1.07749939
64.34333333,1.04725647
64.34666667,0.997594198
64.35,1.006393433
64.35333333,1.04741923
64.35666667,1.003611247
64.36,1.020599365
64.36333333,1.058904012
64.36666667,1.096394857
64.37,1.031585693
64.37333333,1.042185465
64.37666667,1.065032959
64.38,1.077453613
64.38333333,1.052322388
64.38666667,1.040557861
64.39,0.99659729
64.39333333,1.059972127
64.39666667,1.008672078
64.4,1.055145264
64.40333333,1.094650269
64.40666667,1.070749919
64.41,1.096511841
64.41333333,1.094345093
64.41666667,1.067352295
64.42,1.077804565
64.42333333,1.083150228
64.42666667,1.076024373
64.43,1.067123413
64.43333333,1.03612264
64.43666667,1.052825928
64.44,1.075027466
64.44333333,1.061035156
64.44666667,1.026733398
64.45,1.029815674
64.45333333,1.026535034
64.45666667,1.069417318
64.46,1.028213501
64.46333333,1.004659017
64.46666667,1.041564941
64.47,1.056610107
64.47333333,1.015670776
64.47666667,1.015482585
64.48,1.024780273
64.48333333,1.031443278
64.48666667,1.107503255
64.49,1.052932739
64.49333333,1.045934041
64.49666667,1.051839193
64.5,1.133728027
64.50333333,1.070368449
64.50666667,1.066685994
64.51,1.035507202
64.51333333,1.116795858
64.51666667,1.138712565
64.52,1.168670654
64.52333333,1.224070231
64.52666667,1.252538045
64.53,1.30456543
64.53333333,1.307678223
64.53666667,1.280924479
64.54,1.175079346
64.54333333,1.11265564
64.54666667,1.075002035
64.55,0.967483521
64.55333333,0.909022013
64.55666667,0.835535685
64.56,0.76890564
64.56333333,0.704355876
64.56666667,0.698420207
64.57,0.757446289
64.57333333,0.805933634
64.57666667,0.885894775
64.58,0.945465088
64.58333333,0.979359945
64.58666667,0.984013875
64.59,0.991165161
64.59333333,1.068288167
64.59666667,0.984079997
64.6,0.986938477
64.60333333,1.021525065
64.60666667,1.045237223
64.61,1.006973267
64.61333333,0.977818807
64.61666667,1.026077271
64.62,1.027084351
64.62333333,1.032964071
64.62666667,1.060389201
64.63,1.087158203
64.63333333,1.056467692
64.63666667,1.025472005
64.64,1.048553467
64.64333333,1.018280029
64.64666667,1.03729248
64.65,1.109466553
64.65333333,1.05909729
64.65666667,1.070683797
64.66,1.050964355
64.66333333,1.003468831
64.66666667,1.043574015
64.67,1.080978394
64.67333333,1.107345581
64.67666667,1.061040243
64.68,1.057312012
64.68333333,1.0668691
64.68666667,1.024922689
64.69,1.060562134
64.69333333,1.035644531
64.69666667,1.106633504
64.7,1.124649048
64.70333333,1.050455729
64.70666667,1.073888143
64.71,1.095031738
64.71333333,1.065053304
64.71666667,1.055475871
64.72,1.101043701
64.72333333,1.051335653
64.72666667,1.085149129
64.73,1.060180664
64.73333333,1.061375936
64.73666667,1.085688273
64.74,1.131744385
64.74333333,1.09975179
64.74666667,1.147196452
64.75,1.136398315
64.75333333,1.159062703
64.75666667,1.133865356
64.76,1.156555176
64.76333333,1.157592773
64.76666667,1.162490845
64.77,1.153869629
64.77333333,1.175710042
64.77666667,1.154347738
64.78,1.146820068
64.78333333,1.163355509
64.78666667,1.180577596
64.79,1.174301147
64.79333333,1.141016642
64.79666667,1.128209432
64.8,1.165618896
64.80333333,1.182332357
64.80666667,1.157099406
64.81,1.191848755
64.81333333,1.185785929
64.81666667,1.153539022
64.82,1.18913269
64.82333333,1.160018921
64.82666667,1.158325195
64.83,1.109100342
64.83333333,1.103464762
64.83666667,1.059122721
64.84,1.043029785
64.84333333,1.017145793
64.84666667,1.020685832
64.85,0.986480713
64.85333333,0.989496867
64.85666667,1.021265666
64.86,0.951126099
64.86333333,0.947779338
64.86666667,0.917561849
64.87,0.970306396
64.87333333,0.989771525
64.87666667,0.958440145
64.88,0.954147339
64.88333333,0.960489909
64.88666667,0.930765788
64.89,0.9506073
64.89333333,0.963775635
64.89666667,0.988204956
64.9,0.956039429
64.90333333,0.946324666
64.90666667,0.945454915
64.91,0.922515869
64.91333333,0.908874512
64.91666667,0.939941406
64.92,0.927032471
64.92333333,0.94611613
64.92666667,0.967107137
64.93,0.950180054
64.93333333,0.944976807
64.93666667,0.94774882
64.94,0.913208008
64.94333333,0.937779744
64.94666667,0.924306234
64.95,0.891799927
64.95333333,0.906300863
64.95666667,0.867797852
64.96,0.923950195
64.96333333,0.919809977
64.96666667,0.948384603
64.97,0.924194336
64.97333333,0.932861328
64.97666667,0.892003377
64.98,0.962738037
64.98333333,0.891367594
64.98666667,0.903828939
64.99,0.911468506
64.99333333,0.937555949
64.99666667,0.908269246
65,0.879669189
65.00333333,0.937372843
65.00666667,0.949147542
65.01,0.933273315
65.01333333,0.945882161
65.01666667,0.903244019
65.02,0.897705078
65.02333333,0.966964722
65.02666667,0.93085734
65.03,0.933425903
65.03333333,0.89630127
65.03666667,0.913131714
65.04,0.928329468
65.04333333,0.927195231
65.04666667,0.920674642
65.05,0.941390991
65.05333333,0.947555542
65.05666667,0.924209595
65.06,0.907470703
65.06333333,0.907847087
65.06666667,0.893859863
65.07,0.937149048
65.07333333,0.952468872
65.07666667,0.923797607
65.08,0.911239624
65.08333333,0.917180379
65.08666667,0.89708964
65.09,0.903121948
65.09333333,0.88117981
65.09666667,0.86916097
65.1,0.89553833
65.10333333,0.916107178
65.10666667,0.86042277
65.11,0.928237915
65.11333333,0.889160156
65.11666667,0.938720703
65.12,0.908401489
65.12333333,0.880238851
65.12666667,0.909408569
65.13,0.924743652
65.13333333,0.872014364
65.13666667,0.923395793
65.14,0.946762085
65.14333333,0.984059652
65.14666667,0.948511759
65.15,0.944595337
65.15333333,0.894658407
65.15666667,0.958760579
65.16,0.886398315
65.16333333,0.894139608
65.16666667,0.886027018
65.17,0.934661865
65.17333333,0.92926534
65.17666667,0.901596069
65.18,0.88319397
65.18333333,0.887680054
65.18666667,0.890736898
65.19,0.891464233
65.19333333,0.864501953
65.19666667,0.902974447
65.2,0.89012146
65.20333333,0.878952026
65.20666667,0.917037964
65.21,0.961029053
65.21333333,0.905548096
65.21666667,0.90250651
65.22,0.886489868
65.22333333,0.920689901
65.22666667,0.952794393
65.23,0.942825317
65.23333333,0.908406576
65.23666667,0.879216512
65.24,0.897186279
65.24333333,0.893249512
65.24666667,0.875920614
65.25,0.918960571
65.25333333,0.881515503
65.25666667,0.891321818
65.26,0.900115967
65.26333333,0.910807292
65.26666667,0.867080688
65.27,0.869491577
65.27333333,0.872731527
65.27666667,0.850524902
65.28,0.868057251
65.28333333,0.84777832
65.28666667,0.854792277
65.29,0.841644287
65.29333333,0.868225098
65.29666667,0.872736613
65.3,0.837631226
65.30333333,0.882019043
65.30666667,0.845743815
65.31,0.817840576
65.31333333,0.795155843
65.31666667,0.85164388
65.32,0.858551025
65.32333333,0.858627319
65.32666667,0.903956095
65.33,0.838180542
65.33333333,0.8740743
65.33666667,0.866368612
65.34,0.796173096
65.34333333,0.845163981
65.34666667,0.836303711
65.35,0.811767578
65.35333333,0.873062134
65.35666667,0.853078206
65.36,0.847412109
65.36333333,0.847345988
65.36666667,0.836257935
65.37,0.85319519
65.37333333,0.842844645
65.37666667,0.845748901
65.38,0.855224609
65.38333333,0.846837362
65.38666667,0.883560181
65.39,0.84588623
65.39333333,0.867197673
65.39666667,0.813252767
65.4,0.813446045
65.40333333,0.848358154
65.40666667,0.887613932
65.41,0.786621094
65.41333333,0.862167358
65.41666667,0.86517334
65.42,0.869827271
65.42333333,0.862497965
65.42666667,0.848007202
65.43,0.833892822
65.43333333,0.827484131
65.43666667,0.850163778
65.44,0.861541748
65.44333333,0.90918986
65.44666667,0.861211141
65.45,0.843276978
65.45333333,0.819814046
65.45666667,0.823608398
65.46,0.828018188
65.46333333,0.830754598
65.46666667,0.779774984
65.47,0.784973145
65.47333333,0.796656291
65.47666667,0.814107259
65.48,0.791687012
65.48333333,0.764033
65.48666667,0.771321615
65.49,0.828872681
65.49333333,0.845672607
65.49666667,0.822474162
65.5,0.790786743
65.50333333,0.83454895
65.50666667,0.794326782
65.51,0.761138916
65.51333333,0.827387492
65.51666667,0.757726034
65.52,0.735809326
65.52333333,0.782623291
65.52666667,0.786768595
65.53,0.828948975
65.53333333,0.812733968
65.53666667,0.774312337
65.54,0.843658447
65.54333333,0.90528361
65.54666667,0.925750732
65.55,0.960083008
65.55333333,1.069747925
65.55666667,1.090754191
65.56,1.12953186
65.56333333,1.058420817
65.56666667,1.022338867
65.57,0.946105957
65.57333333,0.910405477
65.57666667,0.891082764
65.58,0.728851318
65.58333333,0.631586711
65.58666667,0.582641602
65.59,0.524383545
65.59333333,0.492253621
65.59666667,0.492736816
65.6,0.575942993
65.60333333,0.689870199
65.60666667,0.742233276
65.61,0.769485474
65.61333333,0.780014038
65.61666667,0.794474284
65.62,0.839492798
65.62333333,0.85438029
65.62666667,0.829116821
65.63,0.818847656
65.63333333,0.83984375
65.63666667,0.807540894
65.64,0.849838257
65.64333333,0.869216919
65.64666667,0.845494588
65.65,0.848770142
65.65333333,0.857111613
65.65666667,0.863560994
65.66,0.855926514
65.66333333,0.897374471
65.66666667,0.920995076
65.67,0.932830811
65.67333333,0.883117676
65.67666667,0.834503174
65.68,0.878158569
65.68333333,0.957921346
65.68666667,0.972600301
65.69,0.965652466
65.69333333,0.948455811
65.69666667,0.866851807
65.7,0.895614624
65.70333333,0.917999268
65.70666667,0.894383748
65.71,0.891952515
65.71333333,0.887410482
65.71666667,0.911839803
65.72,0.895584106
65.72333333,0.913340251
65.72666667,0.896687826
65.73,0.889251709
65.73333333,0.882441203
65.73666667,0.903193156
65.74,0.915557861
65.74333333,0.909550985
65.74666667,0.887395223
65.75,0.930404663
65.75333333,0.962763468
65.75666667,0.953898112
65.76,0.947937012
65.76333333,0.946024577
65.76666667,0.951639811
65.77,0.99407959
65.77333333,0.97966512
65.77666667,0.981160482
65.78,0.992828369
65.78333333,1.00323995
65.78666667,1.04914856
65.79,1.049911499
65.79333333,1.026473999
65.79666667,1.100021362
65.8,1.069488525
65.80333333,1.094655355
65.80666667,1.109736125
65.81,1.117355347
65.81333333,1.13311259
65.81666667,1.080347697
65.82,1.122024536
65.82333333,1.121932983
65.82666667,1.061294556
65.83,1.083312988
65.83333333,1.094182332
65.83666667,1.092005412
65.84,1.116668701
65.84333333,1.104375203
65.84666667,1.12596639
65.85,1.079101563
65.85333333,1.102834066
65.85666667,1.116719564
65.86,1.06312561
65.86333333,0.973327637
65.86666667,0.976053874
65.87,0.933425903
65.87333333,0.947901408
65.87666667,0.905553182
65.88,0.922119141
65.88333333,0.924199422
65.88666667,0.925287882
65.89,0.903457642
65.89333333,0.91649882
65.89666667,0.886947632
65.9,0.882644653
65.90333333,0.837270101
65.90666667,0.829396566
65.91,0.878646851
65.91333333,0.856740316
65.91666667,0.834147135
65.92,0.840026855
65.92333333,0.867090861
65.92666667,0.874450684
65.93,0.862258911
65.93333333,0.862757365
65.93666667,0.832077026
65.94,0.849700928
65.94333333,0.821065267
65.94666667,0.773834229
65.95,0.814361572
65.95333333,0.801177979
65.95666667,0.772435506
65.96,0.827331543
65.96333333,0.812266032
65.96666667,0.817921956
65.97,0.819168091
65.97333333,0.811681112
65.97666667,0.830815633
65.98,0.792221069
65.98333333,0.75360616
65.98666667,0.765614827
65.99,0.825393677
65.99333333,0.774698893
65.99666667,0.839096069
66,0.769042969
66.00333333,0.769668579
66.00666667,0.8497111
66.01,0.880081177
66.01333333,0.840947469
66.01666667,0.841140747
66.02,0.82131958
66.02333333,0.810155233
66.02666667,0.828776042
66.03,0.838043213
66.03333333,0.818913778
66.03666667,0.806259155
66.04,0.81867981
66.04333333,0.836629232
66.04666667,0.796936035
66.05,0.815429687
66.05333333,0.806666056
66.05666667,0.776535034
66.06,0.766738892
66.06333333,0.766286214
66.06666667,0.787022909
66.07,0.793945312
66.07333333,0.791168213
66.07666667,0.760269165
66.08,0.761306763
66.08333333,0.796254476
66.08666667,0.803944906
66.09,0.765151978
66.09333333,0.716679891
66.09666667,0.723617554
66.1,0.733337402
66.10333333,0.779795329
66.10666667,0.769968669
66.11,0.745880127
66.11333333,0.774805705
66.11666667,0.770696004
66.12,0.765792847
66.12333333,0.7456309
66.12666667,0.794077555
66.13,0.717544556
66.13333333,0.719273885
66.13666667,0.727808634
66.14,0.720199585
66.14333333,0.73681132
66.14666667,0.747029622
66.15,0.674819946
66.15333333,0.7049764
66.15666667,0.72710673
66.16,0.703399658
66.16333333,0.742533366
66.16666667,0.742212931
66.17,0.716964722
66.17333333,0.730911255
66.17666667,0.687759399
66.18,0.710098267
66.18333333,0.69287618
66.18666667,0.656809489
66.19,0.716171265
66.19333333,0.748647054
66.19666667,0.762842814
66.2,0.72845459
66.20333333,0.722625732
66.20666667,0.707183838
66.21,0.729019165
66.21333333,0.72185262
66.21666667,0.739161174
66.22,0.767913818
66.22333333,0.778096517
66.22666667,0.740651449
66.23,0.743408203
66.23333333,0.745747884
66.23666667,0.752751668
66.24,0.787231445
66.24333333,0.761306763
66.24666667,0.717717489
66.25,0.726318359
66.25333333,0.776077271
66.25666667,0.777587891
66.26,0.753890991
66.26333333,0.758071899
66.26666667,0.750223796
66.27,0.746200562
66.27333333,0.790796916
66.27666667,0.76546224
66.28,0.756759644
66.28333333,0.743891398
66.28666667,0.804840088
66.29,0.831848145
66.29333333,0.766235352
66.29666667,0.805038452
66.3,0.794448853
66.30333333,0.796274821
66.30666667,0.803471883
66.31,0.833572388
66.31333333,0.811635335
66.31666667,0.836105347
66.32,0.841384888
66.32333333,0.816304525
66.32666667,0.739308675
66.33,0.796020508
66.33333333,0.787099202
66.33666667,0.814870199
66.34,0.809280396
66.34333333,0.809499105
66.34666667,0.827641805
66.35,0.786514282
66.35333333,0.802439372
66.35666667,0.829620361
66.36,0.815734863
66.36333333,0.798812866
66.36666667,0.835113525
66.37,0.859085083
66.37333333,0.845535278
66.37666667,0.837916056
66.38,0.844207764
66.38333333,0.837987264
66.38666667,0.828053792
66.39,0.817184448
66.39333333,0.7612559
66.39666667,0.792160034
66.4,0.753250122
66.40333333,0.816864014
66.40666667,0.813858032
66.41,0.82762146
66.41333333,0.797897339
66.41666667,0.835291545
66.42,0.789810181
66.42333333,0.74822998
66.42666667,0.752741496
66.43,0.806686401
66.43333333,0.846303304
66.43666667,0.788884481
66.44,0.803314209
66.44333333,0.795379639
66.44666667,0.79242452
66.45,0.796661377
66.45333333,0.781509399
66.45666667,0.821665446
66.46,0.751342773
66.46333333,0.752278646
66.46666667,0.711746216
66.47,0.786743164
66.47333333,0.773961385
66.47666667,0.81215922
66.48,0.791641235
66.48333333,0.750961304
66.48666667,0.823689779
66.49,0.781005859
66.49333333,0.769658407
66.49666667,0.763514201
66.5,0.757598877
66.50333333,0.791188558
66.50666667,0.773457845
66.51,0.78352356
66.51333333,0.768849691
66.51666667,0.777689616
66.52,0.751312256
66.52333333,0.799397786
66.52666667,0.785975138
66.53,0.795089722
66.53333333,0.84022522
66.53666667,0.863255819
66.54,0.888412476
66.54333333,0.978541056
66.54666667,1.060974121
66.55,1.0962677
66.55333333,1.092880249
66.55666667,1.090901693
66.56,0.983718872
66.56333333,0.939020793
66.56666667,0.835901896
66.57,0.82901001
66.57333333,0.680608114
66.57666667,0.652328491
66.58,0.620559692
66.58333333,0.537618001
66.58666667,0.50336202
66.59,0.496704102
66.59333333,0.507624308
66.59666667,0.563471476
66.6,0.635757446
66.60333333,0.670715332
66.60666667,0.769541423
66.61,0.821060181
66.61333333,0.815851847
66.61666667,0.810674032
66.62,0.793289185
66.62333333,0.752019246
66.62666667,0.746780396
66.63,0.811553955
66.63333333,0.819320679
66.63666667,0.86076355
66.64,0.841781616
66.64333333,0.848882039
66.64666667,0.856842041
66.65,0.818481445
66.65333333,0.829111735
66.65666667,0.796544393
66.66,0.839447021
66.66333333,0.852381388
66.66666667,0.83173116
66.67,0.823272705
66.67333333,0.841567993
66.67666667,0.81888326
66.68,0.813400269
66.68333333,0.853296916
66.68666667,0.85295105
66.69,0.83164978
66.69333333,0.827529907
66.69666667,0.837112427
66.7,0.82824707
66.70333333,0.859985352
66.70666667,0.853769938
66.71,0.844680786
66.71333333,0.833516439
66.71666667,0.866266886
66.72,0.881027222
66.72333333,0.898849487
66.72666667,0.894429525
66.73,0.901809692
66.73333333,0.916824341
66.73666667,0.919270833
66.74,0.915802002
66.74333333,0.879470825
66.74666667,0.925150553
66.75,0.881958008
66.75333333,0.837422689
66.75666667,0.912200928
66.76,0.875762939
66.76333333,0.849060059
66.76666667,0.89243571
66.77,0.924194336
66.77333333,0.905456543
66.77666667,0.932861328
66.78,0.930908203
66.78333333,0.968322754
66.78666667,0.9225413
66.79,0.930023193
66.79333333,0.947697957
66.79666667,0.934834798
66.8,0.983810425
66.80333333,1.012532552
66.80666667,1.05682373
66.81,0.992553711
66.81333333,1.030354818
66.81666667,0.970662435
66.82,1.061019897
66.82333333,1.040339152
66.82666667,1.016398112
66.83,0.997146606
66.83333333,0.99474589
66.83666667,1.010559082
66.84,0.995727539
66.84333333,0.957570394
66.84666667,0.964894613
66.85,0.976257324
66.85333333,0.958450317
66.85666667,0.927937826
66.86,0.866470337
66.86333333,0.856969198
66.86666667,0.902938843
66.87,0.924407959
66.87333333,0.90335083
66.87666667,0.876815796
66.88,0.827774048
66.88333333,0.848490397
66.88666667,0.865778605
66.89,0.795593262
66.89333333,0.803700765
66.89666667,0.80700175
66.9,0.82321167
66.90333333,0.819742839
66.90666667,0.818695068
66.91,0.787063599
66.91333333,0.800145467
66.91666667,0.777943929
66.92,0.791717529
66.92333333,0.767628988
66.92666667,0.764027913
66.93,0.783813477
66.93333333,0.816904704
66.93666667,0.797744751
66.94,0.836593628
66.94333333,0.826828003
66.94666667,0.801722209
66.95,0.767974854
66.95333333,0.822347005
66.95666667,0.819559733
66.96,0.840499878
66.96333333,0.790644328
66.96666667,0.810801188
66.97,0.790130615
66.97333333,0.784413656
66.97666667,0.822662354
66.98,0.822998047
66.98333333,0.794626872
66.98666667,0.802480062
66.99,0.785430908
66.99333333,0.772455851
66.99666667,0.782552083
67,0.775909424
67.00333333,0.813446045
67.00666667,0.817525228
67.01,0.776809692
67.01333333,0.783650716
67.01666667,0.746943156
67.02,0.773025513
67.02333333,0.738505046
67.02666667,0.742284139
67.03,0.793579102
67.03333333,0.755615234
67.03666667,0.748484294
67.04,0.765167236
67.04333333,0.747589111
67.04666667,0.76054891
67.05,0.771865845
67.05333333,0.773803711
67.05666667,0.752222697
67.06,0.756988525
67.06333333,0.738779704
67.06666667,0.715866089
67.07,0.716171265
67.07333333,0.715164185
67.07666667,0.733820597
67.08,0.747848511
67.08333333,0.730133057
67.08666667,0.746449788
67.09,0.78414917
67.09333333,0.731262207
67.09666667,0.764266968
67.1,0.739898682
67.10333333,0.76167806
67.10666667,0.78553772
67.11,0.746139526
67.11333333,0.760233561
67.11666667,0.771687826
67.12,0.778564453
67.12333333,0.729451497
67.12666667,0.718048096
67.13,0.745635986
67.13333333,0.751622518
67.13666667,0.736831665
67.14,0.742004395
67.14333333,0.661270142
67.14666667,0.702509562
67.15,0.686569214
67.15333333,0.687276204
67.15666667,0.691355387
67.16,0.711761475
67.16333333,0.735600789
67.16666667,0.704828898
67.17,0.697280884
67.17333333,0.719243368
67.17666667,0.667780558
67.18,0.720565796
67.18333333,0.744222005
67.18666667,0.654490153
67.19,0.720123291
67.19333333,0.671946208
67.19666667,0.726109823
67.2,0.712661743
67.20333333,0.718322754
67.20666667,0.705571493
67.21,0.698806763
67.21333333,0.723388672
67.21666667,0.712254842
67.22,0.672409058
67.22333333,0.691813151
67.22666667,0.658203125
67.23,0.69418335
67.23333333,0.684992472
67.23666667,0.65091451
67.24,0.646697998
67.24333333,0.706944784
67.24666667,0.683095296
67.25,0.667190552
67.25333333,0.67010498
67.25666667,0.677902222
67.26,0.688720703
67.26333333,0.638824463
67.26666667,0.627085368
67.27,0.64944458
67.27333333,0.726979574
67.27666667,0.691467285
67.28,0.708877563
67.28333333,0.709482829
67.28666667,0.69271342
67.29,0.682662964
67.29333333,0.71295166
67.29666667,0.697723389
67.3,0.681152344
67.30333333,0.686024984
67.30666667,0.68426005
67.31,0.72227478
67.31333333,0.691782633
67.31666667,0.694554647
67.32,0.691589355
67.32333333,0.664978027
67.32666667,0.636342367
67.33,0.695007324
67.33333333,0.672149658
67.33666667,0.677734375
67.34,0.700424194
67.34333333,0.681981405
67.34666667,0.648579915
67.35,0.625152588
67.35333333,0.657221476
67.35666667,0.694239299
67.36,0.684005737
67.36333333,0.683125814
67.36666667,0.689722697
67.37,0.647918701
67.37333333,0.635772705
67.37666667,0.69148763
67.38,0.658874512
67.38333333,0.741144816
67.38666667,0.73008728
67.39,0.735366821
67.39333333,0.728164673
67.39666667,0.764144897
67.4,0.735397339
67.40333333,0.712239583
67.40666667,0.689397176
67.41,0.699172974
67.41333333,0.71601359
67.41666667,0.694910685
67.42,0.674743652
67.42333333,0.672180176
67.42666667,0.660842896
67.43,0.696426392
67.43333333,0.679957072
67.43666667,0.674479167
67.44,0.654586792
67.44333333,0.691029867
67.44666667,0.657251994
67.45,0.665359497
67.45333333,0.674072266
67.45666667,0.675837199
67.46,0.668716431
67.46333333,0.678070068
67.46666667,0.612589518
67.47,0.634811401
67.47333333,0.647252401
67.47666667,0.681640625
67.48,0.69493103
67.48333333,0.701904297
67.48666667,0.705973307
67.49,0.747955322
67.49333333,0.791651408
67.49666667,0.831400553
67.5,0.852966309
67.50333333,0.916453044
67.50666667,0.944610596
67.51,0.913314819
67.51333333,0.834131877
67.51666667,0.763193766
67.52,0.673278809
67.52333333,0.693120321
67.52666667,0.56946818
67.53,0.490234375
67.53333333,0.47396342
67.53666667,0.415359497
67.54,0.365783691
67.54333333,0.449289958
67.54666667,0.389043172
67.55,0.400390625
67.55333333,0.425221761
67.55666667,0.504053752
67.56,0.597671509
67.56333333,0.568974813
67.56666667,0.611953735
67.57,0.596801758
67.57333333,0.666737874
67.57666667,0.636591593
67.58,0.689804077
67.58333333,0.657272339
67.58666667,0.699590047
67.59,0.694458008
67.59333333,0.658706665
67.59666667,0.670394897
67.6,0.626449585
67.60333333,0.672648112
67.60666667,0.741434733
67.61,0.709915161
67.61333333,0.652715047
67.61666667,0.697148641
67.62,0.699829102
67.62333333,0.687810262
67.62666667,0.655232747
67.63,0.680465698
67.63333333,0.675633748
67.63666667,0.656529744
67.64,0.67199707
67.64333333,0.661259969
67.64666667,0.719141642
67.65,0.696868896
67.65333333,0.750203451
67.65666667,0.712961833
67.66,0.712768555
67.66333333,0.718688965
67.66666667,0.713348389
67.67,0.724212646
67.67333333,0.68846639
67.67666667,0.759002686
67.68,0.768722534
67.68333333,0.749206543
67.68666667,0.732025146
67.69,0.707382202
67.69333333,0.679417928
67.69666667,0.699508667
67.7,0.704116821
67.70333333,0.735351562
67.70666667,0.7396698
67.71,0.76802063
67.71333333,0.738820394
67.71666667,0.761922201
67.72,0.735565186
67.72333333,0.786768595
67.72666667,0.781453451
67.73,0.776367187
67.73333333,0.872039795
67.73666667,0.8168691
67.74,0.837646484
67.74333333,0.832036336
67.74666667,0.824564616
67.75,0.869750977
67.75333333,0.870376587
67.75666667,0.87882487
67.76,0.892669678
67.76333333,0.86386617
67.76666667,0.873336792
67.77,0.864990234
67.77333333,0.925221761
67.77666667,0.90788269
67.78,0.884643555
67.78333333,0.879389445
67.78666667,0.896840413
67.79,0.886352539
67.79333333,0.858500163
67.79666667,0.869105021
67.8,0.840911865
67.80333333,0.854827881
67.80666667,0.785868327
67.81,0.824401855
67.81333333,0.803288778
67.81666667,0.80716451
67.82,0.767028809
67.82333333,0.786453247
67.82666667,0.728240967
67.83,0.674942017
67.83333333,0.743611654
67.83666667,0.715337118
67.84,0.698196411
67.84333333,0.681371053
67.84666667,0.674596151
67.85,0.67855835
67.85333333,0.663289388
67.85666667,0.633707682
67.86,0.647399902
67.86333333,0.705856323
67.86666667,0.662765503
67.87,0.642654419
67.87333333,0.6596934
67.87666667,0.66170756
67.88,0.627258301
67.88333333,0.662409465
67.88666667,0.652776082
67.89,0.660888672
67.89333333,0.6528066
67.89666667,0.634607951
67.9,0.635681152
67.90333333,0.63164266
67.90666667,0.609517415
67.91,0.65574646
67.91333333,0.630182902
67.91666667,0.597000122
67.92,0.601257324
67.92333333,0.622217814
67.92666667,0.608805339
67.93,0.618408203
67.93333333,0.614420573
67.93666667,0.648305257
67.94,0.633224487
67.94333333,0.644597371
67.94666667,0.6144104
67.95,0.619125366
67.95333333,0.607666016
67.95666667,0.614313761
67.96,0.669769287
67.96333333,0.606826782
67.96666667,0.576349894
67.97,0.5884552
67.97333333,0.61613973
67.97666667,0.618189494
67.98,0.588134766
67.98333333,0.591227214
67.98666667,0.606033325
67.99,0.588729858
67.99333333,0.604075114
67.99666667,0.566970825
68,0.565719604
68.00333333,0.597757975
68.00666667,0.618921916
68.01,0.585876465
68.01333333,0.569407145
68.01666667,0.555648804
68.02,0.585708618
68.02333333,0.604054769
68.02666667,0.568471273
68.03,0.584091187
68.03333333,0.58690389
68.03666667,0.5928243
68.04,0.58946228
68.04333333,0.592356364
68.04666667,0.603627523
68.05,0.591430664
68.05333333,0.581522624
68.05666667,0.614003499
68.06,0.595733643
68.06333333,0.56644694
68.06666667,0.579071045
68.07,0.62171936
68.07333333,0.589823405
68.07666667,0.57170105
68.08,0.597793579
68.08333333,0.539271037
68.08666667,0.591405233
68.09,0.569152832
68.09333333,0.590576172
68.09666667,0.561945597
68.1,0.567550659
68.10333333,0.540181478
68.10666667,0.560429891
68.11,0.58430481
68.11333333,0.5675354
68.11666667,0.587844849
68.12,0.53843689
68.12333333,0.597473145
68.12666667,0.582041423
68.13,0.541320801
68.13333333,0.528996785
68.13666667,0.585494995
68.14,0.579742432
68.14333333,0.550262451
68.14666667,0.571390788
68.15,0.607833862
68.15333333,0.575597127
68.15666667,0.548828125
68.16,0.573150635
68.16333333,0.574879964
68.16666667,0.568008423
68.17,0.569610596
68.17333333,0.541447957
68.17666667,0.539621989
68.18,0.561828613
68.18333333,0.580800374
68.18666667,0.554163615
68.19,0.571624756
68.19333333,0.575042725
68.19666667,0.561248779
68.2,0.566940308
68.20333333,0.545974731
68.20666667,0.522959391
68.21,0.49446106
68.21333333,0.533462524
68.21666667,0.556233724
68.22,0.605529785
68.22333333,0.563237508
68.22666667,0.554595947
68.23,0.566177368
68.23333333,0.59908549
68.23666667,0.588353475
68.24,0.594436646
68.24333333,0.569163005
68.24666667,0.551147461
68.25,0.5443573
68.25333333,0.548940023
68.25666667,0.623163859
68.26,0.578842163
68.26333333,0.561365763
68.26666667,0.561396281
68.27,0.554626465
68.27333333,0.550964355
68.27666667,0.528101603
68.28,0.50050354
68.28333333,0.496164958
68.28666667,0.552958171
68.29,0.531677246
68.29333333,0.536549886
68.29666667,0.543965658
68.3,0.535888672
68.30333333,0.525588989
68.30666667,0.481811523
68.31,0.513305664
68.31333333,0.516393026
68.31666667,0.495859782
68.32,0.506103516
68.32333333,0.521077474
68.32666667,0.551539103
68.33,0.4815979
68.33333333,0.490570068
68.33666667,0.523854574
68.34,0.536712646
68.34333333,0.48471578
68.34666667,0.52015686
68.35,0.556488037
68.35333333,0.538116455
68.35666667,0.551137288
68.36,0.551757813
68.36333333,0.543726603
68.36666667,0.526606242
68.37,0.538604736
68.37333333,0.555404663
68.37666667,0.540578206
68.38,0.593383789
68.38333333,0.55867513
68.38666667,0.539042155
68.39,0.558547974
68.39333333,0.557957967
68.39666667,0.522384644
68.4,0.494842529
68.40333333,0.481501261
68.40666667,0.458185832
68.41,0.498901367
68.41333333,0.469228109
68.41666667,0.51651001
68.42,0.53767395
68.42333333,0.474619548
68.42666667,0.489939372
68.43,0.533584595
68.43333333,0.525970459
68.43666667,0.522343953
68.44,0.518875122
68.44333333,0.511393229
68.44666667,0.505167643
68.45,0.511550903
68.45333333,0.549942017
68.45666667,0.53557841
68.46,0.454208374
68.46333333,0.471552531
68.46666667,0.473988851
68.47,0.484695435
68.47333333,0.5305837
68.47666667,0.61336263
68.48,0.626907349
68.48333333,0.6712087
68.48666667,0.725458781
68.49,0.724609375
68.49333333,0.761098226
68.49666667,0.763961792
68.5,0.654220581
68.50333333,0.636754354
68.50666667,0.584055583
68.51,0.466049194
68.51333333,0.366373698
68.51666667,0.284881592
68.52,0.259643555
68.52333333,0.191197713
68.52666667,0.216267904
68.53,0.242904663
68.53333333,0.285059611
68.53666667,0.363123576
68.54,0.37928772
68.54333333,0.434310913
68.54666667,0.435984294
68.55,0.499572754
68.55333333,0.45745341
68.55666667,0.488911947
68.56,0.477478027
68.56333333,0.484303792
68.56666667,0.487340291
68.57,0.533172607
68.57333333,0.53398641
68.57666667,0.535105387
68.58,0.54989624
68.58333333,0.511550903
68.58666667,0.487070719
68.59,0.503875732
68.59333333,0.478851318
68.59666667,0.484100342
68.6,0.501327515
68.60333333,0.484578451
68.60666667,0.542872111
68.61,0.507995605
68.61333333,0.529307048
68.61666667,0.53662618
68.62,0.544799805
68.62333333,0.52200826
68.62666667,0.543848674
68.63,0.50769043
68.63333333,0.516484578
68.63666667,0.555506388
68.64,0.531860352
68.64333333,0.513936361
68.64666667,0.557261149
68.65,0.57800293
68.65333333,0.600560506
68.65666667,0.549407959
68.66,0.548782349
68.66333333,0.548599243
68.66666667,0.586954753
68.67,0.603271484
68.67333333,0.619374593
68.67666667,0.562561035
68.68,0.577270508
68.68333333,0.549240112
68.68666667,0.56733195
68.69,0.633880615
68.69333333,0.610066732
68.69666667,0.643798828
68.7,0.649108887
68.70333333,0.629302979
68.70666667,0.614603678
68.71,0.618835449
68.71333333,0.626256307
68.71666667,0.617879232
68.72,0.657852173
68.72333333,0.702148438
68.72666667,0.67078654
68.73,0.642318726
68.73333333,0.67565918
68.73666667,0.659220378
68.74,0.68081665
68.74333333,0.724065145
68.74666667,0.687576294
68.75,0.703430176
68.75333333,0.745285034
68.75666667,0.724451701
68.76,0.747665405
68.76333333,0.713424683
68.76666667,0.731862386
68.77,0.716156006
68.77333333,0.757405599
68.77666667,0.716451009
68.78,0.669006348
68.78333333,0.716883341
68.78666667,0.681905111
68.79,0.687942505
68.79333333,0.654012044
68.79666667,0.656234741
68.8,0.651016235
68.80333333,0.626154582
68.80666667,0.626266479
68.81,0.598373413
68.81333333,0.589197795
68.81666667,0.612055461
68.82,0.603775024
68.82333333,0.558105469
68.82666667,0.57409668
68.83,0.555480957
68.83333333,0.564193726
68.83666667,0.576619466
68.84,0.570159912
68.84333333,0.535252889
68.84666667,0.58698527
68.85,0.55229187
68.85333333,0.590586344
68.85666667,0.572596232
68.86,0.517242432
68.86333333,0.600280762
68.86666667,0.532531738
68.87,0.591430664
68.87333333,0.547042847
68.87666667,0.547826131
68.88,0.539489746
68.88333333,0.544001261
68.88666667,0.527694702
68.89,0.488571167
68.89333333,0.491043091
68.89666667,0.56821696
68.9,0.54069519
68.90333333,0.567184448
68.90666667,0.508117676
68.91,0.515686035
68.91333333,0.509450277
68.91666667,0.506973267
68.92,0.545776367
68.92333333,0.549097697
68.92666667,0.526123047
68.93,0.529647827
68.93333333,0.521723429
68.93666667,0.542521159
68.94,0.555465698
68.94333333,0.527826945
68.94666667,0.502929688
68.95,0.50453186
68.95333333,0.569447835
68.95666667,0.54099528
68.96,0.543075562
68.96333333,0.54254659
68.96666667,0.5418396
68.97,0.564041138
68.97333333,0.601826986
68.97666667,0.574701945
68.98,0.564559937
68.98333333,0.579427083
68.98666667,0.570587158
68.99,0.559768677
68.99333333,0.56610616
68.99666667,0.555633545
69,0.592422485
69.00333333,0.604695638
69.00666667,0.573298136
69.01,0.55065918
69.01333333,0.589467367
69.01666667,0.577850342
69.02,0.609893799
69.02333333,0.547576904
69.02666667,0.564824422
69.03,0.608596802
69.03333333,0.559514364
69.03666667,0.56880188
69.04,0.595199585
69.04333333,0.573287964
69.04666667,0.5503184
69.05,0.551452637
69.05333333,0.549545288
69.05666667,0.5625
69.06,0.525054932
69.06333333,0.557805379
69.06666667,0.536499023
69.07,0.509292603
69.07333333,0.535690308
69.07666667,0.558929443
69.08,0.615539551
69.08333333,0.556691488
69.08666667,0.581197103
69.09,0.554977417
69.09333333,0.521204631
69.09666667,0.57568868
69.1,0.541152954
69.10333333,0.54359436
69.10666667,0.531214396
69.11,0.54901123
69.11333333,0.569447835
69.11666667,0.510406494
69.12,0.52406311
69.12333333,0.553705851
69.12666667,0.546254476
69.13,0.544998169
69.13333333,0.51554362
69.13666667,0.498255412
69.14,0.558395386
69.14333333,0.563369751
69.14666667,0.533401489
69.15,0.525512695
69.15333333,0.552775065
69.15666667,0.537907918
69.16,0.525238037
69.16333333,0.539118449
69.16666667,0.56699117
69.17,0.545913696
69.17333333,0.548731486
69.17666667,0.524719238
69.18,0.527404785
69.18333333,0.505116781
69.18666667,0.534561157
69.19,0.543121338
69.19333333,0.519454956
69.19666667,0.540888468
69.2,0.528640747
69.20333333,0.530548096
69.20666667,0.51709493
69.21,0.540145874
69.21333333,0.52885437
69.21666667,0.521469116
69.22,0.560562134
69.22333333,0.499883016
69.22666667,0.507868449
69.23,0.550247192
69.23333333,0.606664022
69.23666667,0.548273722
69.24,0.518569946
69.24333333,0.528589884
69.24666667,0.514480591
69.25,0.552749634
69.25333333,0.543746948
69.25666667,0.517033895
69.26,0.48336792
69.26333333,0.539621989
69.26666667,0.558624268
69.27,0.528686523
69.27333333,0.560231527
69.27666667,0.524581909
69.28,0.52507019
69.28333333,0.537694295
69.28666667,0.566329956
69.29,0.513763428
69.29333333,0.500549316
69.29666667,0.520131429
69.3,0.512924194
69.30333333,0.53771464
69.30666667,0.469685872
69.31,0.447570801
69.31333333,0.471613566
69.31666667,0.510203044
69.32,0.536880493
69.32333333,0.563852946
69.32666667,0.513585409
69.33,0.544219971
69.33333333,0.526301066
69.33666667,0.520385742
69.34,0.525588989
69.34333333,0.506978353
69.34666667,0.541722616
69.35,0.52444458
69.35333333,0.519175212
69.35666667,0.518534342
69.36,0.521774292
69.36333333,0.524291992
69.36666667,0.487213135
69.37,0.489028931
69.37333333,0.504979451
69.37666667,0.490737915
69.38,0.458145142
69.38333333,0.517171224
69.38666667,0.516189575
69.39,0.534362793
69.39333333,0.521555583
69.39666667,0.511332194
69.4,0.467376709
69.40333333,0.444559733
69.40666667,0.434855143
69.41,0.484939575
69.41333333,0.462183634
69.41666667,0.460688273
69.42,0.492034912
69.42333333,0.427581787
69.42666667,0.425160726
69.43,0.473190308
69.43333333,0.487594604
69.43666667,0.46232605
69.44,0.441482544
69.44333333,0.458607992
69.44666667,0.464955648
69.45,0.396118164
69.45333333,0.460530599
69.45666667,0.448043823
69.46,0.450485229
69.46333333,0.459854126
69.46666667,0.469309489
69.47,0.446289063
69.47333333,0.418563843
69.47666667,0.427866618
69.48,0.435317993
69.48333333,0.393575033
69.48666667,0.441630046
69.49,0.462478638
69.49333333,0.506408691
69.49666667,0.600026449
69.5,0.632095337
69.50333333,0.676116943
69.50666667,0.69325765
69.51,0.722763062
69.51333333,0.696080526
69.51666667,0.642166138
69.52,0.549026489
69.52333333,0.515329997
69.52666667,0.414962769
69.53,0.359786987
69.53333333,0.239054362
69.53666667,0.211568197
69.54,0.191665649
69.54333333,0.163309733
69.54666667,0.158782959
69.55,0.252609253
69.55333333,0.3212382
69.55666667,0.408701579
69.56,0.448577881
69.56333333,0.43745931
69.56666667,0.472106934
69.57,0.448287964
69.57333333,0.432032267
69.57666667,0.459874471
69.58,0.455764771
69.58333333,0.498580933
69.58666667,0.485061646
69.59,0.462173462
69.59333333,0.471557617
69.59666667,0.465866089
69.6,0.483627319
69.60333333,0.547724406
69.60666667,0.506378174
69.61,0.505767822
69.61333333,0.492685954
69.61666667,0.502955119
69.62,0.504989624
69.62333333,0.532196045
69.62666667,0.556625366
69.63,0.503723145
69.63333333,0.524012248
69.63666667,0.554692586
69.64,0.542572021
69.64333333,0.532033285
69.64666667,0.502278646
69.65,0.493240356
69.65333333,0.471369425
69.65666667,0.53338623
69.66,0.535491943
69.66333333,0.560282389
69.66666667,0.53914388
69.67,0.52796936
69.67333333,0.581578573
69.67666667,0.502039591
69.68,0.533279419
69.68333333,0.575154622
69.68666667,0.592158
69.69,0.606567383
69.69333333,0.584813436
69.69666667,0.580729167
69.7,0.579528809
69.70333333,0.578648885
69.70666667,0.604476929
69.71,0.580001831
69.71333333,0.619959513
69.71666667,0.645929972
69.72,0.666427612
69.72333333,0.666091919
69.72666667,0.660756429
69.73,0.667114258
69.73333333,0.675074259
69.73666667,0.651952108
69.74,0.660949707
69.74333333,0.671386719
69.74666667,0.703048706
69.75,0.688934326
69.75333333,0.712987264
69.75666667,0.714238485
69.76,0.685043335
69.76333333,0.728713989
69.76666667,0.728225708
69.77,0.739929199
69.77333333,0.712819417
69.77666667,0.661366781
69.78,0.661102295
69.78333333,0.709203084
69.78666667,0.674845378
69.79,0.716293335
69.79333333,0.679865519
69.79666667,0.67678833
69.8,0.65826416
69.80333333,0.634490967
69.80666667,0.675018311
69.81,0.634429932
69.81333333,0.649261475
69.81666667,0.627593994
69.82,0.603317261
69.82333333,0.591334025
69.82666667,0.574747721
69.83,0.519500732
69.83333333,0.498453776
69.83666667,0.503911336
69.84,0.510971069
69.84333333,0.500188192
69.84666667,0.490834554
69.85,0.488586426
69.85333333,0.465611776
69.85666667,0.473164876
69.86,0.495178223
69.86333333,0.502349854
69.86666667,0.51012675
69.87,0.459777832
69.87333333,0.476404826
69.87666667,0.475234985
69.88,0.544555664
69.88333333,0.532887777
69.88666667,0.504099528
69.89,0.517959595
69.89333333,0.550938924
69.89666667,0.497802734
69.9,0.501327515
69.90333333,0.501149495
69.90666667,0.53549703
69.91,0.513397217
69.91333333,0.475662231
69.91666667,0.560760498
69.92,0.498077393
69.92333333,0.531311035
69.92666667,0.548863729
69.93,0.553863525
69.93333333,0.528564453
69.93666667,0.542078654
69.94,0.52935791
69.94333333,0.554331462
69.94666667,0.539983114
69.95,0.541992187
69.95333333,0.550893148
69.95666667,0.522099813
69.96,0.491882324
69.96333333,0.509185791
69.96666667,0.550816854
69.97,0.532562256
69.97333333,0.526514689
69.97666667,0.532964071
69.98,0.547241211
69.98333333,0.529352824
69.98666667,0.549453735
69.99,0.491104126
69.99333333,0.531417847
69.99666667,0.513727824
70,0.534057617
70.00333333,0.532531738
70.00666667,0.500661214
70.01,0.539459229
70.01333333,0.531005859
70.01666667,0.517730713
70.02,0.503738403
70.02333333,0.505147298
70.02666667,0.565643311
70.03,0.534667969
70.03333333,0.491739909
70.03666667,0.5293986
70.04,0.49961853
70.04333333,0.494125366
70.04666667,0.519063314
70.05,0.500717163
70.05333333,0.453211466
70.05666667,0.503941854
70.06,0.544403076
70.06333333,0.520324707
70.06666667,0.553944906
70.07,0.496871948
70.07333333,0.512858073
70.07666667,0.47134908
70.08,0.521469116
70.08333333,0.514729818
70.08666667,0.506561279
70.09,0.4868927
70.09333333,0.508056641
70.09666667,0.497009277
70.1,0.51322937
70.10333333,0.467412313
70.10666667,0.473266602
70.11,0.493591309
70.11333333,0.495951335
70.11666667,0.538355509
70.12,0.495681763
70.12333333,0.484013875
70.12666667,0.482386271
70.13,0.491378784
70.13333333,0.507888794
70.13666667,0.505249023
70.14,0.505554199
70.14333333,0.485122681
70.14666667,0.488550822
70.15,0.490646362
70.15333333,0.501831055
70.15666667,0.51230367
70.16,0.530166626
70.16333333,0.48306783
70.16666667,0.485102336
70.17,0.45916748
70.17333333,0.529327393
70.17666667,0.528828939
70.18,0.546463013
70.18333333,0.535329183
70.18666667,0.538874308
70.19,0.528625488
70.19333333,0.491205851
70.19666667,0.483332316
70.2,0.483779907
70.20333333,0.471664429
70.20666667,0.535725911
70.21,0.541168213
70.21333333,0.521789551
70.21666667,0.483296712
70.22,0.47795105
70.22333333,0.482966105
70.22666667,0.500467936
70.23,0.548080444
70.23333333,0.513941447
70.23666667,0.562728882
70.24,0.522399902
70.24333333,0.498687744
70.24666667,0.498021444
70.25,0.479888916
70.25333333,0.478932699
70.25666667,0.49214681
70.26,0.504257202
70.26333333,0.4965566
70.26666667,0.455118815
70.27,0.435791016
70.27333333,0.530954997
70.27666667,0.497848511
70.28,0.506469727
70.28333333,0.495605469
70.28666667,0.504557292
70.29,0.452041626
70.29333333,0.473058065
70.29666667,0.419774373
70.3,0.463104248
70.30333333,0.470667521
70.30666667,0.459920247
70.31,0.45892334
70.31333333,0.483988444
70.31666667,0.46816508
70.32,0.517730713
70.32333333,0.533360799
70.32666667,0.506347656
70.33,0.502243042
70.33333333,0.527191162
70.33666667,0.506912231
70.34,0.51776123
70.34333333,0.494903564
70.34666667,0.464548747
70.35,0.526199341
70.35333333,0.483963013
70.35666667,0.52390035
70.36,0.514129639
70.36333333,0.459665934
70.36666667,0.453364054
70.37,0.470855713
70.37333333,0.453236898
70.37666667,0.464736938
70.38,0.466003418
70.38333333,0.463663737
70.38666667,0.492975871
70.39,0.473831177
70.39333333,0.47479248
70.39666667,0.444839478
70.4,0.43510437
70.40333333,0.406519572
70.40666667,0.415557861
70.41,0.45489502
70.41333333,0.503143311
70.41666667,0.515874227
70.42,0.524734497
70.42333333,0.495061239
70.42666667,0.478830973
70.43,0.526229858
70.43333333,0.459493001
70.43666667,0.442896525
70.44,0.466873169
70.44333333,0.466959635
70.44666667,0.490010579
70.45,0.439224243
70.45333333,0.397862752
70.45666667,0.428471883
70.46,0.482772827
70.46333333,0.477681478
70.46666667,0.487543742
70.47,0.525268555
70.47333333,0.493301392
70.47666667,0.462361654
70.48,0.463409424
70.48333333,0.487848918
70.48666667,0.534220378
70.49,0.471893311
70.49333333,0.507761637
70.49666667,0.483256022
70.5,0.506591797
70.50333333,0.491638184
70.50666667,0.509073893
70.51,0.505187988
70.51333333,0.49399821
70.51666667,0.477930705
70.52,0.544372559
70.52333333,0.582000732
70.52666667,0.639129639
70.53,0.682342529
70.53333333,0.730794271
70.53666667,0.869954427
70.54,0.836029053
70.54333333,0.794570923
70.54666667,0.709177653
70.55,0.641937256
70.55333333,0.621627808
70.55666667,0.575322469
70.56,0.379058838
70.56333333,0.336939494
70.56666667,0.241368612
70.57,0.260787964
70.57333333,0.246332804
70.57666667,0.245732625
70.58,0.258026123
70.58333333,0.323740641
70.58666667,0.413152059
70.59,0.425460815
70.59333333,0.516738892
70.59666667,0.506947835
70.6,0.504608154
70.60333333,0.521525065
70.60666667,0.530771891
70.61,0.530441284
70.61333333,0.493464152
70.61666667,0.517222087
70.62,0.491653442
70.62333333,0.51763916
70.62666667,0.509918213
70.63,0.562240601
70.63333333,0.531845093
70.63666667,0.568196615
70.64,0.570388794
70.64333333,0.516418457
70.64666667,0.48302714
70.65,0.517044067
70.65333333,0.540415446
70.65666667,0.539352417
70.66,0.558547974
70.66333333,0.558578491
70.66666667,0.558598836
70.67,0.575500488
70.67333333,0.55178833
70.67666667,0.536422729
70.68,0.53817749
70.68333333,0.567118327
70.68666667,0.566029867
70.69,0.569396973
70.69333333,0.5362854
70.69666667,0.593353271
70.7,0.582580566
70.70333333,0.559351603
70.70666667,0.601771037
70.71,0.597167969
70.71333333,0.618433634
70.71666667,0.585988363
70.72,0.619247437
70.72333333,0.604563395
70.72666667,0.583073934
70.73,0.555236816
70.73333333,0.603510539
70.73666667,0.630269368
70.74,0.644775391
70.74333333,0.633794149
70.74666667,0.665568034
70.75,0.657653809
70.75333333,0.648188273
70.75666667,0.739435832
70.76,0.676361084
70.76333333,0.682622274
70.76666667,0.75978597
70.77,0.75604248
70.77333333,0.72164917
70.77666667,0.661732992
70.78,0.693862915
70.78333333,0.767313639
70.78666667,0.750940959
70.79,0.764007568
70.79333333,0.739766439
70.79666667,0.744557699
70.8,0.722961426
70.80333333,0.731943766
70.80666667,0.741816203
70.81,0.726699829
70.81333333,0.712163289
70.81666667,0.704065959
70.82,0.7006073
70.82333333,0.685872396
70.82666667,0.699534098
70.83,0.714981079
70.83333333,0.720469157
70.83666667,0.682556152
70.84,0.657272339
70.84333333,0.656626383
70.84666667,0.619181315
70.85,0.610961914
70.85333333,0.633138021
70.85666667,0.584945679
70.86,0.530929565
70.86333333,0.552190145
70.86666667,0.559895833
70.87,0.554855347
70.87333333,0.475646973
70.87666667,0.480484009
70.88,0.574523926
70.88333333,0.565617879
70.88666667,0.491073608
70.89,0.497329712
70.89333333,0.536509196
70.89666667,0.534861247
70.9,0.526504517
70.90333333,0.517532349
70.90666667,0.522181193
70.91,0.441238403
70.91333333,0.509216309
70.91666667,0.505828857
70.92,0.498062134
70.92333333,0.548461914
70.92666667,0.573811849
70.93,0.532562256
70.93333333,0.538152059
70.93666667,0.52826945
70.94,0.534866333
70.94333333,0.530802409
70.94666667,0.54657491
70.95,0.535888672
70.95333333,0.552602132
70.95666667,0.52520752
70.96,0.490661621
70.96333333,0.501856486
70.96666667,0.516916911
70.97,0.530258179
70.97333333,0.527943929
70.97666667,0.512654622
70.98,0.50100708
70.98333333,0.555903117
70.98666667,0.568222046
70.99,0.517623901
70.99333333,0.50592041
70.99666667,0.522028605
71,0.431060791
71.00333333,0.462814331
71.00666667,0.486119588
71.01,0.469619751
71.01333333,0.479136149
71.01666667,0.492095947
71.02,0.495101929
71.02333333,0.509017944
71.02666667,0.470321655
71.03,0.483642578
71.03333333,0.53314209
71.03666667,0.497166951
71.04,0.507537842
71.04333333,0.486211141
71.04666667,0.496047974
71.05,0.520629883
71.05333333,0.501276652
71.05666667,0.495564779
71.06,0.429153442
71.06333333,0.48210144
71.06666667,0.515797933
71.07,0.494949341
71.07333333,0.513941447
71.07666667,0.478240967
71.08,0.49571228
71.08333333,0.5250295
71.08666667,0.493708293
71.09,0.485931396
71.09333333,0.458669027
71.09666667,0.464243571
71.1,0.429229736
71.10333333,0.439839681
71.10666667,0.462651571
71.11,0.443740845
71.11333333,0.459513346
71.11666667,0.506566366
71.12,0.531555176
71.12333333,0.462692261
71.12666667,0.457260132
71.13,0.491455078
71.13333333,0.501124064
71.13666667,0.474110921
71.14,0.476013184
71.14333333,0.436757406
71.14666667,0.414794922
71.15,0.480499268
71.15333333,0.517995199
71.15666667,0.520131429
71.16,0.490020752
71.16333333,0.456034342
71.16666667,0.457763672
71.17,0.48109436
71.17333333,0.479914347
71.17666667,0.534332275
71.18,0.572509766
71.18333333,0.523325602
71.18666667,0.54540507
71.19,0.52305603
71.19333333,0.516281128
71.19666667,0.494455973
71.2,0.48576355
71.20333333,0.48012797
71.20666667,0.481328328
71.21,0.479614258
71.21333333,0.496983846
71.21666667,0.514017741
71.22,0.470535278
71.22333333,0.499476115
71.22666667,0.520553589
71.23,0.492584229
71.23333333,0.478693644
71.23666667,0.48441569
71.24,0.499176025
71.24333333,0.477595011
71.24666667,0.460871379
71.25,0.520324707
71.25333333,0.550145467
71.25666667,0.483342489
71.26,0.482772827
71.26333333,0.445617676
71.26666667,0.448989868
71.27,0.478347778
71.27333333,0.508961995
71.27666667,0.484237671
71.28,0.447250366
71.28333333,0.465749105
71.28666667,0.432261149
71.29,0.478485107
71.29333333,0.486557007
71.29666667,0.456181844
71.3,0.489883423
71.30333333,0.517730713
71.30666667,0.473734538
71.31,0.471435547
71.31333333,0.44048055
71.31666667,0.497105916
71.32,0.496429443
71.32333333,0.497609456
71.32666667,0.477035522
71.33,0.509674072
71.33333333,0.466918945
71.33666667,0.488382975
71.34,0.488052368
71.34333333,0.50600179
71.34666667,0.52498881
71.35,0.462799072
71.35333333,0.491800944
71.35666667,0.540908813
71.36,0.5337677
71.36333333,0.543126424
71.36666667,0.508524577
71.37,0.460357666
71.37333333,0.480855306
71.37666667,0.506861369
71.38,0.513061523
71.38333333,0.506134033
71.38666667,0.468256632
71.39,0.492050171
71.39333333,0.508575439
71.39666667,0.468785604
71.4,0.478820801
71.40333333,0.493255615
71.40666667,0.526621501
71.41,0.536239624
71.41333333,0.551183065
71.41666667,0.544611613
71.42,0.541000366
71.42333333,0.472478231
71.42666667,0.469914754
71.43,0.498977661
71.43333333,0.500793457
71.43666667,0.533437093
71.44,0.525527954
71.44333333,0.449330648
71.44666667,0.443908691
71.45,0.481948853
71.45333333,0.450597127
71.45666667,0.459676107
71.46,0.4584198
71.46333333,0.42721049
71.46666667,0.43123881
71.47,0.431533813
71.47333333,0.445460002
71.47666667,0.418543498
71.48,0.446334839
71.48333333,0.400136312
71.48666667,0.447611491
71.49,0.432281494
71.49333333,0.410064697
71.49666667,0.394414266
71.5,0.420761108
71.50333333,0.444956462
71.50666667,0.452123006
71.51,0.505477905
71.51333333,0.547490438
71.51666667,0.603815715
71.52,0.642410278
71.52333333,0.646565755
71.52666667,0.691157023
71.53,0.777008057
71.53333333,0.751597087
71.53666667,0.645614624
71.54,0.587768555
71.54333333,0.536015828
71.54666667,0.472798665
71.55,0.373764038
71.55333333,0.324040731
71.55666667,0.253529867
71.56,0.188537598
71.56333333,0.166514079
71.56666667,0.151240031
71.57,0.216964722
71.57333333,0.229085286
71.57666667,0.303929647
71.58,0.381057739
71.58333333,0.401433309
71.58666667,0.404973348
71.59,0.421737671
71.59333333,0.49214681
71.59666667,0.507303874
71.6,0.486602783
71.60333333,0.475357056
71.60666667,0.504857381
71.61,0.520446777
71.61333333,0.492416382
71.61666667,0.492172241
71.62,0.4662323
71.62333333,0.537119548
71.62666667,0.518112183
71.63,0.558135986
71.63333333,0.549468994
71.63666667,0.549891154
71.64,0.543716431
71.64333333,0.543640137
71.64666667,0.54137675
71.65,0.515289307
71.65333333,0.55061849
71.65666667,0.524302165
71.66,0.495391846
71.66333333,0.508387248
71.66666667,0.53876241
71.67,0.522445679
71.67333333,0.537389119
71.67666667,0.515070597
71.68,0.52192688
71.68333333,0.503692627
71.68666667,0.522226969
71.69,0.588760376
71.69333333,0.569315592
71.69666667,0.536031087
71.7,0.56388855
71.70333333,0.5590566
71.70666667,0.581751506
71.71,0.56350708
71.71333333,0.542556763
71.71666667,0.597585042
71.72,0.614578247
71.72333333,0.58690389
71.72666667,0.561940511
71.73,0.607635498
71.73333333,0.632553101
71.73666667,0.607518514
71.74,0.597885132
71.74333333,0.586995443
71.74666667,0.589955648
71.75,0.614929199
71.75333333,0.634902954
71.75666667,0.644104004
71.76,0.666687012
71.76333333,0.682108561
71.76666667,0.653762817
71.77,0.670639038
71.77333333,0.677805583
71.77666667,0.691975911
71.78,0.710403442
71.78333333,0.687408447
71.78666667,0.718800863
71.79,0.749267578
71.79333333,0.718994141
71.79666667,0.722361247
71.8,0.718612671
71.80333333,0.708943685
71.80666667,0.69023641
71.81,0.743347168
71.81333333,0.706222534
71.81666667,0.712738037
71.82,0.690414429
71.82333333,0.703023275
71.82666667,0.662734985
71.83,0.665542603
71.83333333,0.620142619
71.83666667,0.578903198
71.84,0.573745728
71.84333333,0.553578695
71.84666667,0.603439331
71.85,0.552825928
71.85333333,0.53608195
71.85666667,0.508626302
71.86,0.549102783
71.86333333,0.512049357
71.86666667,0.523681641
71.87,0.503860474
71.87333333,0.471455892
71.87666667,0.442804972
71.88,0.474899292
71.88333333,0.472768148
71.88666667,0.403676351
71.89,0.479507446
71.89333333,0.452184041
71.89666667,0.414189657
71.9,0.429153442
71.90333333,0.462865194
71.90666667,0.424367269
71.91,0.416549683
71.91333333,0.374038696
71.91666667,0.414530436
71.92,0.410583496
71.92333333,0.471583049
71.92666667,0.42292277
71.93,0.397781372
71.93333333,0.383682251
71.93666667,0.45030721
71.94,0.44203186
71.94333333,0.425348918
71.94666667,0.398513794
71.95,0.467453003
71.95333333,0.426539103
71.95666667,0.406865438
71.96,0.403015137
71.96333333,0.427164714
71.96666667,0.439580282
71.97,0.45022583
71.97333333,0.412333171
71.97666667,0.380503337
71.98,0.440689087
71.98333333,0.487569173
71.98666667,0.47984314
71.99,0.436157227
71.99333333,0.436767578
71.99666667,0.455383301
72,0.469207764
72.00333333,0.464828491
72.00666667,0.466918945
72.01,0.424591064
72.01333333,0.460657756
72.01666667,0.517578125
72.02,0.471862793
72.02333333,0.44124349
72.02666667,0.439865112
72.03,0.480957031
72.03333333,0.46719869
72.03666667,0.520680745
72.04,0.461639404
72.04333333,0.454981486
72.04666667,0.498545329
72.05,0.47744751
72.05333333,0.465560913
72.05666667,0.45811971
72.06,0.492965698
72.06333333,0.494089762
72.06666667,0.464452108
72.07,0.48348999
72.07333333,0.463862101
72.07666667,0.469828288
72.08,0.483306885
72.08333333,0.482940674
72.08666667,0.452926636
72.09,0.472091675
72.09333333,0.48127238
72.09666667,0.412180583
72.1,0.382156372
72.10333333,0.459732056
72.10666667,0.459014893
72.11,0.457595825
72.11333333,0.463867188
72.11666667,0.447591146
72.12,0.471817017
72.12333333,0.466059367
72.12666667,0.508666992
72.13,0.503128052
72.13333333,0.48248291
72.13666667,0.440368652
72.14,0.432159424
72.14333333,0.480621338
72.14666667,0.499150594
72.15,0.516357422
72.15333333,0.477223714
72.15666667,0.46832784
72.16,0.477935791
72.16333333,0.456980387
72.16666667,0.456110636
72.17,0.467910767
72.17333333,0.480829875
72.17666667,0.47354126
72.18,0.459091187
72.18333333,0.454305013
72.18666667,0.441731771
72.19,0.466018677
72.19333333,0.462834676
72.19666667,0.487335205
72.2,0.498809814
72.20333333,0.474878947
72.20666667,0.460947673
72.21,0.450408936
72.21333333,0.418085734
72.21666667,0.464630127
72.22,0.519515991
72.22333333,0.479868571
72.22666667,0.532424927
72.23,0.508285522
72.23333333,0.489679972
72.23666667,0.489552816
72.24,0.517944336
72.24333333,0.521962484
72.24666667,0.489883423
72.25,0.466918945
72.25333333,0.459747314
72.25666667,0.524129232
72.26,0.484100342
72.26333333,0.463160197
72.26666667,0.430603027
72.27,0.486694336
72.27333333,0.47303772
72.27666667,0.467987061
72.28,0.477752686
72.28333333,0.467351278
72.28666667,0.488138835
72.29,0.497283936
72.29333333,0.46774292
72.29666667,0.479970296
72.3,0.488586426
72.30333333,0.522221883
72.30666667,0.468256632
72.31,0.477645874
72.31333333,0.502009074
72.31666667,0.455754598
72.32,0.490066528
72.32333333,0.514399211
72.32666667,0.516728719
72.33,0.518783569
72.33333333,0.462977091
72.33666667,0.495702108
72.34,0.506729126
72.34333333,0.514994303
72.34666667,0.481867472
72.35,0.475921631
72.35333333,0.480982463
72.35666667,0.490646362
72.36,0.492416382
72.36333333,0.460652669
72.36666667,0.454152425
72.37,0.495727539
72.37333333,0.463328044
72.37666667,0.448125203
72.38,0.464126587
72.38333333,0.463867188
72.38666667,0.487508138
72.39,0.503692627
72.39333333,0.470677694
72.39666667,0.445251465
72.4,0.490341187
72.40333333,0.430658976
72.40666667,0.421081543
72.41,0.409927368
72.41333333,0.427505493
72.41666667,0.471369425
72.42,0.434173584
72.42333333,0.423639933
72.42666667,0.4090271
72.43,0.437393188
72.43333333,0.423355103
72.43666667,0.462376912
72.44,0.450958252
72.44333333,0.443939209
72.44666667,0.418741862
72.45,0.414962769
72.45333333,0.437708537
72.45666667,0.376637777
72.46,0.392059326
72.46333333,0.416478475
72.46666667,0.433451335
72.47,0.407363892
72.47333333,0.437133789
72.47666667,0.434621175
72.48,0.397979736
72.48333333,0.4002889
72.48666667,0.397888184
72.49,0.42515564
72.49333333,0.483184814
72.49666667,0.528625488
72.5,0.602722168
72.50333333,0.58320109
72.50666667,0.661895752
72.51,0.70022583
72.51333333,0.656804403
72.51666667,0.605570475
72.52,0.578109741
72.52333333,0.489283244
72.52666667,0.517074585
72.53,0.326126099
72.53333333,0.277938843
72.53666667,0.159408569
72.54,0.088500977
72.54333333,0.101435343
72.54666667,0.071207682
72.55,0.166320801
72.55333333,0.264475505
72.55666667,0.229741414
72.56,0.300079346
72.56333333,0.362309774
72.56666667,0.393778483
72.57,0.372741699
72.57333333,0.352727254
72.57666667,0.362075806
72.58,0.419174194
72.58333333,0.424957275
72.58666667,0.452672323
72.59,0.44152832
72.59333333,0.429992676
72.59666667,0.424540202
72.6,0.434951782
72.60333333,0.411956787
72.60666667,0.413925171
72.61,0.432830811
72.61333333,0.428955078
72.61666667,0.426177979
72.62,0.453887939
72.62333333,0.473810832
72.62666667,0.456410726
72.63,0.450698853
72.63333333,0.449752808
72.63666667,0.442784627
72.64,0.471969604
72.64333333,0.452870687
72.64666667,0.47420756
72.65,0.48576355
72.65333333,0.446919759
72.65666667,0.464920044
72.66,0.487747192
72.66333333,0.477254232
72.66666667,0.495910645
72.67,0.506607056
72.67333333,0.428009033
72.67666667,0.449061076
72.68,0.483566284
72.68333333,0.460077922
72.68666667,0.451334635
72.69,0.510253906
72.69333333,0.515914917
72.69666667,0.539154053
72.7,0.491333008
72.70333333,0.473424276
72.70666667,0.482528687
72.71,0.574417114
72.71333333,0.585413615
72.71666667,0.588200887
72.72,0.591156006
72.72333333,0.591934204
72.72666667,0.587819417
72.73,0.570877075
72.73333333,0.598042806
72.73666667,0.581675212
72.74,0.587142944
72.74333333,0.600509644
72.74666667,0.633666992
72.75,0.621795654
72.75333333,0.639205933
72.75666667,0.623998006
72.76,0.608169556
72.76333333,0.619817098
72.76666667,0.6396993
72.77,0.648025513
72.77333333,0.667922974
72.77666667,0.636367798
72.78,0.638748169
72.78333333,0.62810262
72.78666667,0.646738688
72.79,0.595214844
72.79333333,0.601389567
72.79666667,0.619644165
72.8,0.634841919
72.80333333,0.549596151
72.80666667,0.52255249
72.81,0.52961731
72.81333333,0.525060018
72.81666667,0.551401774
72.82,0.505813599
72.82333333,0.496632894
72.82666667,0.491785685
72.83,0.494445801
72.83333333,0.458908081
72.83666667,0.45068868
72.84,0.447769165
72.84333333,0.387308757
72.84666667,0.404424032
72.85,0.428237915
72.85333333,0.460194906
72.85666667,0.462697347
72.86,0.412750244
72.86333333,0.371368408
72.86666667,0.405629476
72.87,0.428482056
72.87333333,0.398361206
72.87666667,0.340494792
72.88,0.42414856
72.88333333,0.414428711
72.88666667,0.390955607
72.89,0.410186768
72.89333333,0.410603841
72.89666667,0.417877197
72.9,0.445480347
72.90333333,0.442387899
72.90666667,0.418558757
72.91,0.390441895
72.91333333,0.461639404
72.91666667,0.428263346
72.92,0.423446655
72.92333333,0.479710897
72.92666667,0.448033651
72.93,0.462875366
72.93333333,0.462214152
72.93666667,0.454345703
72.94,0.45489502
72.94333333,0.426752726
72.94666667,0.46929423
72.95,0.449295044
72.95333333,0.464482625
72.95666667,0.430964152
72.96,0.417510986
72.96333333,0.442392985
72.96666667,0.467554728
72.97,0.472320557
72.97333333,0.454025269
72.97666667,0.461181641
72.98,0.46446228
72.98333333,0.469284058
72.98666667,0.514450073
72.99,0.514694214
72.99333333,0.434911092
72.99666667,0.454126994
73,0.440216064
73.00333333,0.503941854
73.00666667,0.473230998
73.01,0.467880249
73.01333333,0.471374512
73.01666667,0.429840088
73.02,0.417449951
73.02333333,0.43317159
73.02666667,0.413619995
73.03,0.409515381
73.03333333,0.422439575
73.03666667,0.435963949
73.04,0.462036133
73.04333333,0.445912679
73.04666667,0.461380005
73.05,0.501556396
73.05333333,0.480204264
73.05666667,0.43556722
73.06,0.502532959
73.06333333,0.516031901
73.06666667,0.476328532
73.07,0.464584351
73.07333333,0.475102743
73.07666667,0.452926636
73.08,0.507461548
73.08333333,0.477727254
73.08666667,0.484619141
73.09,0.505828857
73.09333333,0.531107585
73.09666667,0.491760254
73.1,0.475311279
73.10333333,0.526972453
73.10666667,0.466547648
73.11,0.488723755
73.11333333,0.452153524
73.11666667,0.489781698
73.12,0.498474121
73.12333333,0.49122111
73.12666667,0.473047892
73.13,0.476455688
73.13333333,0.449473063
73.13666667,0.43594869
73.14,0.509033203
73.14333333,0.490325928
73.14666667,0.447397868
73.15,0.483779907
73.15333333,0.467697144
73.15666667,0.45223999
73.16,0.501480103
73.16333333,0.468719482
73.16666667,0.481033325
73.17,0.468933105
73.17333333,0.453816732
73.17666667,0.477249146
73.18,0.437255859
73.18333333,0.449193319
73.18666667,0.49768575
73.19,0.51675415
73.19333333,0.491363525
73.19666667,0.449142456
73.2,0.420913696
73.20333333,0.455841064
73.20666667,0.486592611
73.21,0.462387085
73.21333333,0.470021566
73.21666667,0.43741862
73.22,0.47833252
73.22333333,0.441121419
73.22666667,0.471552531
73.23,0.419570923
73.23333333,0.412750244
73.23666667,0.44376119
73.24,0.445709229
73.24333333,0.425735474
73.24666667,0.441523234
73.25,0.46005249
73.25333333,0.432373047
73.25666667,0.431442261
73.26,0.477630615
73.26333333,0.46097819
73.26666667,0.372950236
73.27,0.373916626
73.27333333,0.364232381
73.27666667,0.39050293
73.28,0.464233398
73.28333333,0.432612101
73.28666667,0.444269816
73.29,0.433013916
73.29333333,0.423065186
73.29666667,0.429718018
73.3,0.395050049
73.30333333,0.447733561
73.30666667,0.496805827
73.31,0.449859619
73.31333333,0.454915365
73.31666667,0.442097982
73.32,0.417663574
73.32333333,0.412139893
73.32666667,0.403696696
73.33,0.447265625
73.33333333,0.407028198
73.33666667,0.423553467
73.34,0.414581299
73.34333333,0.392298381
73.34666667,0.418187459
73.35,0.43800354
73.35333333,0.417561849
73.35666667,0.454371134
73.36,0.518371582
73.36333333,0.498855591
73.36666667,0.464274089
73.37,0.439208984
73.37333333,0.447067261
73.37666667,0.456029256
73.38,0.459136963
73.38333333,0.466740926
73.38666667,0.487335205
73.39,0.488357544
73.39333333,0.473378499
73.39666667,0.515884399
73.4,0.535964966
73.40333333,0.531707764
73.40666667,0.566238403
73.41,0.518234253
73.41333333,0.508946737
73.41666667,0.503540039
73.42,0.50994873
73.42333333,0.515940348
73.42666667,0.502522786
73.43,0.452285767
73.43333333,0.445760091
73.43666667,0.462331136
73.44,0.444488525
73.44333333,0.41124471
73.44666667,0.442982992
73.45,0.446395874
73.45333333,0.455973307
73.45666667,0.493647257
73.46,0.500152588
73.46333333,0.451807658
73.46666667,0.458831787
73.47,0.434326172
73.47333333,0.537287394
73.47666667,0.448145549
73.48,0.462310791
73.48333333,0.462443034
73.48666667,0.492289225
73.49,0.479232788
73.49333333,0.450576782
73.49666667,0.430577596
73.5,0.484466553
73.50333333,0.499674479
73.50666667,0.550552368
73.51,0.577911377
73.51333333,0.622166951
73.51666667,0.71589152
73.52,0.71081543
73.52333333,0.698354085
73.52666667,0.685068766
73.53,0.618301392
73.53333333,0.561854045
73.53666667,0.546646118
73.54,0.561203003
73.54333333,0.363077799
73.54666667,0.312271118
73.55,0.23475647
73.55333333,0.201202393
73.55666667,0.164174398
73.56,0.224685669
73.56333333,0.250696818
73.56666667,0.344467163
73.57,0.420562744
73.57333333,0.415181478
73.57666667,0.489664714
73.58,0.50050354
73.58333333,0.474421183
73.58666667,0.482793172
73.59,0.50352478
73.59333333,0.484003703
73.59666667,0.473363241
73.6,0.473327637
73.60333333,0.49844869
73.60666667,0.533788045
73.61,0.51449585
73.61333333,0.502726237
73.61666667,0.506312052
73.62,0.487365723
73.62333333,0.540100098
73.62666667,0.544265747
73.63,0.556182861
73.63333333,0.519053141
73.63666667,0.578272502
73.64,0.552261353
73.64333333,0.553431193
73.64666667,0.486653646
73.65,0.493774414
73.65333333,0.579188029
73.65666667,0.539128621
73.66,0.496353149
73.66333333,0.557357788
73.66666667,0.563557943
73.67,0.565734863
73.67333333,0.544474284
73.67666667,0.568684896
73.68,0.526855469
73.68333333,0.531641642
73.68666667,0.502807617
73.69,0.521697998
73.69333333,0.52969869
73.69666667,0.583053589
73.7,0.561676025
73.70333333,0.569915771
73.70666667,0.578699748
73.71,0.557769775
73.71333333,0.588058472
73.71666667,0.568364461
73.72,0.556762695
73.72333333,0.585179647
73.72666667,0.601425171
73.73,0.611557007
73.73333333,0.608317057
73.73666667,0.593505859
73.74,0.591415405
73.74333333,0.598866781
73.74666667,0.646270752
73.75,0.608825684
73.75333333,0.653910319
73.75666667,0.623296102
73.76,0.680435181
73.76333333,0.631729126
73.76666667,0.640487671
73.77,0.684890747
73.77333333,0.665425618
73.77666667,0.71522522
73.78,0.696609497
73.78333333,0.683771769
73.78666667,0.668146769
73.79,0.702667236
73.79333333,0.70467631
73.79666667,0.687393188
73.8,0.709075928
73.80333333,0.670913696
73.80666667,0.725753784
73.81,0.667266846
73.81333333,0.655995687
73.81666667,0.659764608
73.82,0.612579346
73.82333333,0.610310872
73.82666667,0.620244344
73.83,0.591659546
73.83333333,0.609970093
73.83666667,0.548517863
73.84,0.539489746
73.84333333,0.507741292
73.84666667,0.511723836
73.85,0.494537354
73.85333333,0.452596029
73.85666667,0.427739461
73.86,0.374160767
73.86333333,0.408406576
73.86666667,0.364151001
73.87,0.364685059
73.87333333,0.406763713
73.87666667,0.402542114
73.88,0.395828247
73.88333333,0.365549723
73.88666667,0.409327189
73.89,0.404449463
73.89333333,0.428476969
73.89666667,0.403778076
73.9,0.367584229
73.90333333,0.384251912
73.90666667,0.39612325
73.91,0.389831543
73.91333333,0.397679647
73.91666667,0.460688273
73.92,0.381500244
73.92333333,0.338872274
73.92666667,0.332021077
73.93,0.363723755
73.93333333,0.319442749
73.93666667,0.383199056
73.94,0.402282715
73.94333333,0.388590495
73.94666667,0.387435913
73.95,0.391769409
73.95333333,0.400685628
73.95666667,0.368581136
73.96,0.391693115
73.96333333,0.388793945
73.96666667,0.414428711
73.97,0.38130188
73.97333333,0.410522461
73.97666667,0.404561361
73.98,0.381713867
73.98333333,0.416514079
73.98666667,0.37810262
73.99,0.433074951
73.99333333,0.415659587
73.99666667,0.4034729
74,0.40397644
74.00333333,0.366856893
74.00666667,0.402882894
74.01,0.380615234
74.01333333,0.425333659
74.01666667,0.434570313
74.02,0.395385742
74.02333333,0.38365682
74.02666667,0.427607218
74.03,0.36605835
74.03333333,0.381800334
74.03666667,0.375915527
74.04,0.397262573
74.04333333,0.363108317
74.04666667,0.348144531
74.05,0.357284546
74.05333333,0.371968587
74.05666667,0.361557007
74.06,0.363952637
74.06333333,0.32228597
74.06666667,0.351435343
74.07,0.376586914
74.07333333,0.33190918
74.07666667,0.332646688
74.08,0.33656311
74.08333333,0.303522746
74.08666667,0.289967855
74.09,0.345397949
74.09333333,0.316614787
74.09666667,0.396687826
74.1,0.372695923
74.10333333,0.381510417
74.10666667,0.362213135
74.11,0.399841309
74.11333333,0.38554891
74.11666667,0.369517008
74.12,0.394470215
74.12333333,0.365600586
74.12666667,0.357706706
74.13,0.373153687
74.13333333,0.365727743
74.13666667,0.353713989
74.14,0.386047363
74.14333333,0.376958211
74.14666667,0.391657511
74.15,0.396347046
74.15333333,0.39743042
74.15666667,0.389389038
74.16,0.368408203
74.16333333,0.370773315
74.16666667,0.323232015
74.17,0.380096436
74.17333333,0.399113973
74.17666667,0.355036418
74.18,0.329589844
74.18333333,0.312271118
74.18666667,0.366256714
74.19,0.390380859
74.19333333,0.377182007
74.19666667,0.403203328
74.2,0.40763855
74.20333333,0.37638855
74.20666667,0.402577718
74.21,0.392242432
74.21333333,0.338302612
74.21666667,0.401280721
74.22,0.438537598
74.22333333,0.374501546
74.22666667,0.386260986
74.23,0.398971558
74.23333333,0.394439697
74.23666667,0.415471395
74.24,0.442153931
74.24333333,0.446258545
74.24666667,0.430333455
74.25,0.407028198
74.25333333,0.392293294
74.25666667,0.411432902
74.26,0.438247681
74.26333333,0.428858439
74.26666667,0.405807495
74.27,0.415649414
74.27333333,0.389109294
74.27666667,0.429219564
74.28,0.416625977
74.28333333,0.401814779
74.28666667,0.403233846
74.29,0.411804199
74.29333333,0.448013306
74.29666667,0.38021342
74.3,0.429534912
74.30333333,0.439427694
74.30666667,0.476053874
74.31,0.42326355
74.31333333,0.415120443
74.31666667,0.41982015
74.32,0.439147949
74.32333333,0.426635742
74.32666667,0.416890462
74.33,0.473739624
74.33333333,0.449117025
74.33666667,0.438110352
74.34,0.422363281
74.34333333,0.454655965
74.34666667,0.416244507
74.35,0.450057983
74.35333333,0.429153442
74.35666667,0.486923218
74.36,0.430892944
74.36333333,0.434921265
74.36666667,0.41692098
74.37,0.422409058
74.37333333,0.420237223
74.37666667,0.425928752
74.38,0.425643921
74.38333333,0.445480347
74.38666667,0.415217082
74.39,0.407592773
74.39333333,0.455591838
74.39666667,0.430369059
74.4,0.439834595
74.40333333,0.417811076
74.40666667,0.478988647
74.41,0.42539978
74.41333333,0.455251058
74.41666667,0.442377726
74.42,0.440856934
74.42333333,0.467641195
74.42666667,0.466517131
74.43,0.437164307
74.43333333,0.47475179
74.43666667,0.4784139
74.44,0.470504761
74.44333333,0.47849528
74.44666667,0.445877075
74.45,0.467147827
74.45333333,0.462626139
74.45666667,0.416132609
74.46,0.427886963
74.46333333,0.434753418
74.46666667,0.438690186
74.47,0.417160034
74.47333333,0.379536947
74.47666667,0.36177063
74.48,0.43006897
74.48333333,0.415980021
74.48666667,0.447799683
74.49,0.367660522
74.49333333,0.358088175
74.49666667,0.375132243
74.5,0.357818604
74.50333333,0.370503743
74.50666667,0.417739868
74.51,0.373855591
74.51333333,0.38659668
74.51666667,0.424575806
74.52,0.400222778
74.52333333,0.425587972
74.52666667,0.369008382
74.53,0.407577515
74.53333333,0.425720215
74.53666667,0.423782349
74.54,0.467956543
74.54333333,0.504099528
74.54666667,0.539311727
74.55,0.624008179
74.55333333,0.62878418
74.55666667,0.69106547
74.56,0.7162323
74.56333333,0.695561727
74.56666667,0.646286011
74.57,0.586685181
74.57333333,0.509699504
74.57666667,0.465942383
74.58,0.374740601
74.58333333,0.294621785
74.58666667,0.188690186
74.59,0.140274048
74.59333333,0.099411011
74.59666667,0.138193766
74.6,0.177764893
74.60333333,0.247721354
74.60666667,0.389877319
74.61,0.413009644
74.61333333,0.406077067
74.61666667,0.449473063
74.62,0.423858643
74.62333333,0.432830811
74.62666667,0.450709025
74.63,0.438461304
74.63333333,0.470657349
74.63666667,0.451965332
74.64,0.437271118
74.64333333,0.437062581
74.64666667,0.455978394
74.65,0.439605713
74.65333333,0.441945394
74.65666667,0.480189006
74.66,0.456039429
74.66333333,0.49744161
74.66666667,0.528081258
74.67,0.522445679
74.67333333,0.477315267
74.67666667,0.458216349
74.68,0.451461792
74.68333333,0.456161499
74.68666667,0.524632772
74.69,0.500442505
74.69333333,0.478581746
74.69666667,0.494089762
74.7,0.469741821
74.70333333,0.519526164
74.70666667,0.518066406
74.71,0.516403198
74.71333333,0.533493042
74.71666667,0.550791423
74.72,0.530975342
74.72333333,0.505620321
74.72666667,0.521458944
74.73,0.538116455
74.73333333,0.529403687
74.73666667,0.554453532
74.74,0.557510376
74.74333333,0.521392822
74.74666667,0.507873535
74.75,0.569915771
74.75333333,0.537389119
74.75666667,0.541793823
74.76,0.597229004
74.76333333,0.56918335
74.76666667,0.582987467
74.77,0.594711304
74.77333333,0.622299194
74.77666667,0.592010498
74.78,0.559860229
74.78333333,0.629552205
74.78666667,0.60727946
74.79,0.635482788
74.79333333,0.638987223
74.79666667,0.579925537
74.8,0.598831177
74.80333333,0.663345337
74.80666667,0.632166545
74.81,0.634475708
74.81333333,0.642542521
74.81666667,0.651931763
74.82,0.704315186
74.82333333,0.672465007
74.82666667,0.69960022
74.83,0.662307739
74.83333333,0.619506836
74.83666667,0.636795044
74.84,0.653533936
74.84333333,0.660451253
74.84666667,0.63168335
74.85,0.626602173
74.85333333,0.634099325
74.85666667,0.661529541
74.86,0.588745117
74.86333333,0.562591553
74.86666667,0.555648804
74.87,0.514343262
74.87333333,0.615610758
74.87666667,0.53221639
74.88,0.507156372
74.88333333,0.474828084
74.88666667,0.482849121
74.89,0.472885132
74.89333333,0.475346883
74.89666667,0.472432454
74.9,0.465240479
74.90333333,0.423878988
74.90666667,0.403615316
74.91,0.414779663
74.91333333,0.428476969
74.91666667,0.42737325
74.92,0.419311523
74.92333333,0.416514079
74.92666667,0.421951294
74.93,0.428894043
74.93333333,0.426762899
74.93666667,0.447977702
74.94,0.414962769
74.94333333,0.443562826
74.94666667,0.426071167
74.95,0.431442261
74.95333333,0.419204712
74.95666667,0.430409749
74.96,0.386184692
74.96333333,0.421885173
74.96666667,0.42582194
74.97,0.404510498
74.97333333,0.448654175
74.97666667,0.474955241
74.98,0.442428589
74.98333333,0.489527384
74.98666667,0.440043132
74.99,0.405456543
74.99333333,0.348169963
74.99666667,0.338124593
75,0.324249268
75.00333333,0.374949137
75.00666667,0.425857544
75.01,0.386230469
75.01333333,0.373341878
75.01666667,0.402196248
75.02,0.37701416
75.02333333,0.444173177
75.02666667,0.422734578
75.03,0.408309937
75.03333333,0.379257202
75.03666667,0.448420207
75.04,0.434783936
75.04333333,0.403889974
75.04666667,0.45346578
75.05,0.390930176
75.05333333,0.411173503
75.05666667,0.430170695
75.06,0.401016235
75.06333333,0.44035848
75.06666667,0.42485555
75.07,0.393096924
75.07333333,0.404347738
75.07666667,0.414347331
75.08,0.410476685
75.08333333,0.389734904
75.08666667,0.397216797
75.09,0.384933472
75.09333333,0.40729777
75.09666667,0.356165568
75.1,0.348358154
75.10333333,0.401046753
75.10666667,0.398895264
75.11,0.389770508
75.11333333,0.34580485
75.11666667,0.359725952
75.12,0.359695435
75.12333333,0.398300171
75.12666667,0.398712158
75.13,0.406524658
75.13333333,0.373357137
75.13666667,0.356089274
75.14,0.342071533
75.14333333,0.35295105
75.14666667,0.32019043
75.15,0.453186035
75.15333333,0.430511475
75.15666667,0.390757243
75.16,0.394119263
75.16333333,0.338109334
75.16666667,0.370279948
75.17,0.378570557
75.17333333,0.400553385
75.17666667,0.376235962
75.18,0.395278931
75.18333333,0.414047241
75.18666667,0.379923503
75.19,0.332244873
75.19333333,0.334325155
75.19666667,0.366063436
75.2,0.382537842
75.20333333,0.394429525
75.20666667,0.385747274
75.21,0.350357056
75.21333333,0.363347371
75.21666667,0.392506917
75.22,0.346679688
75.22333333,0.371007284
75.22666667,0.36424764
75.23,0.36831665
75.23333333,0.373408
75.23666667,0.348409017
75.24,0.376739502
75.24333333,0.373881022
75.24666667,0.313954671
75.25,0.304794312
75.25333333,0.335276286
75.25666667,0.321477254
75.26,0.33807373
75.26333333,0.376200358
75.26666667,0.373662313
75.27,0.359649658
75.27333333,0.330535889
75.27666667,0.370112101
75.28,0.372406006
75.28333333,0.36219279
75.28666667,0.353017171
75.29,0.401947021
75.29333333,0.381235758
75.29666667,0.369288127
75.3,0.385131836
75.30333333,0.400441488
75.30666667,0.372390747
75.31,0.402709961
75.31333333,0.414515177
75.31666667,0.40049235
75.32,0.412567139
75.32333333,0.404917399
75.32666667,0.419133504
75.33,0.415267944
75.33333333,0.416183472
75.33666667,0.398351034
75.34,0.406036377
75.34333333,0.38323466
75.34666667,0.412907918
75.35,0.40725708
75.35333333,0.372858683
75.35666667,0.439346313
75.36,0.445266724
75.36333333,0.445124308
75.36666667,0.427576701
75.37,0.43170166
75.37333333,0.423355103
75.37666667,0.406377157
75.38,0.40838623
75.38333333,0.401229858
75.38666667,0.392664591
75.39,0.362808228
75.39333333,0.400100708
75.39666667,0.373560588
75.4,0.404129028
75.40333333,0.423558553
75.40666667,0.388376872
75.41,0.356491089
75.41333333,0.399897257
75.41666667,0.378799438
75.42,0.414627075
75.42333333,0.410644531
75.42666667,0.365468343
75.43,0.390518188
75.43333333,0.387573242
75.43666667,0.339457194
75.44,0.443344116
75.44333333,0.392415365
75.44666667,0.448140462
75.45,0.445327759
75.45333333,0.37634786
75.45666667,0.409367879
75.46,0.466766357
75.46333333,0.412699382
75.46666667,0.448481242
75.47,0.413162231
75.47333333,0.418075562
75.47666667,0.464508057
75.48,0.4503479
75.48333333,0.439325968
75.48666667,0.394846598
75.49,0.425003052
75.49333333,0.410552979
75.49666667,0.39680481
75.5,0.366973877
75.50333333,0.423756917
75.50666667,0.373275757
75.51,0.35760498
75.51333333,0.357701619
75.51666667,0.358403524
75.52,0.331542969
75.52333333,0.381357829
75.52666667,0.395614624
75.53,0.374435425
75.53333333,0.354283651
75.53666667,0.333694458
75.54,0.362640381
75.54333333,0.367802938
75.54666667,0.32236735
75.55,0.353012085
75.55333333,0.349833171
75.55666667,0.344889323
75.56,0.365768433
75.56333333,0.349741618
75.56666667,0.398686727
75.57,0.50970459
75.57333333,0.545588175
75.57666667,0.580276489
75.58,0.615356445
75.58333333,0.741195679
75.58666667,0.682367961
75.59,0.670806885
75.59333333,0.560760498
75.59666667,0.502990723
75.6,0.516967773
75.60333333,0.387491862
75.60666667,0.335759481
75.61,0.21661377
75.61333333,0.142817179
75.61666667,0.103785197
75.62,0.084075928
75.62333333,0.083669027
75.62666667,0.160161336
75.63,0.2527771
75.63333333,0.276667277
75.63666667,0.342966715
75.64,0.39289856
75.64333333,0.403559367
75.64666667,0.402572632
75.65,0.41633606
75.65333333,0.414896647
75.65666667,0.432637533
75.66,0.462844849
75.66333333,0.422520955
75.66666667,0.383377075
75.67,0.425933838
75.67333333,0.455337524
75.67666667,0.410507202
75.68,0.421173096
75.68333333,0.428263346
75.68666667,0.474187215
75.69,0.482406616
75.69333333,0.528315226
75.69666667,0.504908244
75.7,0.525894165
75.70333333,0.461146037
75.70666667,0.465235392
75.71,0.468612671
75.71333333,0.525761922
75.71666667,0.487263997
75.72,0.510955811
75.72333333,0.52784729
75.72666667,0.501841227
75.73,0.472518921
75.73333333,0.523529053
75.73666667,0.491663615
75.74,0.477325439
75.74333333,0.490910848
75.74666667,0.508839925
75.75,0.535964966
75.75333333,0.515818278
75.75666667,0.487065633
75.76,0.52482605
75.76333333,0.564966838
75.76666667,0.5199941
75.77,0.504302979
75.77333333,0.521835327
75.77666667,0.526311239
75.78,0.558776855
75.78333333,0.551528931
75.78666667,0.581354777
75.79,0.576095581
75.79333333,0.585372925
75.79666667,0.579859416
75.8,0.568008423
75.80333333,0.570088704
75.80666667,0.595647176
75.81,0.635986328
75.81333333,0.617787679
75.81666667,0.671615601
75.82,0.619262695
75.82333333,0.604176839
75.82666667,0.643544515
75.83,0.607192993
75.83333333,0.614039103
75.83666667,0.644322713
75.84,0.676239014
75.84333333,0.653869629
75.84666667,0.658457438
75.85,0.660018921
75.85333333,0.666061401
75.85666667,0.668334961
75.86,0.692062378
75.86333333,0.688873291
75.86666667,0.683186849
75.87,0.70211792
75.87333333,0.631551107
75.87666667,0.62000529
75.88,0.591949463
75.88333333,0.620066325
75.88666667,0.608561198
75.89,0.574066162
75.89333333,0.556259155
75.89666667,0.507919312
75.9,0.521850586
75.90333333,0.513605754
75.90666667,0.529627482
75.91,0.473220825
75.91333333,0.521753947
75.91666667,0.528335571
75.92,0.452606201
75.92333333,0.40981547
75.92666667,0.449320475
75.93,0.475723267
75.93333333,0.478388468
75.93666667,0.456710815
75.94,0.437561035
75.94333333,0.450785319
75.94666667,0.443990072
75.95,0.434112549
75.95333333,0.433039347
75.95666667,0.440500895
75.96,0.452102661
75.96333333,0.460886637
75.96666667,0.464757284
75.97,0.429641724
75.97333333,0.451950073
75.97666667,0.445963542
75.98,0.464172363
75.98333333,0.453440348
75.98666667,0.42477417
75.99,0.428833008
75.99333333,0.431940715
75.99666667,0.420806885
76,0.452041626
76.00333333,0.447550456
76.00666667,0.412862142
76.01,0.40145874
76.01333333,0.417419434
76.01666667,0.421473185
76.02,0.368026733
76.02333333,0.401265462
76.02666667,0.388514201
76.03,0.378570557
76.03333333,0.360819499
76.03666667,0.407282511
76.04,0.337615967
76.04333333,0.420842489
76.04666667,0.43641154
76.05,0.422668457
76.05333333,0.427419027
76.05666667,0.420776367
76.06,0.439804077
76.06333333,0.399637858
76.06666667,0.40880839
76.07,0.385971069
76.07333333,0.376856486
76.07666667,0.478566488
76.08,0.406524658
76.08333333,0.453567505
76.08666667,0.462295532
76.09,0.456817627
76.09333333,0.426015218
76.09666667,0.399353027
76.1,0.392990112
76.10333333,0.426218669
76.10666667,0.394795736
76.11,0.424957275
76.11333333,0.413945516
76.11666667,0.397669474
76.12,0.436325073
76.12333333,0.41460673
76.12666667,0.40872701
76.13,0.405609131
76.13333333,0.412063599
76.13666667,0.397654215
76.14,0.385574341
76.14333333,0.394515991
76.14666667,0.417022705
76.15,0.435714722
76.15333333,0.407002767
76.15666667,0.389307658
76.16,0.398376465
76.16333333,0.412658691
76.16666667,0.397109985
76.17,0.441619873
76.17333333,0.415273031
76.17666667,0.466023763
76.18,0.431793213
76.18333333,0.419158936
76.18666667,0.400456746
76.19,0.425292969
76.19333333,0.434249878
76.19666667,0.450663249
76.2,0.413970947
76.20333333,0.441060384
76.20666667,0.432698568
76.21,0.436752319
76.21333333,0.433502197
76.21666667,0.407333374
76.22,0.392715454
76.22333333,0.424448649
76.22666667,0.458465576
76.23,0.377883911
76.23333333,0.442428589
76.23666667,0.449752808
76.24,0.456573486
76.24333333,0.484863281
76.24666667,0.483637492
76.25,0.452423096
76.25333333,0.422271729
76.25666667,0.446736654
76.26,0.429946899
76.26333333,0.489959717
76.26666667,0.456161499
76.27,0.455230713
76.27333333,0.467529297
76.27666667,0.471425374
76.28,0.445083618
76.28333333,0.449727376
76.28666667,0.436798096
76.29,0.417129517
76.29333333,0.432108561
76.29666667,0.459869385
76.3,0.45425415
76.30333333,0.426478068
76.30666667,0.440368652
76.31,0.452819824
76.31333333,0.444290161
76.31666667,0.440266927
76.32,0.416946411
76.32333333,0.428817749
76.32666667,0.429692586
76.33,0.421630859
76.33333333,0.427881877
76.33666667,0.430211385
76.34,0.4322052
76.34333333,0.40339152
76.34666667,0.432591756
76.35,0.450439453
76.35333333,0.417999268
76.35666667,0.385910034
76.36,0.396621704
76.36333333,0.373901367
76.36666667,0.380427043
76.37,0.43371582
76.37333333,0.459213257
76.37666667,0.455576579
76.38,0.437164307
76.38333333,0.461883545
76.38666667,0.534754435
76.39,0.468154907
76.39333333,0.441136678
76.39666667,0.433415731
76.4,0.410995483
76.40333333,0.450047811
76.40666667,0.42233785
76.41,0.429504395
76.41333333,0.438054403
76.41666667,0.423049927
76.42,0.394500732
76.42333333,0.390126546
76.42666667,0.416397095
76.43,0.423690796
76.43333333,0.427500407
76.43666667,0.442815145
76.44,0.427963257
76.44333333,0.463923136
76.44666667,0.452677409
76.45,0.451660156
76.45333333,0.41289266
76.45666667,0.454427083
76.46,0.445861816
76.46333333,0.41317749
76.46666667,0.396728516
76.47,0.389129639
76.47333333,0.405863444
76.47666667,0.430099487
76.48,0.4034729
76.48333333,0.439046224
76.48666667,0.457799276
76.49,0.436157227
76.49333333,0.454661051
76.49666667,0.472061157
76.5,0.394439697
76.50333333,0.474141439
76.50666667,0.4322052
76.51,0.452713013
76.51333333,0.393854777
76.51666667,0.477803548
76.52,0.433563232
76.52333333,0.486083984
76.52666667,0.470092773
76.53,0.438720703
76.53333333,0.460510254
76.53666667,0.489649455
76.54,0.521896362
76.54333333,0.589579264
76.54666667,0.660334269
76.55,0.702438354
76.55333333,0.743336995
76.55666667,0.722462972
76.56,0.678436279
76.56333333,0.61609904
76.56666667,0.518875122
76.57,0.444107056
76.57333333,0.360824585
76.57666667,0.317057292
76.58,0.274154663
76.58333333,0.201288859
76.58666667,0.172470093
76.59,0.136993408
76.59333333,0.175140381
76.59666667,0.18641154
76.6,0.230560303
76.60333333,0.28241984
76.60666667,0.362263997
76.61,0.368942261
76.61333333,0.39881897
76.61666667,0.429331462
76.62,0.436004639
76.62333333,0.407663981
76.62666667,0.449834188
76.63,0.420379639
76.63333333,0.450439453
76.63666667,0.454584757
76.64,0.432907104
76.64333333,0.430684408
76.64666667,0.429896037
76.65,0.441665649
76.65333333,0.451914469
76.65666667,0.468541463
76.66,0.505172729
76.66333333,0.467920939
76.66666667,0.48866272
76.67,0.499298096
76.67333333,0.480260213
76.67666667,0.527435303
76.68,0.433044434
76.68333333,0.513305664
76.68666667,0.492070516
76.69,0.492935181
76.69333333,0.436518351
76.69666667,0.485809326
76.7,0.485992432
76.70333333,0.504592896
76.70666667,0.483123779
76.71,0.485946655
76.71333333,0.48908488
76.71666667,0.509668986
76.72,0.514846802
76.72333333,0.486363729
76.72666667,0.488377889
76.73,0.47857666
76.73333333,0.503667196
76.73666667,0.490300496
76.74,0.541152954
76.74333333,0.522221883
76.74666667,0.497548421
76.75,0.548934937
76.75333333,0.524775187
76.75666667,0.555297852
76.76,0.536911011
76.76333333,0.565729777
76.76666667,0.562896729
76.77,0.594421387
76.77333333,0.602157593
76.77666667,0.594523112
76.78,0.595413208
76.78333333,0.575892131
76.78666667,0.64146932
76.79,0.638198853
76.79333333,0.664067586
76.79666667,0.647410075
76.8,0.648803711
76.80333333,0.647262573
76.80666667,0.661804199
76.81,0.687316895
76.81333333,0.707183838
76.81666667,0.656000773
76.82,0.63142395
76.82333333,0.709238688
76.82666667,0.694157918
76.83,0.679824829
76.83333333,0.631332397
76.83666667,0.605163574
76.84,0.63269043
76.84333333,0.653523763
76.84666667,0.595225016
76.85,0.59928894
76.85333333,0.622833252
76.85666667,0.587539673
76.86,0.574752808
76.86333333,0.536015828
76.86666667,0.511067708
76.87,0.47807312
76.87333333,0.484502157
76.87666667,0.453893026
76.88,0.440414429
76.88333333,0.426381429
76.88666667,0.393341064
76.89,0.42388916
76.89333333,0.424235026
76.89666667,0.380620321
76.9,0.370635986
76.90333333,0.354782104
76.90666667,0.403198242
76.91,0.409591675
76.91333333,0.428716024
76.91666667,0.434366862
76.92,0.403244019
76.92333333,0.393966675
76.92666667,0.395609538
76.93,0.413818359
76.93333333,0.431340535
76.93666667,0.425852458
76.94,0.419036865
76.94333333,0.4559021
76.94666667,0.427022298
76.95,0.443572998
76.95333333,0.449544271
76.95666667,0.425348918
76.96,0.410232544
76.96333333,0.413111369
76.96666667,0.399703979
76.97,0.39465332
76.97333333,0.398951213
76.97666667,0.43834432
76.98,0.471115112
76.98333333,0.412521362
76.98666667,0.38591512
76.99,0.386505127
76.99333333,0.406962077
76.99666667,0.400599162
77,0.437164307
77.00333333,0.396413167
77.00666667,0.413452148
77.01,0.436584473
77.01333333,0.478403727
77.01666667,0.432154338
77.02,0.429748535
77.02333333,0.402089437
77.02666667,0.416086833
77.03,0.438171387
77.03333333,0.447057088
77.03666667,0.459854126
77.04,0.471740723
77.04333333,0.441797892
77.04666667,0.393544515
77.05,0.390930176
77.05333333,0.37344869
77.05666667,0.348230998
77.06,0.372650146
77.06333333,0.506744385
77.06666667,0.487289429
77.07,0.453536987
77.07333333,0.415293376
77.07666667,0.385620117
77.08,0.373809814
77.08333333,0.372568766
77.08666667,0.395436605
77.09,0.394943237
77.09333333,0.422988892
77.09666667,0.412979126
77.1,0.459289551
77.10333333,0.402964274
77.10666667,0.419006348
77.11,0.392974854
77.11333333,0.398513794
77.11666667,0.377604167
77.12,0.377883911
77.12333333,0.464696248
77.12666667,0.442428589
77.13,0.429367065
77.13333333,0.434290568
77.13666667,0.435241699
77.14,0.402954102
77.14333333,0.414932251
77.14666667,0.406153361
77.15,0.384674072
77.15333333,0.393981934
77.15666667,0.387115479
77.16,0.411331177
77.16333333,0.360499064
77.16666667,0.378417969
77.17,0.394515991
77.17333333,0.388356527
77.17666667,0.369135539
77.18,0.360351563
77.18333333,0.349222819
77.18666667,0.325673421
77.19,0.363540649
77.19333333,0.353993734
77.19666667,0.305608114
77.2,0.293197632
77.20333333,0.283930461
77.20666667,0.314717611
77.21,0.313690186
77.21333333,0.262318929
77.21666667,0.250295003
77.22,0.276184082
77.22333333,0.293146769
77.22666667,0.291753133
77.23,0.254653931
77.23333333,0.266876221
77.23666667,0.278996785
77.24,0.283294678
77.24333333,0.280604045
77.24666667,0.328303019
77.25,0.299835205
77.25333333,0.28431193
77.25666667,0.297810872
77.26,0.281967163
77.26333333,0.25650533
77.26666667,0.283915202
77.27,0.296127319
77.27333333,0.310251872
77.27666667,0.298487345
77.28,0.325271606
77.28333333,0.325927734
77.28666667,0.321792603
77.29,0.31022644
77.29333333,0.32023112
77.29666667,0.335138957
77.3,0.301895142
77.30333333,0.299479167
77.30666667,0.308436076
77.31,0.291992187
77.31333333,0.262557983
77.31666667,0.293528239
77.32,0.311386108
77.32333333,0.323287964
77.32666667,0.307922363
77.33,0.303649902
77.33333333,0.298690796
77.33666667,0.284800212
77.34,0.251754761
77.34333333,0.296646118
77.34666667,0.282816569
77.35,0.267944336
77.35333333,0.250167847
77.35666667,0.255345662
77.36,0.247650146
77.36333333,0.264648437
77.36666667,0.291010539
77.37,0.283477783
77.37333333,0.299112956
77.37666667,0.280426025
77.38,0.24041748
77.38333333,0.329717
77.38666667,0.326522827
77.39,0.299026489
77.39333333,0.313715617
77.39666667,0.325887044
77.4,0.317001343
77.40333333,0.365895589
77.40666667,0.311304728
77.41,0.342941284
77.41333333,0.309997559
77.41666667,0.362650553
77.42,0.366394043
77.42333333,0.333760579
77.42666667,0.279713949
77.43,0.254669189
77.43333333,0.279871623
77.43666667,0.291814168
77.44,0.3387146
77.44333333,0.335851034
77.44666667,0.336537679
77.45,0.357589722
77.45333333,0.331670125
77.45666667,0.330688477
77.46,0.346343994
77.46333333,0.315907796
77.46666667,0.338872274
77.47,0.362426758
77.47333333,0.378692627
77.47666667,0.36571757
77.48,0.336959839
77.48333333,0.3074646
77.48666667,0.360102336
77.49,0.37071228
77.49333333,0.385543823
77.49666667,0.3812205
77.5,0.402450562
77.50333333,0.465830485
77.50666667,0.496668498
77.51,0.58454895
77.51333333,0.639795939
77.51666667,0.653355916
77.52,0.623046875
77.52333333,0.582280477
77.52666667,0.515207926
77.53,0.448257446
77.53333333,0.404027303
77.53666667,0.308542887
77.54,0.242401123
77.54333333,0.193918864
77.54666667,0.132069906
77.55,0.129699707
77.55333333,0.093526204
77.55666667,0.107396444
77.56,0.154953003
77.56333333,0.211491903
77.56666667,0.252227783
77.57,0.270294189
77.57333333,0.324890137
77.57666667,0.319681803
77.58,0.337539673
77.58333333,0.357309977
77.58666667,0.352544149
77.59,0.355438232
77.59333333,0.378133138
77.59666667,0.363265991
77.6,0.372924805
77.60333333,0.332570394
77.60666667,0.350957235
77.61,0.395904541
77.61333333,0.374735514
77.61666667,0.384699504
77.62,0.392120361
77.62333333,0.355173747
77.62666667,0.33883667
77.63,0.351577759
77.63333333,0.346399943
77.63666667,0.399058024
77.64,0.433944702
77.64333333,0.399592082
77.64666667,0.382436117
77.65,0.397720337
77.65333333,0.403361003
77.65666667,0.405059814
77.66,0.416000366
77.66333333,0.40057373
77.66666667,0.409698486
77.67,0.479827881
77.67333333,0.4749705
77.67666667,0.386683146
77.68,0.404556274
77.68333333,0.451329549
77.68666667,0.476450602
77.69,0.42350769
77.69333333,0.414128621
77.69666667,0.500783285
77.7,0.49911499
77.70333333,0.523483276
77.70666667,0.495396932
77.71,0.500640869
77.71333333,0.533960978
77.71666667,0.534667969
77.72,0.543991089
77.72333333,0.547348022
77.72666667,0.579986572
77.73,0.517227173
77.73333333,0.518493652
77.73666667,0.601033529
77.74,0.576187134
77.74333333,0.551879883
77.74666667,0.574208577
77.75,0.621414185
77.75333333,0.607335409
77.75666667,0.61298116
77.76,0.600250244
77.76333333,0.587137858
77.76666667,0.614039103
77.77,0.60748291
77.77333333,0.584904989
77.77666667,0.615458171
77.78,0.630737305
77.78333333,0.58787028
77.78666667,0.603240967
77.79,0.611297607
77.79333333,0.627568563
77.79666667,0.645991007
77.8,0.577011108
77.80333333,0.530736287
77.80666667,0.571411133
77.81,0.548828125
77.81333333,0.521830241
77.81666667,0.460179647
77.82,0.452087402
77.82333333,0.479548136
77.82666667,0.441650391
77.83,0.41569519
77.83333333,0.39990743
77.83666667,0.384709676
77.84,0.437088013
77.84333333,0.389500936
77.84666667,0.350591024
77.85,0.328369141
77.85333333,0.299362183
77.85666667,0.326431274
77.86,0.372192383
77.86333333,0.34413147
77.86666667,0.377578735
77.87,0.356231689
77.87333333,0.354248047
77.87666667,0.372746785
77.88,0.389862061
77.88333333,0.329208374
77.88666667,0.297988892
77.89,0.332397461
77.89333333,0.388458252
77.89666667,0.364028931
77.9,0.335998535
77.90333333,0.325653076
77.90666667,0.356887817
77.91,0.359649658
77.91333333,0.445841471
77.91666667,0.418980916
77.92,0.436004639
77.92333333,0.440450033
77.92666667,0.412963867
77.93,0.408340454
77.93333333,0.424499512
77.93666667,0.381810506
77.94,0.387512207
77.94333333,0.405436198
77.94666667,0.405512492
77.95,0.389556885
77.95333333,0.388641357
77.95666667,0.417633057
77.96,0.410171509
77.96333333,0.394241333
77.96666667,0.405553182
77.97,0.406600952
77.97333333,0.461232503
77.97666667,0.44770813
77.98,0.40586853
77.98333333,0.409393311
77.98666667,0.420471191
77.99,0.441802979
77.99333333,0.452056885
77.99666667,0.464401245
78,0.443649292
78.00333333,0.419545492
78.00666667,0.402933757
78.01,0.413604736
78.01333333,0.478052775
78.01666667,0.430399577
78.02,0.404693604
78.02333333,0.398895264
78.02666667,0.400349935
78.03,0.43649292
78.03333333,0.398050944
78.03666667,0.407129924
78.04,0.415893555
78.04333333,0.424306234
78.04666667,0.412826538
78.05,0.417022705
78.05333333,0.439478556
78.05666667,0.39906311
78.06,0.353347778
78.06333333,0.344340007
78.06666667,0.393880208
78.07,0.410125732
78.07333333,0.388376872
78.07666667,0.375467936
78.08,0.367034912
78.08333333,0.381596883
78.08666667,0.422861735
78.09,0.417938232
78.09333333,0.418467204
78.09666667,0.430969238
78.1,0.419006348
78.10333333,0.409968058
78.10666667,0.410471598
78.11,0.443099976
78.11333333,0.370000203
78.11666667,0.409469604
78.12,0.425765991
78.12333333,0.43413798
78.12666667,0.397466024
78.13,0.40814209
78.13333333,0.377629598
78.13666667,0.423294067
78.14,0.440322876
78.14333333,0.387293498
78.14666667,0.376917521
78.15,0.381240845
78.15333333,0.397369385
78.15666667,0.386179606
78.16,0.389282227
78.16333333,0.372375488
78.16666667,0.337473551
78.17,0.371994019
78.17333333,0.361709595
78.17666667,0.390309652
78.18,0.360046387
78.18333333,0.32506307
78.18666667,0.384694417
78.19,0.434005737
78.19333333,0.397994995
78.19666667,0.394434611
78.2,0.387649536
78.20333333,0.381459554
78.20666667,0.368830363
78.21,0.375030518
78.21333333,0.389200846
78.21666667,0.407435099
78.22,0.414840698
78.22333333,0.426589966
78.22666667,0.432642619
78.23,0.452896118
78.23333333,0.434468587
78.23666667,0.398345947
78.24,0.427719116
78.24333333,0.425649007
78.24666667,0.377217611
78.25,0.380706787
78.25333333,0.429260254
78.25666667,0.406107585
78.26,0.405303955
78.26333333,0.403299967
78.26666667,0.388412476
78.27,0.352478027
78.27333333,0.407068888
78.27666667,0.409062703
78.28,0.398620605
78.28333333,0.422007243
78.28666667,0.395492554
78.29,0.422012329
78.29333333,0.413843791
78.29666667,0.399531047
78.3,0.404129028
78.30333333,0.384933472
78.30666667,0.397394816
78.31,0.417663574
78.31333333,0.455001831
78.31666667,0.450948079
78.32,0.432540894
78.32333333,0.442296346
78.32666667,0.450078328
78.33,0.380157471
78.33333333,0.425593058
78.33666667,0.413609823
78.34,0.407577515
78.34333333,0.461517334
78.34666667,0.476689657
78.35,0.430679321
78.35333333,0.41952006
78.35666667,0.393290202
78.36,0.427536011
78.36333333,0.384526571
78.36666667,0.39894104
78.37,0.449325562
78.37333333,0.430445353
78.37666667,0.404947917
78.38,0.412612915
78.38333333,0.389022827
78.38666667,0.390406291
78.39,0.387054443
78.39333333,0.406402588
78.39666667,0.409179687
78.4,0.409164429
78.40333333,0.375712077
78.40666667,0.405553182
78.41,0.464019775
78.41333333,0.396036784
78.41666667,0.398000081
78.42,0.400619507
78.42333333,0.38075765
78.42666667,0.396748861
78.43,0.381408691
78.43333333,0.376001994
78.43666667,0.353408813
78.44,0.3671875
78.44333333,0.408742269
78.44666667,0.380722046
78.45,0.376586914
78.45333333,0.3855896
78.45666667,0.407323201
78.46,0.400421143
78.46333333,0.380203247
78.46666667,0.333607992
78.47,0.337265015
78.47333333,0.384475708
78.47666667,0.386479696
78.48,0.34513855
78.48333333,0.364659627
78.48666667,0.377258301
78.49,0.376831055
78.49333333,0.406636556
78.49666667,0.427744548
78.5,0.469207764
78.50333333,0.504557292
78.50666667,0.554234823
78.51,0.577407837
78.51333333,0.628840129
78.51666667,0.666758219
78.52,0.649719238
78.52333333,0.579589844
78.52666667,0.509012858
78.53,0.478591919
78.53333333,0.469487508
78.53666667,0.299484253
78.54,0.210357666
78.54333333,0.128545125
78.54666667,0.092158
78.55,0.112686157
78.55333333,0.105926514
78.55666667,0.132476807
78.56,0.188995361
78.56333333,0.246520996
78.56666667,0.300445557
78.57,0.334487915
78.57333333,0.36088562
78.57666667,0.385325114
78.58,0.30670166
78.58333333,0.34383138
78.58666667,0.311375936
78.59,0.372192383
78.59333333,0.440968831
78.59666667,0.417404175
78.6,0.393447876
78.60333333,0.392908732
78.60666667,0.411026001
78.61,0.413879395
78.61333333,0.456263224
78.61666667,0.480372111
78.62,0.455856323
78.62333333,0.38861084
78.62666667,0.391688029
78.63,0.406036377
78.63333333,0.413004557
78.63666667,0.438542684
78.64,0.429962158
78.64333333,0.425272624
78.64666667,0.438868205
78.65,0.432662964
78.65333333,0.419967651
78.65666667,0.41162618
78.66,0.476730347
78.66333333,0.44152832
78.66666667,0.408426921
78.67,0.451644897
78.67333333,0.490076701
78.67666667,0.508102417
78.68,0.464157104
78.68333333,0.48403422
78.68666667,0.458847046
78.69,0.476348877
78.69333333,0.487569173
78.69666667,0.458257039
78.7,0.460205078
78.70333333,0.505589803
78.70666667,0.509791056
78.71,0.477844238
78.71333333,0.498753866
78.71666667,0.491841634
78.72,0.511032104
78.72333333,0.495447795
78.72666667,0.529205322
78.73,0.517349243
78.73333333,0.504887899
78.73666667,0.537694295
78.74,0.523071289
78.74333333,0.573699951
78.74666667,0.555638631
78.75,0.575256348
78.75333333,0.551152547
78.75666667,0.576563517
78.76,0.587219238
78.76333333,0.595286051
78.76666667,0.580851237
78.77,0.641525269
78.77333333,0.585108439
78.77666667,0.566207886
78.78,0.629043579
78.78333333,0.640843709
78.78666667,0.62344869
78.79,0.637329102
78.79333333,0.608576457
78.79666667,0.559504191
78.8,0.601119995
78.80333333,0.577133179
78.80666667,0.526021322
78.81,0.532791138
78.81333333,0.513031006
78.81666667,0.496877035
78.82,0.507965088
78.82333333,0.46248881
78.82666667,0.435638428
78.83,0.398605347
78.83333333,0.433858236
78.83666667,0.384358724
78.84,0.387954712
78.84333333,0.417317708
78.84666667,0.389109294
78.85,0.344085693
78.85333333,0.348088582
78.85666667,0.395472209
78.86,0.379623413
78.86333333,0.389099121
78.86666667,0.369110107
78.87,0.325073242
78.87333333,0.378036499
78.87666667,0.358627319
78.88,0.277954102
78.88333333,0.272649129
78.88666667,0.249201457
78.89,0.283340454
78.89333333,0.341512044
78.89666667,0.283843994
78.9,0.233535767
78.90333333,0.3040212
78.90666667,0.33287557
78.91,0.341674805
78.91333333,0.283971151
78.91666667,0.346374512
78.92,0.3072052
78.92333333,0.290252686
78.92666667,0.302892049
78.93,0.316299438
78.93333333,0.346069336
78.93666667,0.29351298
78.94,0.276916504
78.94333333,0.290293376
78.94666667,0.27015686
78.95,0.283203125
78.95333333,0.328099569
78.95666667,0.313761393
78.96,0.292434692
78.96333333,0.302261353
78.96666667,0.283203125
78.97,0.268875122
78.97333333,0.271265666
78.97666667,0.284520467
78.98,0.253967285
78.98333333,0.287857056
78.98666667,0.327219645
78.99,0.329788208
78.99333333,0.286305745
78.99666667,0.295399984
79,0.298309326
79.00333333,0.29141744
79.00666667,0.308369954
79.01,0.299758911
79.01333333,0.335917155
79.01666667,0.315729777
79.02,0.302261353
79.02333333,0.332621257
79.02666667,0.385213216
79.03,0.341674805
79.03333333,0.343221029
79.03666667,0.313252767
79.04,0.320281982
79.04333333,0.291259766
79.04666667,0.269800822
79.05,0.283508301
79.05333333,0.342351278
79.05666667,0.335734049
79.06,0.311950684
79.06333333,0.315261841
79.06666667,0.332183838
79.07,0.322616577
79.07333333,0.329325358
79.07666667,0.35975647
79.08,0.330993652
79.08333333,0.358581543
79.08666667,0.369135539
79.09,0.316574097
79.09333333,0.316238403
79.09666667,0.380818685
79.1,0.329437256
79.10333333,0.311396281
79.10666667,0.311040243
79.11,0.288162231
79.11333333,0.367884318
79.11666667,0.40301005
79.12,0.403381348
79.12333333,0.38218689
79.12666667,0.372507731
79.13,0.349807739
79.13333333,0.358784993
79.13666667,0.314737956
79.14,0.360656738
79.14333333,0.332458496
79.14666667,0.356953939
79.15,0.37361145
79.15333333,0.372940063
79.15666667,0.337443034
79.16,0.377349854
79.16333333,0.343978882
79.16666667,0.350189209
79.17,0.347503662
79.17333333,0.377955119
79.17666667,0.344289144
79.18,0.36579895
79.18333333,0.401026408
79.18666667,0.358678182
79.19,0.339859009
79.19333333,0.40586853
79.19666667,0.351750692
79.2,0.311584473
79.20333333,0.292617798
79.20666667,0.337275187
79.21,0.334991455
79.21333333,0.334472656
79.21666667,0.307846069
79.22,0.381500244
79.22333333,0.363006592
79.22666667,0.385121663
79.23,0.342895508
79.23333333,0.324045817
79.23666667,0.349421183
79.24,0.34161377
79.24333333,0.391586304
79.24666667,0.329615275
79.25,0.311279297
79.25333333,0.390452067
79.25666667,0.368545532
79.26,0.354064941
79.26333333,0.339782715
79.26666667,0.350494385
79.27,0.339599609
79.27333333,0.333165487
79.27666667,0.345174154
79.28,0.347549438
79.28333333,0.352071126
79.28666667,0.357889811
79.29,0.360519409
79.29333333,0.361328125
79.29666667,0.368596395
79.3,0.297927856
79.30333333,0.3184611
79.30666667,0.355102539
79.31,0.38822937
79.31333333,0.357137044
79.31666667,0.343729655
79.32,0.37008667
79.32333333,0.347895304
79.32666667,0.375305176
79.33,0.374450684
79.33333333,0.37612915
79.33666667,0.371988932
79.34,0.349853516
79.34333333,0.361475627
79.34666667,0.422821045
79.35,0.377578735
79.35333333,0.417221069
79.35666667,0.421615601
79.36,0.383163452
79.36333333,0.410354614
79.36666667,0.393397013
79.37,0.376953125
79.37333333,0.380111694
79.37666667,0.400985718
79.38,0.411453247
79.38333333,0.450948079
79.38666667,0.447906494
79.39,0.451919556
79.39333333,0.449508667
79.39666667,0.41607666
79.4,0.402984619
79.40333333,0.424931844
79.40666667,0.439030965
79.41,0.416900635
79.41333333,0.423238118
79.41666667,0.42813619
79.42,0.43347168
79.42333333,0.407140096
79.42666667,0.415400187
79.43,0.396560669
79.43333333,0.412953695
79.43666667,0.410608927
79.44,0.407897949
79.44333333,0.383880615
79.44666667,0.369018555
79.45,0.341033936
79.45333333,0.340621948
79.45666667,0.331639608
79.46,0.338500977
79.46333333,0.357208252
79.46666667,0.314788818
79.47,0.379302979
79.47333333,0.389185588
79.47666667,0.395462036
79.48,0.323806763
79.48333333,0.364990234
79.48666667,0.341990153
79.49,0.395111084
79.49333333,0.385299683
79.49666667,0.342417399
79.5,0.40473938
79.50333333,0.340779622
79.50666667,0.360575358
79.51,0.419311523
79.51333333,0.405380249
79.51666667,0.440622965
79.52,0.514465332
79.52333333,0.59870402
79.52666667,0.604812622
79.53,0.636672974
79.53333333,0.645904541
79.53666667,0.662902832
79.54,0.637145996
79.54333333,0.543045044
79.54666667,0.472620646
79.55,0.45791626
79.55333333,0.293696086
79.55666667,0.184377035
79.56,0.091583252
79.56333333,0.031433105
79.56666667,0.085627238
79.57,0.147460937
79.57333333,0.211583455
79.57666667,0.242370605
79.58,0.291412354
79.58333333,0.331624349
79.58666667,0.354431152
79.59,0.350997925
79.59333333,0.403284709
79.59666667,0.369562785
79.6,0.39352417
79.60333333,0.361302694
79.60666667,0.369659424
79.61,0.408309937
79.61333333,0.408803304
79.61666667,0.398203532
79.62,0.405883789
79.62333333,0.452829997
79.62666667,0.408269246
79.63,0.399154663
79.63333333,0.404561361
79.63666667,0.432133993
79.64,0.436355591
79.64333333,0.420756022
79.64666667,0.39688619
79.65,0.399093628
79.65333333,0.384913127
79.65666667,0.401494344
79.66,0.443161011
79.66333333,0.418538411
79.66666667,0.378417969
79.67,0.459899902
79.67333333,0.40482076
79.67666667,0.404815674
79.68,0.43586731
79.68333333,0.45501709
79.68666667,0.472579956
79.69,0.432113647
79.69333333,0.408030192
79.69666667,0.403874715
79.7,0.443878174
79.70333333,0.463160197
79.70666667,0.464055379
79.71,0.441390991
79.71333333,0.426376343
79.71666667,0.483144124
79.72,0.458496094
79.72333333,0.462666829
79.72666667,0.515263875
79.73,0.494033813
79.73333333,0.520604451
79.73666667,0.519058228
79.74,0.472564697
79.74333333,0.53086853
79.74666667,0.480824788
79.75,0.528717041
79.75333333,0.516204834
79.75666667,0.560780843
79.76,0.561431885
79.76333333,0.54918925
79.76666667,0.567423503
79.77,0.586639404
79.77333333,0.628504435
79.77666667,0.59698995
79.78,0.588943481
79.78333333,0.618336995
79.78666667,0.587320964
79.79,0.595413208
79.79333333,0.584894816
79.79666667,0.598526001
79.8,0.625076294
79.80333333,0.621154785
79.80666667,0.586013794
79.81,0.572998047
79.81333333,0.583648682
79.81666667,0.599187215
79.82,0.548294067
79.82333333,0.580851237
79.82666667,0.589614868
79.83,0.52684021
79.83333333,0.468953451
79.83666667,0.483622233
79.84,0.475082397
79.84333333,0.505355835
79.84666667,0.477737427
79.85,0.48286438
79.85333333,0.444188436
79.85666667,0.411371867
79.86,0.408432007
79.86333333,0.45215861
79.86666667,0.400416056
79.87,0.454421997
79.87333333,0.35462443
79.87666667,0.405278524
79.88,0.422668457
79.88333333,0.327987671
79.88666667,0.391774495
79.89,0.379928589
79.89333333,0.37240092
79.89666667,0.366572062
79.9,0.354003906
79.90333333,0.320622762
79.90666667,0.368988037
79.91,0.339904785
79.91333333,0.383412679
79.91666667,0.358072917
79.92,0.327194214
79.92333333,0.35194397
79.92666667,0.358673096
79.93,0.330245972
79.93333333,0.336303711
79.93666667,0.346781413
79.94,0.321365356
79.94333333,0.3175354
79.94666667,0.356608073
79.95,0.339660645
79.95333333,0.322072347
79.95666667,0.369806925
79.96,0.348220825
79.96333333,0.361785889
79.96666667,0.345255534
79.97,0.355819702
79.97333333,0.377914429
79.97666667,0.363733927
79.98,0.374176025
79.98333333,0.386454264
79.98666667,0.380655924
79.99,0.379348755
79.99333333,0.390472412
79.99666667,0.373519897
80,0.436782837
80.00333333,0.370503743
80.00666667,0.342458089
80.01,0.389602661
80.01333333,0.405344645
80.01666667,0.357437134
80.02,0.321746826
80.02333333,0.354578654
80.02666667,0.375915527
80.03,0.389419556
80.03333333,0.367380778
80.03666667,0.317164103
80.04,0.320495605
80.04333333,0.329457601
80.04666667,0.339569092
80.05,0.335388184
80.05333333,0.364842733
80.05666667,0.359593709
80.06,0.390014648
80.06333333,0.380264282
80.06666667,0.338338216
80.07,0.364334106
80.07333333,0.342061361
80.07666667,0.396840413
80.08,0.366134644
80.08333333,0.343322754
80.08666667,0.338267008
80.09,0.343841553
80.09333333,0.386500041
80.09666667,0.351252238
80.1,0.352478027
80.10333333,0.35627238
80.10666667,0.316350301
80.11,0.327880859
80.11333333,0.315333049
80.11666667,0.252024333
80.12,0.313995361
80.12333333,0.354980469
80.12666667,0.300501506
80.13,0.320709229
80.13333333,0.303929647
80.13666667,0.294230143
80.14,0.296478271
80.14333333,0.351298014
80.14666667,0.380742391
80.15,0.316009521
80.15333333,0.308344523
80.15666667,0.317830404
80.16,0.328598022
80.16333333,0.305277507
80.16666667,0.347010295
80.17,0.358505249
80.17333333,0.3256073
80.17666667,0.311050415
80.18,0.280273438
80.18333333,0.267206828
80.18666667,0.24810791
80.19,0.337020874
80.19333333,0.334752401
80.19666667,0.290669759
80.2,0.358657837
80.20333333,0.329310099
80.20666667,0.358612061
80.21,0.29385376
80.21333333,0.289886475
80.21666667,0.315551758
80.22,0.309402466
80.22333333,0.317601522
80.22666667,0.321309408
80.23,0.227783203
80.23333333,0.250981649
80.23666667,0.323994954
80.24,0.306167603
80.24333333,0.255004883
80.24666667,0.271275838
80.25,0.321960449
80.25333333,0.329538981
80.25666667,0.274881999
80.26,0.301177979
80.26333333,0.282262166
80.26666667,0.309321086
80.27,0.28553772
80.27333333,0.279810588
80.27666667,0.311340332
80.28,0.275421143
80.28333333,0.345433553
80.28666667,0.321248372
80.29,0.302230835
80.29333333,0.313700358
80.29666667,0.303263346
80.3,0.292053223
80.30333333,0.2831014
80.30666667,0.300013224
80.31,0.316146851
80.31333333,0.288213094
80.31666667,0.285695394
80.32,0.351638794
80.32333333,0.344985962
80.32666667,0.317845662
80.33,0.277770996
80.33333333,0.302124023
80.33666667,0.305252075
80.34,0.290649414
80.34333333,0.30800883
80.34666667,0.243225098
80.35,0.341949463
80.35333333,0.302942912
80.35666667,0.316253662
80.36,0.356781006
80.36333333,0.352045695
80.36666667,0.312754313
80.37,0.285736084
80.37333333,0.290430705
80.37666667,0.366907756
80.38,0.302993774
80.38333333,0.316314697
80.38666667,0.291351318
80.39,0.315658569
80.39333333,0.339121501
80.39666667,0.306894938
80.4,0.342407227
80.40333333,0.31237793
80.40666667,0.323964437
80.41,0.359985352
80.41333333,0.332300822
80.41666667,0.319163005
80.42,0.302062988
80.42333333,0.323913574
80.42666667,0.341837565
80.43,0.370178223
80.43333333,0.370763143
80.43666667,0.304972331
80.44,0.319015503
80.44333333,0.351582845
80.44666667,0.411458333
80.45,0.392303467
80.45333333,0.372975667
80.45666667,0.391830444
80.46,0.388671875
80.46333333,0.376571655
80.46666667,0.393295288
80.47,0.399307251
80.47333333,0.342803955
80.47666667,0.361836751
80.48,0.364379883
80.48333333,0.343907674
80.48666667,0.353663127
80.49,0.380523682
80.49333333,0.395436605
80.49666667,0.378026326
80.5,0.358200073
80.50333333,0.361043294
80.50666667,0.326258341
80.51,0.374755859
80.51333333,0.412348429
80.51666667,0.392328898
80.52,0.398422241
80.52333333,0.350250244
80.52666667,0.370814006
80.53,0.401199341
80.53333333,0.329004924
80.53666667,0.342671712
80.54,0.345550537
80.54333333,0.354629517
80.54666667,0.328435262
80.55,0.420684814
80.55333333,0.426127116
80.55666667,0.528203328
80.56,0.56288147
80.56333333,0.652709961
80.56666667,0.692342122
80.57,0.631912231
80.57333333,0.622528076
80.57666667,0.558690389
80.58,0.487716675
80.58333333,0.470860799
80.58666667,0.340092977
80.59,0.238540649
80.59333333,0.142771403
80.59666667,0.06725057
80.6,0.064849854
80.60333333,0.018722534
80.60666667,0.075464884
80.61,0.133087158
80.61333333,0.24613444
80.61666667,0.263290405
80.62,0.310897827
80.62333333,0.375478109
80.62666667,0.385518392
80.63,0.386199951
80.63333333,0.381647746
80.63666667,0.371373494
80.64,0.379867554
80.64333333,0.36277771
80.64666667,0.325678507
80.65,0.330276489
80.65333333,0.379130046
80.65666667,0.431976318
80.66,0.428329468
80.66333333,0.424667358
80.66666667,0.390116374
80.67,0.3931427
80.67333333,0.437561035
80.67666667,0.453175863
80.68,0.437774658
80.68333333,0.444513957
80.68666667,0.462005615
80.69,0.444320679
80.69333333,0.432220459
80.69666667,0.447591146
80.7,0.418014526
80.70333333,0.395792643
80.70666667,0.431091309
80.71,0.421417236
80.71333333,0.460861206
80.71666667,0.428873698
80.72,0.464981079
80.72333333,0.440297445
80.72666667,0.483525594
80.73,0.468078613
80.73333333,0.466893514
80.73666667,0.485509237
80.74,0.485168457
80.74333333,0.482131958
80.74666667,0.491536458
80.75,0.472640991
80.75333333,0.450592041
80.75666667,0.532745361
80.76,0.554733276
80.76333333,0.527216593
80.76666667,0.537465413
80.77,0.5362854
80.77333333,0.541956584
80.77666667,0.533442179
80.78,0.560089111
80.78333333,0.601196289
80.78666667,0.62798055
80.79,0.588302612
80.79333333,0.59916687
80.79666667,0.618270874
80.8,0.617752075
80.80333333,0.62105306
80.80666667,0.645248413
80.81,0.683670044
80.81333333,0.615458171
80.81666667,0.583241781
80.82,0.636032104
80.82333333,0.683573405
80.82666667,0.65516154
80.83,0.670288086
80.83333333,0.666936239
80.83666667,0.665095011
80.84,0.656143188
80.84333333,0.66242981
80.84666667,0.64050293
80.85,0.655670166
80.85333333,0.619974772
80.85666667,0.59668986
80.86,0.573959351
80.86333333,0.55670166
80.86666667,0.592549642
80.87,0.57913208
80.87333333,0.52263387
80.87666667,0.49184672
80.88,0.510040283
80.88333333,0.469792684
80.88666667,0.461725871
80.89,0.447250366
80.89333333,0.423639933
80.89666667,0.37264506
80.9,0.382919312
80.90333333,0.402511597
80.90666667,0.382197062
80.91,0.378723145
80.91333333,0.391448975
80.91666667,0.445556641
80.92,0.366348267
80.92333333,0.351867676
80.92666667,0.338012695
80.93,0.319793701
80.93333333,0.316619873
80.93666667,0.329803467
80.94,0.315689087
80.94333333,0.343032837
80.94666667,0.375106812
80.95,0.36605835
80.95333333,0.358179728
80.95666667,0.355921427
80.96,0.361755371
80.96333333,0.335876465
80.96666667,0.330327352
80.97,0.3387146
80.97333333,0.365921021
80.97666667,0.329615275
80.98,0.355545044
80.98333333,0.374933879
80.98666667,0.395146688
80.99,0.357574463
80.99333333,0.362579346
80.99666667,0.392374674
81,0.409698486
81.00333333,0.399658203
81.00666667,0.389556885
81.01,0.367050171
81.01333333,0.357737223
81.01666667,0.415013631
81.02,0.390975952
81.02333333,0.382197062
81.02666667,0.396998088
81.03,0.368225098
81.03333333,0.361353556
81.03666667,0.37697347
81.04,0.392868042
81.04333333,0.404424032
81.04666667,0.382105509
81.05,0.34942627
81.05333333,0.380894979
81.05666667,0.400807699
81.06,0.377319336
81.06333333,0.354736328
81.06666667,0.371017456
81.07,0.37928772
81.07333333,0.352645874
81.07666667,0.415512085
81.08,0.432052612
81.08333333,0.370534261
81.08666667,0.384165446
81.09,0.349182129
81.09333333,0.400924683
81.09666667,0.384297689
81.1,0.399856567
81.10333333,0.344589233
81.10666667,0.348378499
81.11,0.387466431
81.11333333,0.360356649
81.11666667,0.433298747
81.12,0.369873047
81.12333333,0.396240234
81.12666667,0.406173706
81.13,0.382354736
81.13333333,0.406392415
81.13666667,0.407368978
81.14,0.394897461
81.14333333,0.340169271
81.14666667,0.329874674
81.15,0.401611328
81.15333333,0.377248128
81.15666667,0.384933472
81.16,0.399154663
81.16333333,0.39898173
81.16666667,0.423431396
81.17,0.356994629
81.17333333,0.362645467
81.17666667,0.358586629
81.18,0.334381104
81.18333333,0.341084798
81.18666667,0.405741374
81.19,0.36730957
81.19333333,0.351038615
81.19666667,0.370351156
81.2,0.349349976
81.20333333,0.360183716
81.20666667,0.347162882
81.21,0.385238647
81.21333333,0.401891073
81.21666667,0.415293376
81.22,0.400054932
81.22333333,0.361597697
81.22666667,0.352259318
81.23,0.408538818
81.23333333,0.379689535
81.23666667,0.393641154
81.24,0.362564087
81.24333333,0.328659058
81.24666667,0.3306427
81.25,0.36277771
81.25333333,0.319463094
81.25666667,0.402023315
81.26,0.398010254
81.26333333,0.41364034
81.26666667,0.361684163
81.27,0.40071106
81.27333333,0.386525472
81.27666667,0.436798096
81.28,0.365493774
81.28333333,0.356114705
81.28666667,0.385065715
81.29,0.373550415
81.29333333,0.365025838
81.29666667,0.379730225
81.3,0.341720581
81.30333333,0.326807658
81.30666667,0.395085653
81.31,0.368667603
81.31333333,0.330530802
81.31666667,0.355250041
81.32,0.355575562
81.32333333,0.359481812
81.32666667,0.359375
81.33,0.337036133
81.33333333,0.336710612
81.33666667,0.330429077
81.34,0.351638794
81.34333333,0.367431641
81.34666667,0.34962972
81.35,0.360794067
81.35333333,0.333216349
81.35666667,0.353129069
81.36,0.355285645
81.36333333,0.422139486
81.36666667,0.403264364
81.37,0.396942139
81.37333333,0.364501953
81.37666667,0.376022339
81.38,0.398925781
81.38333333,0.375061035
81.38666667,0.388870239
81.39,0.37727356
81.39333333,0.36857605
81.39666667,0.422434489
81.4,0.415344238
81.40333333,0.382726034
81.40666667,0.366729736
81.41,0.391296387
81.41333333,0.35576884
81.41666667,0.345357259
81.42,0.352310181
81.42333333,0.343175252
81.42666667,0.374465942
81.43,0.398788452
81.43333333,0.403086344
81.43666667,0.404764811
81.44,0.429153442
81.44333333,0.408396403
81.44666667,0.388076782
81.45,0.393753052
81.45333333,0.393773397
81.45666667,0.391459147
81.46,0.378997803
81.46333333,0.379786174
81.46666667,0.339457194
81.47,0.324325562
81.47333333,0.394688924
81.47666667,0.428588867
81.48,0.368972778
81.48333333,0.368677775
81.48666667,0.387624105
81.49,0.351791382
81.49333333,0.339574178
81.49666667,0.347966512
81.5,0.413513184
81.50333333,0.382634481
81.50666667,0.402704875
81.51,0.399108887
81.51333333,0.36138916
81.51666667,0.354359945
81.52,0.321502686
81.52333333,0.394058228
81.52666667,0.350097656
81.53,0.367080688
81.53333333,0.369059245
81.53666667,0.347864787
81.54,0.382125854
81.54333333,0.407857259
81.54666667,0.510859172
81.55,0.592727661
81.55333333,0.629740397
81.55666667,0.689600627
81.56,0.67590332
81.56333333,0.647989909
81.56666667,0.55325826
81.57,0.515625
81.57333333,0.430623372
81.57666667,0.402420044
81.58,0.287689209
81.58333333,0.165812174
81.58666667,0.085199992
81.59,0.077606201
81.59333333,0.073954264
81.59666667,0.122741699
81.6,0.128936768
81.60333333,0.116093953
81.60666667,0.189743042
81.61,0.21333313
81.61333333,0.270507813
81.61666667,0.329259237
81.62,0.31942749
81.62333333,0.28994751
81.62666667,0.333658854
81.63,0.327453613
81.63333333,0.35387675
81.63666667,0.320922852
81.64,0.343795776
81.64333333,0.346557617
81.64666667,0.370498657
81.65,0.345153809
81.65333333,0.360051473
81.65666667,0.42855835
81.66,0.419662476
81.66333333,0.38243103
81.66666667,0.40957133
81.67,0.415344238
81.67333333,0.444722493
81.67666667,0.423085531
81.68,0.411712646
81.68333333,0.472157796
81.68666667,0.438491821
81.69,0.443328857
81.69333333,0.446248372
81.69666667,0.441253662
81.7,0.447235107
81.70333333,0.446996053
81.70666667,0.46450297
81.71,0.440750122
81.71333333,0.466298421
81.71666667,0.456466675
81.72,0.481033325
81.72333333,0.483759562
81.72666667,0.475769043
81.73,0.524551392
81.73333333,0.490468343
81.73666667,0.528483073
81.74,0.515197754
81.74333333,0.511454264
81.74666667,0.522913615
81.75,0.566864014
81.75333333,0.509913127
81.75666667,0.55074056
81.76,0.572784424
81.76333333,0.577423096
81.76666667,0.605824788
81.77,0.603775024
81.77333333,0.62353007
81.77666667,0.598882039
81.78,0.581680298
81.78333333,0.628255208
81.78666667,0.607004801
81.79,0.649581909
81.79333333,0.63092041
81.79666667,0.622009277
81.8,0.662231445
81.80333333,0.608444214
81.80666667,0.637161255
81.81,0.67388916
81.81333333,0.615712484
81.81666667,0.623270671
81.82,0.610214233
81.82333333,0.619918823
81.82666667,0.619771322
81.83,0.681884766
81.83333333,0.675201416
81.83666667,0.6381073
81.84,0.638214111
81.84333333,0.61722819
81.84666667,0.619781494
81.85,0.589828491
81.85333333,0.598068237
81.85666667,0.599716187
81.86,0.573242188
81.86333333,0.548390706
81.86666667,0.520477295
81.87,0.502182007
81.87333333,0.482487996
81.87666667,0.441482544
81.88,0.416671753
81.88333333,0.412216187
81.88666667,0.395777384
81.89,0.426635742
81.89333333,0.438659668
81.89666667,0.411783854
81.9,0.397872925
81.90333333,0.396179199
81.90666667,0.377410889
81.91,0.326370239
81.91333333,0.30212911
81.91666667,0.324122111
81.92,0.332778931
81.92333333,0.337839762
81.92666667,0.330647786
81.93,0.309890747
81.93333333,0.340423584
81.93666667,0.311869303
81.94,0.328430176
81.94333333,0.369415283
81.94666667,0.335016886
81.95,0.344390869
81.95333333,0.326690674
81.95666667,0.323440552
81.96,0.324295044
81.96333333,0.303003947
81.96666667,0.319620768
81.97,0.340896606
81.97333333,0.29103597
81.97666667,0.337209066
81.98,0.344726563
81.98333333,0.335540771
81.98666667,0.320521037
81.99,0.302886963
81.99333333,0.34845988
81.99666667,0.354634603
82,0.328826904
82.00333333,0.317967733
82.00666667,0.362019857
82.01,0.381134033
82.01333333,0.378916423
82.01666667,0.336659749
82.02,0.315078735
82.02333333,0.338770549
82.02666667,0.347447713
82.03,0.30708313
82.03333333,0.324172974
82.03666667,0.331899007
82.04,0.303405762
82.04333333,0.335027059
82.04666667,0.354517619
82.05,0.32585144
82.05333333,0.346135457
82.05666667,0.334437052
82.06,0.322036743
82.06333333,0.291763306
82.06666667,0.304870605
82.07,0.313400269
82.07333333,0.301045736
82.07666667,0.33043925
82.08,0.310317993
82.08333333,0.299580892
82.08666667,0.298741659
82.09,0.347427368
82.09333333,0.329711914
82.09666667,0.320607503
82.1,0.315856934
82.10333333,0.345148722
82.10666667,0.349232992
82.11,0.284988403
82.11333333,0.357569377
82.11666667,0.388158162
82.12,0.355300903
82.12333333,0.358734131
82.12666667,0.337768555
82.13,0.365234375
82.13333333,0.354614258
82.13666667,0.361872355
82.14,0.366928101
82.14333333,0.342432658
82.14666667,0.355880737
82.15,0.378265381
82.15333333,0.375188192
82.15666667,0.360590617
82.16,0.356307983
82.16333333,0.385477702
82.16666667,0.333277384
82.17,0.382034302
82.17333333,0.382919312
82.17666667,0.372497559
82.18,0.358413696
82.18333333,0.34769694
82.18666667,0.349594116
82.19,0.360702515
82.19333333,0.372929891
82.19666667,0.379338582
82.2,0.38482666
82.20333333,0.376764933
82.20666667,0.350504557
82.21,0.356140137
82.21333333,0.318374634
82.21666667,0.297164917
82.22,0.314361572
82.22333333,0.339060465
82.22666667,0.336430868
82.23,0.287704468
82.23333333,0.301946004
82.23666667,0.281682332
82.24,0.281524658
82.24333333,0.3118337
82.24666667,0.316207886
82.25,0.30708313
82.25333333,0.335723877
82.25666667,0.287409465
82.26,0.345718384
82.26333333,0.309239705
82.26666667,0.304285685
82.27,0.381942749
82.27333333,0.342671712
82.27666667,0.294031779
82.28,0.263916016
82.28333333,0.265375773
82.28666667,0.305898031
82.29,0.303833008
82.29333333,0.332127889
82.29666667,0.306416829
82.3,0.3150177
82.30333333,0.303593953
82.30666667,0.347213745
82.31,0.309768677
82.31333333,0.324915568
82.31666667,0.337371826
82.32,0.317001343
82.32333333,0.367874146
82.32666667,0.333969116
82.33,0.298995972
82.33333333,0.297673543
82.33666667,0.253275553
82.34,0.337921143
82.34333333,0.345255534
82.34666667,0.338424683
82.35,0.334320068
82.35333333,0.322296143
82.35666667,0.316335042
82.36,0.310928345
82.36333333,0.330739339
82.36666667,0.312296549
82.37,0.343276978
82.37333333,0.316197713
82.37666667,0.316716512
82.38,0.350616455
82.38333333,0.27692159
82.38666667,0.320958455
82.39,0.350906372
82.39333333,0.325246175
82.39666667,0.36076355
82.4,0.358047485
82.40333333,0.376902262
82.40666667,0.37634786
82.41,0.375808716
82.41333333,0.365300496
82.41666667,0.317382812
82.42,0.280059814
82.42333333,0.3444163
82.42666667,0.422734578
82.43,0.345596313
82.43333333,0.351842244
82.43666667,0.308680216
82.44,0.342071533
82.44333333,0.34479777
82.44666667,0.343958537
82.45,0.318374634
82.45333333,0.313674927
82.45666667,0.343973796
82.46,0.305084229
82.46333333,0.316390991
82.46666667,0.252660116
82.47,0.346893311
82.47333333,0.345698039
82.47666667,0.335703532
82.48,0.302093506
82.48333333,0.329488118
82.48666667,0.344497681
82.49,0.337677002
82.49333333,0.327453613
82.49666667,0.367736816
82.5,0.349807739
82.50333333,0.388005575
82.50666667,0.380015055
82.51,0.438598633
82.51333333,0.471705119
82.51666667,0.512237549
82.52,0.581054688
82.52333333,0.584609985
82.52666667,0.546010335
82.53,0.477478027
82.53333333,0.419489543
82.53666667,0.398727417
82.54,0.361587524
82.54333333,0.305007935
82.54666667,0.241216024
82.55,0.118408203
82.55333333,0.084350586
82.55666667,0.037806193
82.56,0.064910889
82.56333333,0.067677816
82.56666667,0.079523722
82.57,0.167221069
82.57333333,0.256144206
82.57666667,0.310048421
82.58,0.353942871
82.58333333,0.342814128
82.58666667,0.346206665
82.59,0.345275879
82.59333333,0.349538167
82.59666667,0.361373901
82.6,0.372772217
82.60333333,0.355748494
82.60666667,0.375559489
82.61,0.421020508
82.61333333,0.469161987
82.61666667,0.415445964
82.62,0.387924194
82.62333333,0.399429321
82.62666667,0.362782796
82.63,0.385574341
82.63333333,0.410970052
82.63666667,0.373377482
82.64,0.383270264
82.64333333,0.411331177
82.64666667,0.437098185
82.65,0.388641357
82.65333333,0.359939575
82.65666667,0.38857015
82.66,0.399124146
82.66333333,0.422144572
82.66666667,0.414784749
82.67,0.403671265
82.67333333,0.403025309
82.67666667,0.421518962
82.68,0.404190063
82.68333333,0.432866414
82.68666667,0.433476766
82.69,0.480194092
82.69333333,0.453765869
82.69666667,0.453358968
82.7,0.467605591
82.70333333,0.504867554
82.70666667,0.497319539
82.71,0.508468628
82.71333333,0.460586548
82.71666667,0.430297852
82.72,0.497817993
82.72333333,0.506958008
82.72666667,0.459314982
82.73,0.475952148
82.73333333,0.439325968
82.73666667,0.470840454
82.74,0.473983765
82.74333333,0.496353149
82.74666667,0.482589722
82.75,0.57220459
82.75333333,0.532974243
82.75666667,0.550262451
82.76,0.584136963
82.76333333,0.548085531
82.76666667,0.585606893
82.77,0.600204468
82.77333333,0.600285848
82.77666667,0.586074829
82.78,0.621383667
82.78333333,0.6396993
82.78666667,0.610173543
82.79,0.576278687
82.79333333,0.571248372
82.79666667,0.604868571
82.8,0.584411621
82.80333333,0.57732137
82.80666667,0.602416992
82.81,0.593215942
82.81333333,0.552037557
82.81666667,0.517908732
82.82,0.530929565
82.82333333,0.478947957
82.82666667,0.515625
82.83,0.535476685
82.83333333,0.500488281
82.83666667,0.440811157
82.84,0.425079346
82.84333333,0.428588867
82.84666667,0.391983032
82.85,0.414733887
82.85333333,0.399586995
82.85666667,0.390874227
82.86,0.403320313
82.86333333,0.322143555
82.86666667,0.344467163
82.87,0.33505249
82.87333333,0.36424764
82.87666667,0.319544474
82.88,0.367904663
82.88333333,0.337753296
82.88666667,0.330612183
82.89,0.323120117
82.89333333,0.374247233
82.89666667,0.321294149
82.9,0.310974121
82.90333333,0.335683187
82.90666667,0.358113607
82.91,0.306518555
82.91333333,0.3418986
82.91666667,0.377782186
82.92,0.40020752
82.92333333,0.364924113
82.92666667,0.374847412
82.93,0.384338379
82.93333333,0.354309082
82.93666667,0.353815715
82.94,0.331542969
82.94333333,0.333196004
82.94666667,0.32673645
82.95,0.407028198
82.95333333,0.372624715
82.95666667,0.351765951
82.96,0.363174438
82.96333333,0.352401733
82.96666667,0.340042114
82.97,0.419387817
82.97333333,0.366200765
82.97666667,0.349767049
82.98,0.370193481
82.98333333,0.395278931
82.98666667,0.393900553
82.99,0.438598633
82.99333333,0.386901855
82.99666667,0.365010579
83,0.360107422
83.00333333,0.386698405
83.00666667,0.397272746
83.01,0.380523682
83.01333333,0.392389933
83.01666667,0.367406209
83.02,0.36630249
83.02333333,0.407023112
83.02666667,0.377360026
83.03,0.425827026
83.03333333,0.43762207
83.03666667,0.372599284
83.04,0.417419434
83.04333333,0.415812174
83.04666667,0.350336711
83.05,0.335845947
83.05333333,0.381032308
83.05666667,0.39302063
83.06,0.375076294
83.06333333,0.368662516
83.06666667,0.377731323
83.07,0.368988037
83.07333333,0.342768351
83.07666667,0.41355896
83.08,0.338348389
83.08333333,0.317382812
83.08666667,0.336593628
83.09,0.374679565
83.09333333,0.371287028
83.09666667,0.318211873
83.1,0.353546143
83.10333333,0.348017375
83.10666667,0.33458964
83.11,0.304077148
83.11333333,0.41293335
83.11666667,0.383961995
83.12,0.38482666
83.12333333,0.372711182
83.12666667,0.37731425
83.13,0.403366089
83.13333333,0.352020264
83.13666667,0.339106242
83.14,0.340713501
83.14333333,0.369471232
83.14666667,0.298624674
83.15,0.373306274
83.15333333,0.373377482
83.15666667,0.365610758
83.16,0.394393921
83.16333333,0.397425334
83.16666667,0.40880839
83.17,0.384460449
83.17333333,0.405426025
83.17666667,0.404342651
83.18,0.39680481
83.18333333,0.385742187
83.18666667,0.384699504
83.19,0.35446167
83.19333333,0.392461141
83.19666667,0.330210368
83.2,0.363616943
83.20333333,0.412587484
83.20666667,0.368799845
83.21,0.364852905
83.21333333,0.343714396
83.21666667,0.375213623
83.22,0.379638672
83.22333333,0.354054769
83.22666667,0.368886312
83.23,0.311126709
83.23333333,0.282897949
83.23666667,0.326253255
83.24,0.31652832
83.24333333,0.298309326
83.24666667,0.30082194
83.25,0.322341919
83.25333333,0.303833008
83.25666667,0.307139079
83.26,0.301757812
83.26333333,0.248504639
83.26666667,0.272903442
83.27,0.287994385
83.27333333,0.333312988
83.27666667,0.285649618
83.28,0.291778564
83.28333333,0.315933228
83.28666667,0.272588094
83.29,0.27154541
83.29333333,0.290125529
83.29666667,0.25378418
83.3,0.274581909
83.30333333,0.252583822
83.30666667,0.245051066
83.31,0.230560303
83.31333333,0.215825399
83.31666667,0.183410645
83.32,0.195709229
83.32333333,0.187057495
83.32666667,0.189280192
83.33,0.199508667
83.33333333,0.275802612
83.33666667,0.247858683
83.34,0.2394104
83.34333333,0.246495565
83.34666667,0.22505188
83.35,0.222396851
83.35333333,0.21383667
83.35666667,0.216674805
83.36,0.219360352
83.36333333,0.228597005
83.36666667,0.229034424
83.37,0.184631348
83.37333333,0.226445516
83.37666667,0.203531901
83.38,0.224136353
83.38333333,0.222371419
83.38666667,0.249694824
83.39,0.206985474
83.39333333,0.224914551
83.39666667,0.235117594
83.4,0.287704468
83.40333333,0.228220622
83.40666667,0.189778646
83.41,0.192077637
83.41333333,0.251800537
83.41666667,0.197347005
83.42,0.148284912
83.42333333,0.132314046
83.42666667,0.153951009
83.43,0.109725952
83.43333333,0.146255493
83.43666667,0.160858154
83.44,0.185150146
83.44333333,0.147013346
83.44666667,0.176183065
83.45,0.14465332
83.45333333,0.114659627
83.45666667,0.119567871
83.46,0.110916138
83.46333333,0.121541341
83.46666667,0.137990316
83.47,0.141281128
83.47333333,0.120117187
83.47666667,0.125722249
83.48,0.091522217
83.48333333,0.144170125
83.48666667,0.16746521
83.49,0.130752563
83.49333333,0.138514201
83.49666667,0.133300781
83.5,0.151824951
83.50333333,0.252751668
83.50666667,0.335494995
83.51,0.335357666
83.51333333,0.359359741
83.51666667,0.326360067
83.52,0.299758911
83.52333333,0.250635783
83.52666667,0.259460449
83.53,0.2084198
83.53333333,0.076878866
83.53666667,-0.017827352
83.54,-0.126663208
83.54333333,-0.154327393
83.54666667,-0.186635335
83.55,-0.200881958
83.55333333,-0.171463013
83.55666667,-0.100626628
83.56,-0.009750366
83.56333333,0.017684937
83.56666667,0.056584676
83.57,0.101837158
83.57333333,0.121576945
83.57666667,0.092814128
83.58,0.051620483
83.58333333,0.089391073
83.58666667,0.112584432
83.59,0.096939087
83.59333333,0.114507039
83.59666667,0.115514119
83.6,0.1146698
83.60333333,0.104995728
83.60666667,0.054428101
83.61,0.059356689
83.61333333,0.101908366
83.61666667,0.136973063
83.62,0.14743042
83.62333333,0.113169352
83.62666667,0.07955424
83.63,0.057632446
83.63333333,0.092519124
83.63666667,0.109380086
83.64,0.10647583
83.64333333,0.095387777
83.64666667,0.137736003
83.65,0.093612671
83.65333333,0.105595907
83.65666667,0.135721842
83.66,0.130355835
83.66333333,0.126235962
83.66666667,0.090789795
83.67,0.124771118
83.67333333,0.094284058
83.67666667,0.129928589
83.68,0.095809937
83.68333333,0.126902262
83.68666667,0.141759237
83.69,0.143234253
83.69333333,0.150909424
83.69666667,0.12701416
83.7,0.132369995
83.70333333,0.115066528
83.70666667,0.124725342
83.71,0.113098145
83.71333333,0.109776815
83.71666667,0.080744425
83.72,0.158309937
83.72333333,0.17461141
83.72666667,0.211725871
83.73,0.130142212
83.73333333,0.134862264
83.73666667,0.170338949
83.74,0.228378296
83.74333333,0.198832194
83.74666667,0.230194092
83.75,0.20866394
83.75333333,0.213175456
83.75666667,0.182515462
83.76,0.221069336
83.76333333,0.191457113
83.76666667,0.205485026
83.77,0.243453979
83.77333333,0.235814412
83.77666667,0.207672119
83.78,0.234268188
83.78333333,0.194676717
83.78666667,0.180872599
83.79,0.183029175
83.79333333,0.179957072
83.79666667,0.20854187
83.8,0.177841187
83.80333333,0.139694214
83.80666667,0.097401937
83.81,0.070892334
83.81333333,0.123291016
83.81666667,0.086364746
83.82,0.004058838
83.82333333,0.017120361
83.82666667,0.050898234
83.83,0.034622192
83.83333333,-0.009028117
83.83666667,-0.058410645
83.84,-0.087890625
83.84333333,-0.048619588
83.84666667,-0.069544474
83.85,-0.112228394
83.85333333,-0.17191569
83.85666667,-0.105651855
83.86,-0.113433838
83.86333333,-0.144134521
83.86666667,-0.154469808
83.87,-0.178222656
83.87333333,-0.191726685
83.87666667,-0.126424154
83.88,-0.163192749
83.88333333,-0.148696899
83.88666667,-0.196899414
83.89,-0.182189941
83.89333333,-0.191182454
83.89666667,-0.184570313
83.9,-0.185394287
83.90333333,-0.162597656
83.90666667,-0.141011556
83.91,-0.148284912
83.91333333,-0.230911255
83.91666667,-0.222905477
83.92,-0.224136353
83.92333333,-0.16927592
83.92666667,-0.188273112
83.93,-0.210266113
83.93333333,-0.121663411
83.93666667,-0.18522644
83.94,-0.206451416
83.94333333,-0.207570394
83.94666667,-0.193415324
83.95,-0.235824585
83.95333333,-0.208185832
83.95666667,-0.178212484
83.96,-0.219940186
83.96333333,-0.220977783
83.96666667,-0.238571167
83.97,-0.239593506
83.97333333,-0.219045003
83.97666667,-0.193018595
83.98,-0.22543335
83.98333333,-0.222295125
83.98666667,-0.28457133
83.99,-0.207275391
83.99333333,-0.206136068
83.99666667,-0.258733114
84,-0.252532959
84.00333333,-0.249379476
84.00666667,-0.28237915
84.01,-0.315856934
84.01333333,-0.313649495
84.01666667,-0.267512004
84.02,-0.288894653
84.02333333,-0.274291992
84.02666667,-0.245915731
84.03,-0.26361084
84.03333333,-0.310160319
84.03666667,-0.317871094
84.04,-0.348007202
84.04333333,-0.316960653
84.04666667,-0.355143229
84.05,-0.35484314
84.05333333,-0.335388184
84.05666667,-0.301742554
84.06,-0.327163696
84.06333333,-0.305760701
84.06666667,-0.284194946
84.07,-0.3699646
84.07333333,-0.345728556
84.07666667,-0.32623291
84.08,-0.344238281
84.08333333,-0.37612915
84.08666667,-0.385737101
84.09,-0.371444702
84.09333333,-0.362935384
84.09666667,-0.339899699
84.1,-0.334091187
84.10333333,-0.370010376
84.10666667,-0.397460937
84.11,-0.370620728
84.11333333,-0.367752075
84.11666667,-0.403544108
84.12,-0.373962402
84.12333333,-0.372217814
84.12666667,-0.377492269
84.13,-0.389160156
84.13333333,-0.385996501
84.13666667,-0.411076864
84.14,-0.382064819
84.14333333,-0.409703573
84.14666667,-0.362421672
84.15,-0.39352417
84.15333333,-0.365117391
84.15666667,-0.378372192
84.16,-0.357055664
84.16333333,-0.409138997
84.16666667,-0.368881226
84.17,-0.376205444
84.17333333,-0.382736206
84.17666667,-0.376093547
84.18,-0.405212402
84.18333333,-0.410970052
84.18666667,-0.39797465
84.19,-0.428924561
84.19333333,-0.408818563
84.19666667,-0.467183431
84.2,-0.404129028
84.20333333,-0.389963786
84.20666667,-0.428848267
84.21,-0.41003418
84.21333333,-0.44287618
84.21666667,-0.46933492
84.22,-0.45249939
84.22333333,-0.425918579
84.22666667,-0.452504476
84.23,-0.449462891
84.23333333,-0.438435872
84.23666667,-0.45938619
84.24,-0.454605103
84.24333333,-0.437240601
84.24666667,-0.367294312
84.25,-0.382614136
84.25333333,-0.443644206
84.25666667,-0.450942993
84.26,-0.477493286
84.26333333,-0.479792277
84.26666667,-0.445505778
84.27,-0.429748535
84.27333333,-0.412968953
84.27666667,-0.450790405
84.28,-0.436004639
84.28333333,-0.471827189
84.28666667,-0.493291219
84.29,-0.468597412
84.29333333,-0.454193115
84.29666667,-0.44825236
84.3,-0.390319824
84.30333333,-0.447011312
84.30666667,-0.453470866
84.31,-0.440032959
84.31333333,-0.446497599
84.31666667,-0.452346802
84.32,-0.445175171
84.32333333,-0.452601115
84.32666667,-0.448638916
84.33,-0.445449829
84.33333333,-0.471878052
84.33666667,-0.449422201
84.34,-0.385772705
84.34333333,-0.392634074
84.34666667,-0.439285278
84.35,-0.401153564
84.35333333,-0.438257853
84.35666667,-0.468678792
84.36,-0.443862915
84.36333333,-0.438308716
84.36666667,-0.381851196
84.37,-0.433609009
84.37333333,-0.397654215
84.37666667,-0.419692993
84.38,-0.463760376
84.38333333,-0.465927124
84.38666667,-0.49369812
84.39,-0.53678894
84.39333333,-0.443394979
84.39666667,-0.449244181
84.4,-0.443344116
84.40333333,-0.448354085
84.40666667,-0.387212118
84.41,-0.437805176
84.41333333,-0.476359049
84.41666667,-0.445810954
84.42,-0.411056519
84.42333333,-0.409556071
84.42666667,-0.430409749
84.43,-0.437408447
84.43333333,-0.432103475
84.43666667,-0.462712606
84.44,-0.450881958
84.44333333,-0.455973307
84.44666667,-0.459726969
84.45,-0.49697876
84.45333333,-0.496419271
84.45666667,-0.444488525
84.46,-0.495010376
84.46333333,-0.48693339
84.46666667,-0.452855428
84.47,-0.457504272
84.47333333,-0.495574951
84.47666667,-0.475219727
84.48,-0.509811401
84.48333333,-0.481363932
84.48666667,-0.493392944
84.49,-0.424331665
84.49333333,-0.465204875
84.49666667,-0.488978068
84.5,-0.443267822
84.50333333,-0.439214071
84.50666667,-0.398874919
84.51,-0.337036133
84.51333333,-0.287851969
84.51666667,-0.258255005
84.52,-0.248321533
84.52333333,-0.264088949
84.52666667,-0.231023153
84.53,-0.295318604
84.53333333,-0.314356486
84.53666667,-0.375335693
84.54,-0.412307739
84.54333333,-0.524531047
84.54666667,-0.708465576
84.55,-0.795822144
84.55333333,-0.793299357
84.55666667,-0.814254761
84.56,-0.800720215
84.56333333,-0.746510824
84.56666667,-0.667394002
84.57,-0.643005371
84.57333333,-0.482325236
84.57666667,-0.457326253
84.58,-0.488922119
84.58333333,-0.484085083
84.58666667,-0.491831462
84.59,-0.49130249
84.59333333,-0.451400757
84.59666667,-0.484476725
84.6,-0.48576355
84.60333333,-0.487070719
84.60666667,-0.455388387
84.61,-0.465484619
84.61333333,-0.481892904
84.61666667,-0.455805461
84.62,-0.49822998
84.62333333,-0.46794637
84.62666667,-0.477116903
84.63,-0.492935181
84.63333333,-0.493977865
84.63666667,-0.516062419
84.64,-0.458679199
84.64333333,-0.487879435
84.64666667,-0.494186401
84.65,-0.495223999
84.65333333,-0.500376383
84.65666667,-0.484069824
84.66,-0.471160889
84.66333333,-0.525548299
84.66666667,-0.497055054
84.67,-0.493911743
84.67333333,-0.508743286
84.67666667,-0.520126343
84.68,-0.499893188
84.68333333,-0.494817098
84.68666667,-0.49853007
84.69,-0.488327026
84.69333333,-0.486907959
84.69666667,-0.49744161
84.7,-0.542449951
84.70333333,-0.506037394
84.70666667,-0.541646322
84.71,-0.507369995
84.71333333,-0.570831299
84.71666667,-0.494969686
84.72,-0.508026123
84.72333333,-0.460469564
84.72666667,-0.466410319
84.73,-0.469955444
84.73333333,-0.469970703
84.73666667,-0.475194295
84.74,-0.504959106
84.74333333,-0.455886841
84.74666667,-0.453857422
84.75,-0.449371338
84.75333333,-0.428853353
84.75666667,-0.434305827
84.76,-0.349960327
84.76333333,-0.389663696
84.76666667,-0.409927368
84.77,-0.38835144
84.77333333,-0.391270955
84.77666667,-0.319117228
84.78,-0.339324951
84.78333333,-0.372161865
84.78666667,-0.361775716
84.79,-0.366363525
84.79333333,-0.366999308
84.79666667,-0.376454671
84.8,-0.356826782
84.80333333,-0.372309367
84.80666667,-0.410832723
84.81,-0.351699829
84.81333333,-0.389373779
84.81666667,-0.437189738
84.82,-0.47076416
84.82333333,-0.506062826
84.82666667,-0.444452922
84.83,-0.460144043
84.83333333,-0.497690837
84.83666667,-0.559412638
84.84,-0.569290161
84.84333333,-0.525217692
84.84666667,-0.591374715
84.85,-0.584640503
84.85333333,-0.573262533
84.85666667,-0.601119995
84.86,-0.60357666
84.86333333,-0.597579956
84.86666667,-0.618209839
84.87,-0.616638184
84.87333333,-0.596638997
84.87666667,-0.628916423
84.88,-0.627838135
84.88333333,-0.647303263
84.88666667,-0.627934774
84.89,-0.603363037
84.89333333,-0.609359741
84.89666667,-0.589284261
84.9,-0.631332397
84.90333333,-0.608194987
84.90666667,-0.631434123
84.91,-0.642471313
84.91333333,-0.582585653
84.91666667,-0.615056356
84.92,-0.632919312
84.92333333,-0.631652832
84.92666667,-0.610895793
84.93,-0.562149048
84.93333333,-0.62441508
84.93666667,-0.644195557
84.94,-0.571350098
84.94333333,-0.618667603
84.94666667,-0.643381755
84.95,-0.679931641
84.95333333,-0.634796143
84.95666667,-0.620966593
84.96,-0.663619995
84.96333333,-0.630218506
84.96666667,-0.635299683
84.97,-0.639541626
84.97333333,-0.618413289
84.97666667,-0.60021464
84.98,-0.659408569
84.98333333,-0.651626587
84.98666667,-0.640731812
84.99,-0.596679687
84.99333333,-0.598592122
84.99666667,-0.613627116
85,-0.616836548
85.00333333,-0.588963826
85.00666667,-0.600621541
85.01,-0.603439331
85.01333333,-0.625488281
85.01666667,-0.625890096
85.02,-0.605117798
85.02333333,-0.604558309
85.02666667,-0.638702393
85.03,-0.610351562
85.03333333,-0.600306193
85.03666667,-0.640426636
85.04,-0.664733887
85.04333333,-0.617558797
85.04666667,-0.617319743
85.05,-0.630950928
85.05333333,-0.650746663
85.05666667,-0.626749674
85.06,-0.63583374
85.06333333,-0.658742269
85.06666667,-0.637893677
85.07,-0.670410156
85.07333333,-0.644098918
85.07666667,-0.613627116
85.08,-0.634277344
85.08333333,-0.630442301
85.08666667,-0.626642863
85.09,-0.597595215
85.09333333,-0.636220296
85.09666667,-0.629755656
85.1,-0.636062622
85.10333333,-0.634033203
85.10666667,-0.633387248
85.11,-0.635223389
85.11333333,-0.627471924
85.11666667,-0.593134562
85.12,-0.638076782
85.12333333,-0.643366496
85.12666667,-0.658610026
85.13,-0.653137207
85.13333333,-0.606892904
85.13666667,-0.61702474
85.14,-0.629806519
85.14333333,-0.62176005
85.14666667,-0.663335164
85.15,-0.616607666
85.15333333,-0.59193929
85.15666667,-0.656956991
85.16,-0.595687866
85.16333333,-0.629292806
85.16666667,-0.626118978
85.17,-0.617355347
85.17333333,-0.597290039
85.17666667,-0.607910156
85.18,-0.611099243
85.18333333,-0.592168172
85.18666667,-0.614176432
85.19,-0.584777832
85.19333333,-0.652537028
85.19666667,-0.659601847
85.2,-0.691604614
85.20333333,-0.667373657
85.20666667,-0.685923258
85.21,-0.702590942
85.21333333,-0.66351827
85.21666667,-0.686823527
85.22,-0.673873901
85.22333333,-0.675577799
85.22666667,-0.679255168
85.23,-0.688232422
85.23333333,-0.714747111
85.23666667,-0.659322103
85.24,-0.676971436
85.24333333,-0.615427653
85.24666667,-0.672637939
85.25,-0.632858276
85.25333333,-0.656361898
85.25666667,-0.642450968
85.26,-0.64364624
85.26333333,-0.668843587
85.26666667,-0.672709147
85.27,-0.675476074
85.27333333,-0.680770874
85.27666667,-0.653361003
85.28,-0.698257446
85.28333333,-0.66523234
85.28666667,-0.661712646
85.29,-0.670639038
85.29333333,-0.680018107
85.29666667,-0.694315592
85.3,-0.707244873
85.30333333,-0.691187541
85.30666667,-0.727813721
85.31,-0.755828857
85.31333333,-0.744394938
85.31666667,-0.757598877
85.32,-0.708694458
85.32333333,-0.722702026
85.32666667,-0.713841756
85.33,-0.707458496
85.33333333,-0.680414836
85.33666667,-0.709416707
85.34,-0.688034058
85.34333333,-0.694900513
85.34666667,-0.688964844
85.35,-0.708694458
85.35333333,-0.683059692
85.35666667,-0.677658081
85.36,-0.636856079
85.36333333,-0.649724325
85.36666667,-0.681686401
85.37,-0.67590332
85.37333333,-0.630742391
85.37666667,-0.663263957
85.38,-0.723312378
85.38333333,-0.68242391
85.38666667,-0.638224284
85.39,-0.646362305
85.39333333,-0.623748779
85.39666667,-0.60979716
85.4,-0.589599609
85.40333333,-0.637130737
85.40666667,-0.624623617
85.41,-0.657241821
85.41333333,-0.652170817
85.41666667,-0.64239502
85.42,-0.65473938
85.42333333,-0.632074992
85.42666667,-0.656809489
85.43,-0.686218262
85.43333333,-0.670954386
85.43666667,-0.680379232
85.44,-0.610427856
85.44333333,-0.652491252
85.44666667,-0.659510295
85.45,-0.680465698
85.45333333,-0.667251587
85.45666667,-0.633707682
85.46,-0.629730225
85.46333333,-0.681676229
85.46666667,-0.646769206
85.47,-0.647064209
85.47333333,-0.627721151
85.47666667,-0.627446493
85.48,-0.65864563
85.48333333,-0.657170614
85.48666667,-0.645304362
85.49,-0.638885498
85.49333333,-0.675628662
85.49666667,-0.658533732
85.5,-0.634002686
85.50333333,-0.54015096
85.50666667,-0.496271769
85.51,-0.435592651
85.51333333,-0.378667196
85.51666667,-0.357182821
85.52,-0.359954834
85.52333333,-0.323354085
85.52666667,-0.389984131
85.53,-0.495666504
85.53333333,-0.587844849
85.53666667,-0.650487264
85.54,-0.759307861
85.54333333,-0.764226278
85.54666667,-0.850743612
85.55,-0.907669067
85.55333333,-0.900268555
85.55666667,-0.957921346
85.56,-0.863174438
85.56333333,-0.845911662
85.56666667,-0.784886678
85.57,-0.711044312
85.57333333,-0.691497803
85.57666667,-0.646799723
85.58,-0.694885254
85.58333333,-0.630569458
85.58666667,-0.621114095
85.59,-0.604370117
85.59333333,-0.591089884
85.59666667,-0.617635091
85.6,-0.64491272
85.60333333,-0.58488973
85.60666667,-0.601155599
85.61,-0.572158813
85.61333333,-0.593307495
85.61666667,-0.592854818
85.62,-0.586990356
85.62333333,-0.58388265
85.62666667,-0.611826579
85.63,-0.604766846
85.63333333,-0.604832967
85.63666667,-0.565455119
85.64,-0.582382202
85.64333333,-0.57371521
85.64666667,-0.581334432
85.65,-0.595474243
85.65333333,-0.567235311
85.65666667,-0.571004232
85.66,-0.575378418
85.66333333,-0.564839681
85.66666667,-0.562667847
85.67,-0.569259644
85.67333333,-0.632090251
85.67666667,-0.63394165
85.68,-0.638458252
85.68333333,-0.606892904
85.68666667,-0.550369263
85.69,-0.628204346
85.69333333,-0.593795776
85.69666667,-0.597518921
85.7,-0.625305176
85.70333333,-0.526372274
85.70666667,-0.541285197
85.71,-0.545516968
85.71333333,-0.556325277
85.71666667,-0.545603434
85.72,-0.545852661
85.72333333,-0.532964071
85.72666667,-0.554448446
85.73,-0.496017456
85.73333333,-0.512212118
85.73666667,-0.497919718
85.74,-0.502380371
85.74333333,-0.481948853
85.74666667,-0.500508626
85.75,-0.479888916
85.75333333,-0.493301392
85.75666667,-0.503275553
85.76,-0.44960022
85.76333333,-0.475234985
85.76666667,-0.447413127
85.77,-0.46862793
85.77333333,-0.433822632
85.77666667,-0.423482259
85.78,-0.444656372
85.78333333,-0.432891846
85.78666667,-0.435801188
85.79,-0.426315308
85.79333333,-0.412053426
85.79666667,-0.418914795
85.8,-0.436782837
85.80333333,-0.430928548
85.80666667,-0.444758097
85.81,-0.492553711
85.81333333,-0.487838745
85.81666667,-0.492095947
85.82,-0.553115845
85.82333333,-0.580413818
85.82666667,-0.574132284
85.83,-0.581802368
85.83333333,-0.565846761
85.83666667,-0.527577718
85.84,-0.554519653
85.84333333,-0.587112427
85.84666667,-0.637817383
85.85,-0.61340332
85.85333333,-0.624521891
85.85666667,-0.556894938
85.86,-0.649856567
85.86333333,-0.621037801
85.86666667,-0.614064535
85.87,-0.625991821
85.87333333,-0.679107666
85.87666667,-0.640858968
85.88,-0.677612305
85.88333333,-0.656560262
85.88666667,-0.648269653
85.89,-0.661529541
85.89333333,-0.670811971
85.89666667,-0.649775187
85.9,-0.662231445
85.90333333,-0.642461141
85.90666667,-0.67775472
85.91,-0.656280518
85.91333333,-0.679880778
85.91666667,-0.654347738
85.92,-0.628646851
85.92333333,-0.600794474
85.92666667,-0.635136922
85.93,-0.639328003
85.93333333,-0.616353353
85.93666667,-0.634979248
85.94,-0.629196167
85.94333333,-0.622558594
85.94666667,-0.665145874
85.95,-0.628890991
85.95333333,-0.637741089
85.95666667,-0.658925374
85.96,-0.637802124
85.96333333,-0.651830037
85.96666667,-0.646921794
85.97,-0.66545105
85.97333333,-0.651240031
85.97666667,-0.636815389
85.98,-0.623275757
85.98333333,-0.611699422
85.98666667,-0.637649536
85.99,-0.602767944
85.99333333,-0.602432251
85.99666667,-0.597417196
86,-0.610733032
86.00333333,-0.636901855
86.00666667,-0.649561564
86.01,-0.660247803
86.01333333,-0.666687012
86.01666667,-0.721181234
86.02,-0.67855835
86.02333333,-0.687932332
86.02666667,-0.651102702
86.03,-0.663742065
86.03333333,-0.678354899
86.03666667,-0.68594869
86.04,-0.703857422
86.04333333,-0.675796509
86.04666667,-0.707183838
86.05,-0.656890869
86.05333333,-0.656056722
86.05666667,-0.691853841
86.06,-0.657501221
86.06333333,-0.673945109
86.06666667,-0.681788127
86.07,-0.670135498
86.07333333,-0.67175293
86.07666667,-0.645685832
86.08,-0.675735474
86.08333333,-0.696309408
86.08666667,-0.666488647
86.09,-0.691879272
86.09333333,-0.679504395
86.09666667,-0.672927856
86.1,-0.680847168
86.10333333,-0.722925822
86.10666667,-0.705184937
86.11,-0.702331543
86.11333333,-0.719299316
86.11666667,-0.68359375
86.12,-0.655319214
86.12333333,-0.72525533
86.12666667,-0.723999023
86.13,-0.709869385
86.13333333,-0.7006073
86.13666667,-0.686360677
86.14,-0.732666016
86.14333333,-0.755732218
86.14666667,-0.767934163
86.15,-0.717926025
86.15333333,-0.730621338
86.15666667,-0.676437378
86.16,-0.697158813
86.16333333,-0.739283244
86.16666667,-0.737889608
86.17,-0.736083984
86.17333333,-0.720972697
86.17666667,-0.712905884
86.18,-0.70690918
86.18333333,-0.720113118
86.18666667,-0.709213257
86.19,-0.686584473
86.19333333,-0.698705037
86.19666667,-0.675450643
86.2,-0.68649292
86.20333333,-0.659016927
86.20666667,-0.666473389
86.21,-0.654495239
86.21333333,-0.684346517
86.21666667,-0.683466593
86.22,-0.647628784
86.22333333,-0.678787231
86.22666667,-0.719731649
86.23,-0.715759277
86.23333333,-0.708236694
86.23666667,-0.659891764
86.24,-0.655853271
86.24333333,-0.668828328
86.24666667,-0.679580688
86.25,-0.664901733
86.25333333,-0.652287801
86.25666667,-0.641423543
86.26,-0.653182983
86.26333333,-0.644724528
86.26666667,-0.632120768
86.27,-0.643096924
86.27333333,-0.648269653
86.27666667,-0.621363322
86.28,-0.645202637
86.28333333,-0.673039754
86.28666667,-0.638712565
86.29,-0.647674561
86.29333333,-0.640691121
86.29666667,-0.55279541
86.3,-0.607681274
86.30333333,-0.644393921
86.30666667,-0.659327189
86.31,-0.622344971
86.31333333,-0.613057454
86.31666667,-0.576680501
86.32,-0.583206177
86.32333333,-0.56459554
86.32666667,-0.574203491
86.33,-0.552307129
86.33333333,-0.579325358
86.33666667,-0.587554932
86.34,-0.603118896
86.34333333,-0.603174845
86.34666667,-0.631413778
86.35,-0.656738281
86.35333333,-0.649032593
86.35666667,-0.583318075
86.36,-0.61416626
86.36333333,-0.575129191
86.36666667,-0.637308757
86.37,-0.624679565
86.37333333,-0.615544637
86.37666667,-0.601053874
86.38,-0.646606445
86.38333333,-0.636088053
86.38666667,-0.641906738
86.39,-0.617950439
86.39333333,-0.603927612
86.39666667,-0.661972046
86.4,-0.678787231
86.40333333,-0.654027303
86.40666667,-0.593989054
86.41,-0.622467041
86.41333333,-0.593292236
86.41666667,-0.592041016
86.42,-0.579864502
86.42333333,-0.479695638
86.42666667,-0.464782715
86.43,-0.434143066
86.43333333,-0.402348836
86.43666667,-0.327519735
86.44,-0.334335327
86.44333333,-0.33736674
86.44666667,-0.46035258
86.45,-0.573883057
86.45333333,-0.622258504
86.45666667,-0.647755941
86.46,-0.760360718
86.46333333,-0.821543376
86.46666667,-0.84236145
86.47,-0.913253784
86.47333333,-0.912689209
86.47666667,-0.944630941
86.48,-0.935333252
86.48333333,-0.875320435
86.48666667,-0.853490194
86.49,-0.785903931
86.49333333,-0.693908691
86.49666667,-0.63885498
86.5,-0.617218018
86.50333333,-0.64557902
86.50666667,-0.656199137
86.51,-0.63420105
86.51333333,-0.668752035
86.51666667,-0.625864665
86.52,-0.609329224
86.52333333,-0.622879028
86.52666667,-0.623240153
86.53,-0.589187622
86.53333333,-0.622355143
86.53666667,-0.597752889
86.54,-0.583480835
86.54333333,-0.553268433
86.54666667,-0.565765381
86.55,-0.521774292
86.55333333,-0.61034139
86.55666667,-0.587371826
86.56,-0.541748047
86.56333333,-0.603932699
86.56666667,-0.56737264
86.57,-0.506546021
86.57333333,-0.551050822
86.57666667,-0.573908488
86.58,-0.575698853
86.58333333,-0.590515137
86.58666667,-0.523666382
86.59,-0.524459839
86.59333333,-0.513168335
86.59666667,-0.565846761
86.6,-0.597000122
86.60333333,-0.563079834
86.60666667,-0.522862752
86.61,-0.548828125
86.61333333,-0.517705282
86.61666667,-0.552393595
86.62,-0.471298218
86.62333333,-0.479075114
86.62666667,-0.447402954
86.63,-0.474746704
86.63333333,-0.465876261
86.63666667,-0.464874268
86.64,-0.444625854
86.64333333,-0.419026693
86.64666667,-0.418914795
86.65,-0.415267944
86.65333333,-0.414637248
86.65666667,-0.427897135
86.66,-0.405151367
86.66333333,-0.370295207
86.66666667,-0.355402629
86.67,-0.392730713
86.67333333,-0.366592407
86.67666667,-0.366704305
86.68,-0.380691528
86.68333333,-0.356674194
86.68666667,-0.367111206
86.69,-0.31590271
86.69333333,-0.342468262
86.69666667,-0.327504476
86.7,-0.375442505
86.70333333,-0.335367839
86.70666667,-0.35333252
86.71,-0.340667725
86.71333333,-0.313634237
86.71666667,-0.34459432
86.72,-0.361495972
86.72333333,-0.317026774
86.72666667,-0.353052775
86.73,-0.419677734
86.73333333,-0.416946411
86.73666667,-0.370997111
86.74,-0.374313354
86.74333333,-0.401916504
86.74666667,-0.420262655
86.75,-0.435638428
86.75333333,-0.456532796
86.75666667,-0.452997843
86.76,-0.486190796
86.76333333,-0.507822673
86.76666667,-0.570729574
86.77,-0.522033691
86.77333333,-0.505162557
86.77666667,-0.515299479
86.78,-0.502487183
86.78333333,-0.523834229
86.78666667,-0.539128621
86.79,-0.561401367
86.79333333,-0.501103719
86.79666667,-0.526575724
86.8,-0.559082031
86.80333333,-0.520268758
86.80666667,-0.557434082
86.81,-0.537750244
86.81333333,-0.512924194
86.81666667,-0.55287679
86.82,-0.500152588
86.82333333,-0.576283773
86.82666667,-0.498560588
86.83,-0.536697388
86.83333333,-0.536473592
86.83666667,-0.519643148
86.84,-0.571746826
86.84333333,-0.556655884
86.84666667,-0.485346476
86.85,-0.541915894
86.85333333,-0.5562795
86.85666667,-0.592193604
86.86,-0.592163086
86.86333333,-0.544001261
86.86666667,-0.546773275
86.87,-0.565170288
86.87333333,-0.568171183
86.87666667,-0.56972758
86.88,-0.545532227
86.88333333,-0.532913208
86.88666667,-0.539479574
86.89,-0.590301514
86.89333333,-0.542709351
86.89666667,-0.546381632
86.9,-0.529556274
86.90333333,-0.547119141
86.90666667,-0.527109782
86.91,-0.558547974
86.91333333,-0.542170207
86.91666667,-0.553512573
86.92,-0.543533325
86.92333333,-0.539438883
86.92666667,-0.515711466
86.93,-0.553482056
86.93333333,-0.567703247
86.93666667,-0.570195516
86.94,-0.545211792
86.94333333,-0.59278361
86.94666667,-0.555226644
86.95,-0.576934814
86.95333333,-0.588399251
86.95666667,-0.567637126
86.96,-0.581390381
86.96333333,-0.563283285
86.96666667,-0.568847656
86.97,-0.544326782
86.97333333,-0.579849243
86.97666667,-0.578511556
86.98,-0.581039429
86.98333333,-0.569229126
86.98666667,-0.559087118
86.99,-0.556716919
86.99333333,-0.584798177
86.99666667,-0.613098145
87,-0.597763062
87.00333333,-0.576751709
87.00666667,-0.585764567
87.01,-0.58152771
87.01333333,-0.557851156
87.01666667,-0.542577108
87.02,-0.54208374
87.02333333,-0.508555094
87.02666667,-0.572194417
87.03,-0.572158813
87.03333333,-0.585378011
87.03666667,-0.546463013
87.04,-0.494354248
87.04333333,-0.487650553
87.04666667,-0.535608927
87.05,-0.55519104
87.05333333,-0.58241272
87.05666667,-0.569986979
87.06,-0.563827515
87.06333333,-0.541748047
87.06666667,-0.555089315
87.07,-0.560791016
87.07333333,-0.565144857
87.07666667,-0.547424316
87.08,-0.602706909
87.08333333,-0.577163696
87.08666667,-0.514790853
87.09,-0.480361938
87.09333333,-0.532892863
87.09666667,-0.514078776
87.1,-0.520401001
87.10333333,-0.571899414
87.10666667,-0.551513672
87.11,-0.536087036
87.11333333,-0.544372559
87.11666667,-0.5372111
87.12,-0.515487671
87.12333333,-0.510375977
87.12666667,-0.535736084
87.13,-0.555648804
87.13333333,-0.562235514
87.13666667,-0.526819865
87.14,-0.50680542
87.14333333,-0.491160075
87.14666667,-0.481450399
87.15,-0.425109863
87.15333333,-0.451222738
87.15666667,-0.449717204
87.16,-0.469436646
87.16333333,-0.462936401
87.16666667,-0.502268473
87.17,-0.461242676
87.17333333,-0.43880717
87.17666667,-0.436264038
87.18,-0.47315979
87.18333333,-0.47899882
87.18666667,-0.473454793
87.19,-0.453918457
87.19333333,-0.420318604
87.19666667,-0.456385295
87.2,-0.476455688
87.20333333,-0.487564087
87.20666667,-0.479156494
87.21,-0.462936401
87.21333333,-0.421193441
87.21666667,-0.47609965
87.22,-0.449768066
87.22333333,-0.474304199
87.22666667,-0.463027954
87.23,-0.456848145
87.23333333,-0.448303223
87.23666667,-0.440765381
87.24,-0.439529419
87.24333333,-0.446843465
87.24666667,-0.42435201
87.25,-0.41809082
87.25333333,-0.421422323
87.25666667,-0.462122599
87.26,-0.437179565
87.26333333,-0.439626058
87.26666667,-0.484593709
87.27,-0.442062378
87.27333333,-0.397466024
87.27666667,-0.421941121
87.28,-0.442733765
87.28333333,-0.41615804
87.28666667,-0.444630941
87.29,-0.38079834
87.29333333,-0.372792562
87.29666667,-0.426589966
87.3,-0.370330811
87.30333333,-0.315856934
87.30666667,-0.221511841
87.31,-0.212921143
87.31333333,-0.126332601
87.31666667,-0.117645264
87.32,-0.158050537
87.32333333,-0.226379395
87.32666667,-0.272964478
87.33,-0.369415283
87.33333333,-0.411605835
87.33666667,-0.525604248
87.34,-0.567382813
87.34333333,-0.629358927
87.34666667,-0.67910258
87.35,-0.676269531
87.35333333,-0.664189657
87.35666667,-0.637751261
87.36,-0.59777832
87.36333333,-0.535405477
87.36666667,-0.522537231
87.37,-0.437438965
87.37333333,-0.396118164
87.37666667,-0.373301188
87.38,-0.368743896
87.38333333,-0.404586792
87.38666667,-0.358373006
87.39,-0.322311401
87.39333333,-0.338750203
87.39666667,-0.365875244
87.4,-0.317687988
87.40333333,-0.351699829
87.40666667,-0.356440226
87.41,-0.260131836
87.41333333,-0.265680949
87.41666667,-0.300470988
87.42,-0.312255859
87.42333333,-0.288309733
87.42666667,-0.284103394
87.43,-0.257034302
87.43333333,-0.26087443
87.43666667,-0.278289795
87.44,-0.258102417
87.44333333,-0.275945028
87.44666667,-0.270309448
87.45,-0.212249756
87.45333333,-0.26318868
87.45666667,-0.248016357
87.46,-0.1953125
87.46333333,-0.260131836
87.46666667,-0.22740682
87.47,-0.226867676
87.47333333,-0.240285238
87.47666667,-0.232345581
87.48,-0.202346802
87.48333333,-0.204823812
87.48666667,-0.201914469
87.49,-0.185287476
87.49333333,-0.193115234
87.49666667,-0.195699056
87.5,-0.175857544
87.50333333,-0.196446737
87.50666667,-0.197021484
87.51,-0.152664185
87.51333333,-0.140050252
87.51666667,-0.182317098
87.52,-0.199890137
87.52333333,-0.13780721
87.52666667,-0.156611125
87.53,-0.112762451
87.53333333,-0.138804118
87.53666667,-0.136266073
87.54,-0.103469849
87.54333333,-0.081878662
87.54666667,-0.071421305
87.55,-0.105438232
87.55333333,-0.091659546
87.55666667,-0.095896403
87.56,-0.073974609
87.56333333,-0.115921021
87.56666667,-0.135803223
87.57,-0.076629639
87.57333333,-0.046936035
87.57666667,-0.0659434
87.58,-0.073257446
87.58333333,-0.061162313
87.58666667,-0.088322957
87.59,-0.06413269
87.59333333,-0.07522583
87.59666667,-0.024052938
87.6,-0.033187866
87.60333333,-0.053746541
87.60666667,-0.091766357
87.61,-0.038513184
87.61333333,-0.074564616
87.61666667,-0.16436259
87.62,-0.228118896
87.62333333,-0.175420125
87.62666667,-0.145874023
87.63,-0.253494263
87.63333333,-0.270385742
87.63666667,-0.304412842
87.64,-0.212036133
87.64333333,-0.24899292
87.64666667,-0.231994629
87.65,-0.244064331
87.65333333,-0.269271851
87.65666667,-0.277201335
87.66,-0.258255005
87.66333333,-0.258473714
87.66666667,-0.284449259
87.67,-0.285415649
87.67333333,-0.271255493
87.67666667,-0.278757731
87.68,-0.239425659
87.68333333,-0.244547526
87.68666667,-0.25600179
87.69,-0.260040283
87.69333333,-0.267471313
87.69666667,-0.25974528
87.7,-0.233764648
87.70333333,-0.275436401
87.70666667,-0.244654338
87.71,-0.240402222
87.71333333,-0.252604167
87.71666667,-0.258382161
87.72,-0.253204346
87.72333333,-0.278518677
87.72666667,-0.26642863
87.73,-0.267303467
87.73333333,-0.255381266
87.73666667,-0.268747965
87.74,-0.259994507
87.74333333,-0.242116292
87.74666667,-0.288040161
87.75,-0.289535522
87.75333333,-0.321070353
87.75666667,-0.293462118
87.76,-0.233688354
87.76333333,-0.244720459
87.76666667,-0.272115072
87.77,-0.294174194
87.77333333,-0.295837402
87.77666667,-0.290476481
87.78,-0.310089111
87.78333333,-0.207163493
87.78666667,-0.223856608
87.79,-0.280899048
87.79333333,-0.290674845
87.79666667,-0.301849365
87.8,-0.308914185
87.80333333,-0.299769084
87.80666667,-0.234441121
87.81,-0.2762146
87.81333333,-0.275360107
87.81666667,-0.258000692
87.82,-0.291793823
87.82333333,-0.281234741
87.82666667,-0.3152771
87.83,-0.254241943
87.83333333,-0.233586629
87.83666667,-0.258906047
87.84,-0.220550537
87.84333333,-0.227401733
87.84666667,-0.222793579
87.85,-0.204849243
87.85333333,-0.207041423
87.85666667,-0.226308187
87.86,-0.240478516
87.86333333,-0.260457357
87.86666667,-0.234476725
87.87,-0.211776733
87.87333333,-0.250473022
87.87666667,-0.204223633
87.88,-0.217575073
87.88333333,-0.224431356
87.88666667,-0.239181519
87.89,-0.2240448
87.89333333,-0.165496826
87.89666667,-0.180053711
87.9,-0.197219849
87.90333333,-0.189005534
87.90666667,-0.220286051
87.91,-0.226867676
87.91333333,-0.218811035
87.91666667,-0.194040934
87.92,-0.229278564
87.92333333,-0.19144694
87.92666667,-0.165817261
87.93,-0.180114746
87.93333333,-0.193888346
87.93666667,-0.233428955
87.94,-0.202178955
87.94333333,-0.177947998
87.94666667,-0.173456828
87.95,-0.175704956
87.95333333,-0.182988485
87.95666667,-0.167978923
87.96,-0.211791992
87.96333333,-0.189585368
87.96666667,-0.174585978
87.97,-0.160186768
87.97333333,-0.154891968
87.97666667,-0.170511882
87.98,-0.197235107
87.98333333,-0.145238241
87.98666667,-0.181289673
87.99,-0.191390991
87.99333333,-0.195103963
87.99666667,-0.140182495
88,-0.1953125
88.00333333,-0.234115601
88.00666667,-0.173706055
88.01,-0.163955688
88.01333333,-0.186986287
88.01666667,-0.178019206
88.02,-0.204238892
88.02333333,-0.167027791
88.02666667,-0.125691732
88.03,-0.194458008
88.03333333,-0.179316203
88.03666667,-0.154637655
88.04,-0.127853394
88.04333333,-0.149480184
88.04666667,-0.168253581
88.05,-0.159759521
88.05333333,-0.235656738
88.05666667,-0.174331665
88.06,-0.121307373
88.06333333,-0.138473511
88.06666667,-0.150019328
88.07,-0.104507446
88.07333333,-0.125478109
88.07666667,-0.143122355
88.08,-0.152313232
88.08333333,-0.117111206
88.08666667,-0.123840332
88.09,-0.050430298
88.09333333,-0.077682495
88.09666667,-0.099019368
88.1,-0.134506226
88.10333333,-0.126373291
88.10666667,-0.082794189
88.11,-0.049057007
88.11333333,-0.064900716
88.11666667,-0.147527059
88.12,-0.137985229
88.12333333,-0.11366272
88.12666667,-0.120819092
88.13,-0.135147095
88.13333333,-0.106658936
88.13666667,-0.127329508
88.14,-0.127044678
88.14333333,-0.114430745
88.14666667,-0.082458496
88.15,-0.121154785
88.15333333,-0.137435913
88.15666667,-0.146581014
88.16,-0.150512695
88.16333333,-0.114608765
88.16666667,-0.160853068
88.17,-0.165481567
88.17333333,-0.144297282
88.17666667,-0.123931885
88.18,-0.146942139
88.18333333,-0.142313639
88.18666667,-0.124913534
88.19,-0.054016113
88.19333333,-0.053492228
88.19666667,0.010152181
88.2,0.016860962
88.20333333,0.121241252
88.20666667,0.131027222
88.21,0.122390747
88.21333333,0.054478963
88.21666667,-0.017674764
88.22,-0.052627563
88.22333333,-0.053243001
88.22666667,-0.186035156
88.23,-0.265289307
88.23333333,-0.335083008
88.23666667,-0.383280436
88.24,-0.35987854
88.24333333,-0.371210734
88.24666667,-0.302205404
88.25,-0.279998779
88.25333333,-0.26705424
88.25666667,-0.197840373
88.26,-0.19934082
88.26333333,-0.115285238
88.26666667,-0.076217651
88.27,-0.092315674
88.27333333,-0.096913656
88.27666667,-0.076156616
88.28,-0.073471069
88.28333333,-0.07001241
88.28666667,-0.076207479
88.29,-0.096923828
88.29333333,-0.04897054
88.29666667,-0.040578206
88.3,-0.027389526
88.30333333,-0.034698486
88.30666667,-0.011978149
88.31,-0.028457642
88.31333333,-0.028518677
88.31666667,-0.039265951
88.32,-0.01852417
88.32333333,0.010325114
88.32666667,-0.032923381
88.33,-0.023132324
88.33333333,-0.036875407
88.33666667,-0.014943441
88.34,-0.036224365
88.34333333,0.013590495
88.34666667,0.017186483
88.35,0.007476807
88.35333333,-0.004765828
88.35666667,-0.037424723
88.36,-0.036941528
88.36333333,-0.017237345
88.36666667,0.023295085
88.37,0.062225342
88.37333333,0.09429423
88.37666667,0.065297445
88.38,0.044464111
88.38333333,0.023905436
88.38666667,0.048700968
88.39,0.046600342
88.39333333,0.155690511
88.39666667,0.129638672
88.4,0.094833374
88.40333333,0.072982788
88.40666667,0.103683472
88.41,0.102478027
88.41333333,0.083811442
88.41666667,0.114313761
88.42,0.104629517
88.42333333,0.093983968
88.42666667,0.089457194
88.43,0.144638062
88.43333333,0.161132812
88.43666667,0.173258464
88.44,0.134796143
88.44333333,0.19514974
88.44666667,0.171773275
88.45,0.17578125
88.45333333,0.205373128
88.45666667,0.218154907
88.46,0.223739624
88.46333333,0.217885335
88.46666667,0.200780233
88.47,0.179122925
88.47333333,0.229482015
88.47666667,0.214141846
88.48,0.209442139
88.48333333,0.215835571
88.48666667,0.219655355
88.49,0.208297729
88.49333333,0.206222534
88.49666667,0.172281901
88.5,0.122070313
88.50333333,0.098943075
88.50666667,0.12642924
88.51,0.140609741
88.51333333,0.106389364
88.51666667,0.066858927
88.52,0.118087769
88.52333333,0.109583537
88.52666667,0.103886922
88.53,0.0519104
88.53333333,0.104014079
88.53666667,0.073852539
88.54,0.033233643
88.54333333,0.026901245
88.54666667,0.01230367
88.55,0.032272339
88.55333333,0.008366903
88.55666667,-0.018208822
88.56,0.029769897
88.56333333,0.050354004
88.56666667,0.038808187
88.57,-0.00769043
88.57333333,0.036722819
88.57666667,0.03894043
88.58,-0.005935669
88.58333333,0.003814697
88.58666667,0.027247111
88.59,0.0390625
88.59333333,0.049357096
88.59666667,0.024271647
88.6,0.012283325
88.60333333,0.023081462
88.60666667,-0.015650431
88.61,0.061676025
88.61333333,0.021072388
88.61666667,0.021006266
88.62,0.012466431
88.62333333,-0.033493042
88.62666667,-0.008529663
88.63,-0.002151489
88.63333333,-0.017420451
88.63666667,-0.011550903
88.64,0.019683838
88.64333333,-0.049789429
88.64666667,-0.008494059
88.65,-0.052108765
88.65333333,-0.053059896
88.65666667,-0.082249959
88.66,-0.045532227
88.66333333,-0.02247111
88.66666667,-0.059382121
88.67,-0.012374878
88.67333333,-0.027058919
88.67666667,0.018269857
88.68,0.013870239
88.68333333,0.00116984
88.68666667,-0.030654907
88.69,-0.014846802
88.69333333,-0.005284627
88.69666667,0.015741984
88.7,-0.019607544
88.70333333,-0.042831421
88.70666667,0.001281738
88.71,-0.005828857
88.71333333,0.043838501
88.71666667,0.022150675
88.72,0.033096313
88.72333333,0.03427124
88.72666667,-0.005015055
88.73,-0.005630493
88.73333333,0.035273234
88.73666667,-0.048660278
88.74,-0.003875732
88.74333333,-0.005493164
88.74666667,0.025746663
88.75,0.042724609
88.75333333,0.037068685
88.75666667,0.02057902
88.76,0.017272949
88.76333333,-0.000193278
88.76666667,0.057398478
88.77,0.054092407
88.77333333,0.067362467
88.77666667,0.088816325
88.78,0.030944824
88.78333333,0.024058024
88.78666667,0.011698405
88.79,-0.000656128
88.79333333,-0.012023926
88.79666667,0.023956299
88.8,0.043716431
88.80333333,0.00617981
88.80666667,0.013900757
88.81,0.052230835
88.81333333,0.032969157
88.81666667,0.039749146
88.82,0.020584106
88.82333333,0.05048116
88.82666667,0.055084229
88.83,0.017547607
88.83333333,0.012842814
88.83666667,0.03940328
88.84,0.055984497
88.84333333,0.083485921
88.84666667,0.043111165
88.85,0.082778931
88.85333333,0.07476298
88.85666667,0.058868408
88.86,0.060836792
88.86333333,0.031463623
88.86666667,0.053990682
88.87,0.085098267
88.87333333,0.035079956
88.87666667,0.05279541
88.88,0.009155273
88.88333333,0.079778035
88.88666667,0.055923462
88.89,0.046905518
88.89333333,0.076960246
88.89666667,0.075556437
88.9,0.007095337
88.90333333,-0.045583089
88.90666667,0.013137817
88.91,0.026168823
88.91333333,0.045837402
88.91666667,0.018692017
88.92,0.046615601
88.92333333,0.025426229
88.92666667,0.04456075
88.93,-0.014358521
88.93333333,0.019861857
88.93666667,0.009353638
88.94,0.02633667
88.94333333,0.06052653
88.94666667,0.045155843
88.95,0.024414063
88.95333333,0.028528849
88.95666667,0.020451864
88.96,0.032226563
88.96333333,0.001642863
88.96666667,-0.010706584
88.97,0.022094727
88.97333333,0.039215088
88.97666667,0.04641215
88.98,0.067611694
88.98333333,0.03578186
88.98666667,0.060038249
88.99,0.076416016
88.99333333,0.085673014
88.99666667,0.046727498
89,0.032806396
89.00333333,0.019226074
89.00666667,0.039505005
89.01,0.099472046
89.01333333,0.074223836
89.01666667,0.053939819
89.02,0.079864502
89.02333333,0.061075846
89.02666667,0.116633097
89.03,0.09475708
89.03333333,0.065689087
89.03666667,0.104675293
89.04,0.172073364
89.04333333,0.165959676
89.04666667,0.124430339
89.05,0.104064941
89.05333333,0.127049764
89.05666667,0.097930908
89.06,0.122650146
89.06333333,0.079661051
89.06666667,0.07581075
89.07,0.103759766
89.07333333,0.084676107
89.07666667,0.097147624
89.08,0.093063354
89.08333333,0.050989787
89.08666667,0.07244873
89.09,0.06690979
89.09333333,0.107487996
89.09666667,0.069046021
89.1,0.042190552
89.10333333,0.028330485
89.10666667,0.062698364
89.11,0.042938232
89.11333333,0.068450928
89.11666667,0.052642822
89.12,0.016784668
89.12333333,0.033706665
89.12666667,0.128372192
89.13,0.057800293
89.13333333,0.007680257
89.13666667,0.016438802
89.14,0.075866699
89.14333333,0.112345378
89.14666667,0.156183879
89.15,0.191650391
89.15333333,0.223683675
89.15666667,0.253885905
89.16,0.305496216
89.16333333,0.288564046
89.16666667,0.291061401
89.17,0.185775757
89.17333333,0.179885864
89.17666667,0.124547323
89.18,0.068069458
89.18333333,-0.030899048
89.18666667,-0.105173747
89.19,-0.186752319
89.19333333,-0.264444987
89.19666667,-0.260192871
89.2,-0.249938965
89.20333333,-0.164454142
89.20666667,-0.074513753
89.21,0.021026611
89.21333333,0.035685221
89.21666667,0.066655477
89.22,0.072540283
89.22333333,0.07270813
89.22666667,0.021402995
89.23,0.083480835
89.23333333,0.131123861
89.23666667,0.08287557
89.24,0.066131592
89.24333333,0.071731567
89.24666667,0.131388346
89.25,0.091552734
89.25333333,0.098658244
89.25666667,0.102737427
89.26,0.111129761
89.26333333,0.144460042
89.26666667,0.12491862
89.27,0.136825562
89.27333333,0.14419047
89.27666667,0.16225179
89.28,0.199523926
89.28333333,0.124435425
89.28666667,0.128194173
89.29,0.145553589
89.29333333,0.153656006
89.29666667,0.107106527
89.3,0.113525391
89.30333333,0.124740601
89.30666667,0.197316488
89.31,0.233261108
89.31333333,0.207305908
89.31666667,0.235570272
89.32,0.182495117
89.32333333,0.171905518
89.32666667,0.155766805
89.33,0.199295044
89.33333333,0.210952759
89.33666667,0.166071574
89.34,0.221908569
89.34333333,0.24651591
89.34666667,0.222478231
89.35,0.188140869
89.35333333,0.210454305
89.35666667,0.173711141
89.36,0.187789917
89.36333333,0.235727946
89.36666667,0.287475586
89.37,0.259735107
89.37333333,0.262313843
89.37666667,0.242451986
89.38,0.258209229
89.38333333,0.267105103
89.38666667,0.300420125
89.39,0.302139282
89.39333333,0.301976522
89.39666667,0.352925618
89.4,0.353927612
89.40333333,0.353530884
89.40666667,0.346399943
89.41,0.345001221
89.41333333,0.363739014
89.41666667,0.329335531
89.42,0.403747559
89.42333333,0.355041504
89.42666667,0.386098226
89.43,0.391845703
89.43333333,0.421651204
89.43666667,0.398554484
89.44,0.366485596
89.44333333,0.367986043
89.44666667,0.328160604
89.45,0.335693359
89.45333333,0.303334554
89.45666667,0.301981608
89.46,0.312759399
89.46333333,0.238886515
89.46666667,0.250956217
89.47,0.214660645
89.47333333,0.222483317
89.47666667,0.196034749
89.48,0.196380615
89.48333333,0.163853963
89.48666667,0.142318726
89.49,0.082458496
89.49333333,0.1144104
89.49666667,0.10736084
89.5,0.080108643
89.50333333,0.077123006
89.50666667,0.075012207
89.51,0.060974121
89.51333333,0.043395996
89.51666667,0.029296875
89.52,0.101806641
89.52333333,0.110092163
89.52666667,0.086756388
89.53,0.048736572
89.53333333,0.085550944
89.53666667,0.071497599
89.54,0.008377075
89.54333333,0.050445557
89.54666667,0.086181641
89.55,0.040206909
89.55333333,0.062932332
89.55666667,0.060511271
89.56,0.02583313
89.56333333,0.046554565
89.56666667,0.043665568
89.57,0.066467285
89.57333333,0.04196167
89.57666667,0.034479777
89.58,0.021194458
89.58333333,0.04119873
89.58666667,0.094629924
89.59,0.102096558
89.59333333,0.102966309
89.59666667,0.061197917
89.6,0.033950806
89.60333333,0.032847087
89.60666667,0.034383138
89.61,0.011779785
89.61333333,0.032704671
89.61666667,0.059890747
89.62,0.090576172
89.62333333,0.054794312
89.62666667,0.044759115
89.63,0.063140869
89.63333333,0.043436686
89.63666667,0.086420695
89.64,0.025009155
89.64333333,0.05233256
89.64666667,0.030125936
89.65,0.025939941
89.65333333,0.090866089
89.65666667,0.078038534
89.66,0.117263794
89.66333333,0.058003743
89.66666667,0.067138672
89.67,0.057159424
89.67333333,0.055867513
89.67666667,0.080327352
89.68,0.056060791
89.68333333,0.098012288
89.68666667,0.110483805
89.69,0.103103638
89.69333333,0.048772176
89.69666667,0.050303141
89.7,0.058517456
89.70333333,0.079376221
89.70666667,0.032831828
89.71,0.091812134
89.71333333,0.047693888
89.71666667,0.030695597
89.72,0.058929443
89.72333333,0.10480245
89.72666667,0.065180461
89.73,0.047897339
89.73333333,0.054753621
89.73666667,0.05498759
89.74,0.052215576
89.74333333,0.039520264
89.74666667,0.050120036
89.75,0.02822876
89.75333333,0.031850179
89.75666667,0.047673543
89.76,0.072769165
89.76333333,0.03209432
89.76666667,0.019302368
89.77,0.0131073
89.77333333,0.033554077
89.77666667,0.07518514
89.78,0.045974731
89.78333333,0.023829142
89.78666667,0.061945597
89.79,0.07975769
89.79333333,0.034861247
89.79666667,0.03825887
89.8,0.078048706
89.80333333,0.034250895
89.80666667,0.069046021
89.81,0.072753906
89.81333333,0.118270874
89.81666667,0.089645386
89.82,0.092727661
89.82333333,0.076395671
89.82666667,0.07762146
89.83,0.149139404
89.83333333,0.116729736
89.83666667,0.116333008
89.84,0.121368408
89.84333333,0.142445882
89.84666667,0.163370768
89.85,0.117721558
89.85333333,0.163655599
89.85666667,0.116973877
89.86,0.129867554
89.86333333,0.172876994
89.86666667,0.153986613
89.87,0.170547485
89.87333333,0.139633179
89.87666667,0.132980347
89.88,0.070327759
89.88333333,0.063654582
89.88666667,0.127482096
89.89,0.142227173
89.89333333,0.139033
89.89666667,0.09928894
89.9,0.095748901
89.90333333,0.125712077
89.90666667,0.101430257
89.91,0.076629639
89.91333333,0.115264893
89.91666667,0.114822388
89.92,0.166229248
89.92333333,0.166046143
89.92666667,0.192164103
89.93,0.165161133
89.93333333,0.131657918
89.93666667,0.148264567
89.94,0.18800354
89.94333333,0.202356974
89.94666667,0.185460409
89.95,0.186386108
89.95333333,0.159673055
89.95666667,0.196426392
89.96,0.170959473
89.96333333,0.232396444
89.96666667,0.201339722
89.97,0.207092285
89.97333333,0.174672445
89.97666667,0.181716919
89.98,0.206878662
89.98333333,0.215504964
89.98666667,0.215291341
89.99,0.180404663
89.99333333,0.219772339
89.99666667,0.167317708
90,0.227355957
90.00333333,0.230641683
90.00666667,0.25638326
90.01,0.208175659
90.01333333,0.182174683
90.01666667,0.15856425
90.02,0.158447266
90.02333333,0.172190348
90.02666667,0.198710124
90.03,0.227920532
90.03333333,0.172271729
90.03666667,0.230072021
90.04,0.231582642
90.04333333,0.292704264
90.04666667,0.244028727
90.05,0.210723877
90.05333333,0.188430786
90.05666667,0.171325684
90.06,0.224502563
90.06333333,0.179046631
90.06666667,0.165278117
90.07,0.154846191
90.07333333,0.199101766
90.07666667,0.227055868
90.08,0.213394165
90.08333333,0.202051799
90.08666667,0.240290324
90.09,0.203277588
90.09333333,0.234278361
90.09666667,0.245574951
90.1,0.215301514
90.10333333,0.240147909
90.10666667,0.219991048
90.11,0.232543945
90.11333333,0.217213949
90.11666667,0.225397746
90.12,0.234054565
90.12333333,0.23945109
90.12666667,0.235921224
90.13,0.211013794
90.13333333,0.184936523
90.13666667,0.23328654
90.14,0.235229492
90.14333333,0.295140584
90.14666667,0.337310791
90.15,0.398712158
90.15333333,0.479492188
90.15666667,0.507324219
90.16,0.448028564
90.16333333,0.439112345
90.16666667,0.333913167
90.17,0.310836792
90.17333333,0.289159139
90.17666667,0.167861938
90.18,0.096481323
90.18333333,-0.007324219
90.18666667,-0.102884928
90.19,-0.108276367
90.19333333,-0.117736816
90.19666667,-0.075419108
90.2,-0.028686523
90.20333333,0.043752035
90.20666667,0.07166036
90.21,0.168685913
90.21333333,0.186752319
90.21666667,0.211283366
90.22,0.163208008
90.22333333,0.165440877
90.22666667,0.235020955
90.23,0.21105957
90.23333333,0.227355957
90.23666667,0.208435059
90.24,0.241088867
90.24333333,0.23306783
90.24666667,0.271616618
90.25,0.258636475
90.25333333,0.273086548
90.25666667,0.22996521
90.26,0.228485107
90.26333333,0.255030314
90.26666667,0.262069702
90.27,0.21321106
90.27333333,0.20556132
90.27666667,0.219431559
90.28,0.240020752
90.28333333,0.270690918
90.28666667,0.199696859
90.29,0.192016602
90.29333333,0.185012817
90.29666667,0.194371541
90.3,0.250320435
90.30333333,0.246454875
90.30666667,0.245213826
90.31,0.239593506
90.31333333,0.232538859
90.31666667,0.222066243
90.32,0.272186279
90.32333333,0.292256673
90.32666667,0.271519979
90.33,0.236236572
90.33333333,0.253677368
90.33666667,0.28696696
90.34,0.305618286
90.34333333,0.292460124
90.34666667,0.31312561
90.35,0.327987671
90.35333333,0.318206787
90.35666667,0.299514771
90.36,0.295593262
90.36333333,0.293436686
90.36666667,0.343424479
90.37,0.341567993
90.37333333,0.357696533
90.37666667,0.384435018
90.38,0.393661499
90.38333333,0.39487203
90.38666667,0.304377238
90.39,0.351364136
90.39333333,0.400782267
90.39666667,0.395039876
90.4,0.389022827
90.40333333,0.443110148
90.40666667,0.423721313
90.41,0.440063477
90.41333333,0.439056396
90.41666667,0.434494019
90.42,0.435241699
90.42333333,0.47984314
90.42666667,0.495569865
90.43,0.461654663
90.43333333,0.439631144
90.43666667,0.434956868
90.44,0.451293945
90.44333333,0.45413208
90.44666667,0.408213298
90.45,0.418777466
90.45333333,0.431462606
90.45666667,0.371205648
90.46,0.361801147
90.46333333,0.364578247
90.46666667,0.334523519
90.47,0.293655396
90.47333333,0.302266439
90.47666667,0.287378947
90.48,0.230926514
90.48333333,0.19589742
90.48666667,0.239466349
90.49,0.231689453
90.49333333,0.207041423
90.49666667,0.227834066
90.5,0.221633911
90.50333333,0.191029867
90.50666667,0.210530599
90.51,0.216690063
90.51333333,0.213297526
90.51666667,0.212682088
90.52,0.245422363
90.52333333,0.226628621
90.52666667,0.155461629
90.53,0.153701782
90.53333333,0.162226359
90.53666667,0.245162964
90.54,0.196136475
90.54333333,0.157903035
90.54666667,0.177271525
90.55,0.181655884
90.55333333,0.187210083
90.55666667,0.136077881
90.56,0.149261475
90.56333333,0.200627645
90.56666667,0.169881185
90.57,0.184494019
90.57333333,0.157933553
90.57666667,0.179361979
90.58,0.163986206
90.58333333,0.160344442
90.58666667,0.148391724
90.59,0.132263184
90.59333333,0.205581665
90.59666667,0.171773275
90.6,0.115814209
90.60333333,0.1622111
90.60666667,0.142003377
90.61,0.162200928
90.61333333,0.141647339
90.61666667,0.129547119
90.62,0.138565063
90.62333333,0.144383748
90.62666667,0.149592082
90.63,0.139312744
90.63333333,0.120951335
90.63666667,0.155990601
90.64,0.125457764
90.64333333,0.126246134
90.64666667,0.072158813
90.65,0.06690979
90.65333333,0.080698649
90.65666667,0.125722249
90.66,0.087646484
90.66333333,0.103240967
90.66666667,0.106811523
90.67,0.145996094
90.67333333,0.094441732
90.67666667,0.131347656
90.68,0.158157349
90.68333333,0.123697917
90.68666667,0.103449504
90.69,0.164550781
90.69333333,0.117090861
90.69666667,0.06219991
90.7,0.02456665
90.70333333,0.091156006
90.70666667,0.177062988
90.71,0.10118103
90.71333333,0.00499471
90.71666667,0.050328573
90.72,0.061630249
90.72333333,0.064030965
90.72666667,0.10732015
90.73,0.10118103
90.73333333,0.061289469
90.73666667,0.069366455
90.74,0.050262451
90.74333333,0.066492716
90.74666667,0.001113892
90.75,0.035095215
90.75333333,0.050806681
90.75666667,0.071614583
90.76,0.053039551
90.76333333,0.060597738
90.76666667,0.074437459
90.77,0.063858032
90.77333333,0.094573975
90.77666667,0.086970011
90.78,0.052536011
90.78333333,0.08702596
90.78666667,0.125391642
90.79,0.069747925
90.79333333,0.082524618
90.79666667,0.073359172
90.8,0.071640015
90.80333333,0.031804403
90.80666667,0.018707275
90.81,0.054656982
90.81333333,0.056213379
90.81666667,0.012868245
90.82,0.038513184
90.82333333,0.127929688
90.82666667,0.126856486
90.83,0.079803467
90.83333333,0.079981486
90.83666667,0.088170369
90.84,0.115081787
90.84333333,0.136789958
90.84666667,0.106196086
90.85,0.078811646
90.85333333,0.105707804
90.85666667,0.099609375
90.86,0.090606689
90.86333333,0.090662638
90.86666667,0.106887817
90.87,0.137756348
90.87333333,0.147165934
90.87666667,0.122461955
90.88,0.100463867
90.88333333,0.112609863
90.88666667,0.190241496
90.89,0.140777588
90.89333333,0.117029826
90.89666667,0.097859701
90.9,0.119628906
90.90333333,0.095392863
90.90666667,0.128529867
90.91,0.151473999
90.91333333,0.117950439
90.91666667,0.126012166
90.92,0.129882812
90.92333333,0.11138916
90.92666667,0.110636393
90.93,0.094238281
90.93333333,0.111618042
90.93666667,0.117436727
90.94,0.136306763
90.94333333,0.135686239
90.94666667,0.151148478
90.95,0.14541626
90.95333333,0.137293498
90.95666667,0.1465861
90.96,0.127944946
90.96333333,0.134221395
90.96666667,0.110931396
90.97,0.122070313
90.97333333,0.110773722
90.97666667,0.07816569
90.98,0.08782959
90.98333333,0.079905192
90.98666667,0.048731486
90.99,0.09588623
90.99333333,0.096532186
90.99666667,0.138778687
91,0.110626221
91.00333333,0.13234965
91.00666667,0.151596069
91.01,0.155670166
91.01333333,0.143198649
91.01666667,0.111312866
91.02,0.087844849
91.02333333,0.09366862
91.02666667,0.132807414
91.03,0.110580444
91.03333333,0.129776001
91.03666667,0.134033203
91.04,0.133148193
91.04333333,0.183664958
91.04666667,0.182052612
91.05,0.184555054
91.05333333,0.153244019
91.05666667,0.137359619
91.06,0.131332397
91.06333333,0.172704061
91.06666667,0.114822388
91.07,0.135513306
91.07333333,0.124740601
91.07666667,0.150919596
91.08,0.114898682
91.08333333,0.113042196
91.08666667,0.145741781
91.09,0.107833862
91.09333333,0.08833313
91.09666667,0.095423381
91.1,0.067443848
91.10333333,0.096318563
91.10666667,0.10206604
91.11,0.125335693
91.11333333,0.092412313
91.11666667,0.102437337
91.12,0.058929443
91.12333333,0.031173706
91.12666667,0.082829793
91.13,0.146606445
91.13333333,0.048497518
91.13666667,0.09425354
91.14,0.1199646
91.14333333,0.197423299
91.14666667,0.25743103
91.15,0.294799805
91.15333333,0.390340169
91.15666667,0.406946818
91.16,0.384841919
91.16333333,0.334447225
91.16666667,0.281524658
91.17,0.209365845
91.17333333,0.213556925
91.17666667,0.030883789
91.18,0.00579834
91.18333333,-0.11428833
91.18666667,-0.163635254
91.19,-0.175918579
91.19333333,-0.121643066
91.19666667,-0.108413696
91.2,-0.014877319
91.20333333,0.020589193
91.20666667,0.025477091
91.21,0.149856567
91.21333333,0.176208496
91.21666667,0.185826619
91.22,0.171386719
91.22333333,0.177658081
91.22666667,0.189458211
91.23,0.131317139
91.23333333,0.117518107
91.23666667,0.142089844
91.24,0.156936646
91.24333333,0.17191569
91.24666667,0.178003947
91.25,0.150299072
91.25333333,0.194046021
91.25666667,0.17469279
91.26,0.172515869
91.26333333,0.204742432
91.26666667,0.194854736
91.27,0.192550659
91.27333333,0.167795817
91.27666667,0.199203491
91.28,0.200119019
91.28333333,0.184173584
91.28666667,0.239903768
91.29,0.214813232
91.29333333,0.205846151
91.29666667,0.170659383
91.3,0.186691284
91.30333333,0.248077393
91.30666667,0.177286784
91.31,0.229675293
91.31333333,0.16734314
91.31666667,0.191090902
91.32,0.238952637
91.32333333,0.219731649
91.32666667,0.239069621
91.33,0.265548706
91.33333333,0.277837118
91.33666667,0.253112793
91.34,0.232513428
91.34333333,0.254847209
91.34666667,0.253245036
91.35,0.224533081
91.35333333,0.23491923
91.35666667,0.282770793
91.36,0.278060913
91.36333333,0.280878703
91.36666667,0.301259359
91.37,0.33782959
91.37333333,0.319615682
91.37666667,0.302744548
91.38,0.313995361
91.38333333,0.345865885
91.38666667,0.324030558
91.39,0.33543396
91.39333333,0.327316284
91.39666667,0.373825073
91.4,0.383453369
91.40333333,0.342768351
91.40666667,0.37121582
91.41,0.362197876
91.41333333,0.34455363
91.41666667,0.412495931
91.42,0.376495361
91.42333333,0.421000163
91.42666667,0.41931661
91.43,0.413253784
91.43333333,0.349731445
91.43666667,0.41523234
91.44,0.390930176
91.44333333,0.415802002
91.44666667,0.368230184
91.45,0.36277771
91.45333333,0.3359375
91.45666667,0.334569295
91.46,0.340545654
91.46333333,0.321706136
91.46666667,0.26201884
91.47,0.226745605
91.47333333,0.252873739
91.47666667,0.228057861
91.48,0.184814453
91.48333333,0.232137044
91.48666667,0.223251343
91.49,0.208114624
91.49333333,0.172663371
91.49666667,0.166041056
91.5,0.158691406
91.50333333,0.148040771
91.50666667,0.210825602
91.51,0.127288818
91.51333333,0.151016235
91.51666667,0.211639404
91.52,0.176345825
91.52333333,0.126561483
91.52666667,0.179372152
91.53,0.173751831
91.53333333,0.165583293
91.53666667,0.197270711
91.54,0.154876709
91.54333333,0.140116374
91.54666667,0.174082438
91.55,0.155487061
91.55333333,0.154703776
91.55666667,0.163869222
91.56,0.167251587
91.56333333,0.114049276
91.56666667,0.185801188
91.57,0.224899292
91.57333333,0.236272176
91.57666667,0.171671549
91.58,0.188980103
91.58333333,0.159327189
91.58666667,0.177241007
91.59,0.144012451
91.59333333,0.170644124
91.59666667,0.095438639
91.6,0.171051025
91.60333333,0.164510091
91.60666667,0.168360392
91.61,0.167007446
91.61333333,0.161265055
91.61666667,0.133209229
91.62,0.148223877
91.62333333,0.154846191
91.62666667,0.139378866
91.63,0.166748047
91.63333333,0.188140869
91.63666667,0.188252767
91.64,0.145477295
91.64333333,0.124409993
91.64666667,0.151875814
91.65,0.137557983
91.65333333,0.125986735
91.65666667,0.090627035
91.66,0.086776733
91.66333333,0.12781779
91.66666667,0.090281169
91.67,0.156356812
91.67333333,0.135971069
91.67666667,0.120463053
91.68,0.088775635
91.68333333,0.114466349
91.68666667,0.084833781
91.69,0.081436157
91.69333333,0.093821208
91.69666667,0.095169067
91.7,0.135498047
91.70333333,0.122711182
91.70666667,0.079961141
91.71,0.115844727
91.71333333,0.101374308
91.71666667,0.077234904
91.72,0.062744141
91.72333333,0.060602824
91.72666667,0.105707804
91.73,0.125900269
91.73333333,0.123799642
91.73666667,0.104721069
91.74,0.113174438
91.74333333,0.079106649
91.74666667,0.091873169
91.75,0.151443481
91.75333333,0.104395549
91.75666667,0.134897868
91.76,0.1224823
91.76333333,0.098327637
91.76666667,0.140686035
91.77,0.125732422
91.77333333,0.083353678
91.77666667,0.099054972
91.78,0.103149414
91.78333333,0.133336385
91.78666667,0.141423543
91.79,0.086212158
91.79333333,0.096110026
91.79666667,0.125111898
91.8,0.112991333
91.80333333,0.121358236
91.80666667,0.091629028
91.81,0.073410034
91.81333333,0.094116211
91.81666667,0.101114909
91.82,0.093032837
91.82333333,0.055750529
91.82666667,0.072402954
91.83,0.085678101
91.83333333,0.104395549
91.83666667,0.121800741
91.84,0.068771362
91.84333333,0.083826701
91.84666667,0.087453206
91.85,0.102920532
91.85333333,0.102986654
91.85666667,0.108861287
91.86,0.006484985
91.86333333,0.059366862
91.86666667,0.063120524
91.87,0.068145752
91.87333333,0.067815145
91.87666667,0.050003052
91.88,0.089202881
91.88333333,0.026728312
91.88666667,0.099767049
91.89,0.115631104
91.89333333,0.041086833
91.89666667,0.09320577
91.9,0.05569458
91.90333333,0.086034139
91.90666667,0.060338338
91.91,0.081542969
91.91333333,0.052317301
91.91666667,0.036875407
91.92,0.077377319
91.92333333,0.086196899
91.92666667,0.083735148
91.93,0.039459229
91.93333333,0.070317586
91.93666667,0.071848551
91.94,0.057281494
91.94333333,0.02919515
91.94666667,0.079610189
91.95,0.077438354
91.95333333,0.070861816
91.95666667,0.102823893
91.96,0.085235596
91.96333333,0.076980591
91.96666667,0.060246785
91.97,0.090255737
91.97333333,0.133926392
91.97666667,0.153788249
91.98,0.133972168
91.98333333,0.167210897
91.98666667,0.159840902
91.99,0.154937744
91.99333333,0.128651937
91.99666667,0.122909546
92,0.073242188
92.00333333,0.097559611
92.00666667,0.105331421
92.01,0.027267456
92.01333333,0.094167074
92.01666667,0.063273112
92.02,0.081588745
92.02333333,0.070948283
92.02666667,0.095270793
92.03,0.082199097
92.03333333,0.085372925
92.03666667,0.100031535
92.04,0.087600708
92.04333333,0.131632487
92.04666667,0.106608073
92.05,0.068893433
92.05333333,0.106104533
92.05666667,0.040506999
92.06,0.071975708
92.06333333,0.047927856
92.06666667,0.030110677
92.07,0.095092773
92.07333333,0.050572713
92.07666667,0.086690267
92.08,0.121368408
92.08333333,0.100835164
92.08666667,0.156560262
92.09,0.195266724
92.09333333,0.285283407
92.09666667,0.335123698
92.1,0.346298218
92.10333333,0.346354167
92.10666667,0.293106079
92.11,0.181121826
92.11333333,0.112263997
92.11666667,0.043385824
92.12,-0.01071167
92.12333333,-0.11265564
92.12666667,-0.181025187
92.13,-0.229782104
92.13333333,-0.199406942
92.13666667,-0.200083415
92.14,-0.196029663
92.14333333,-0.178243001
92.14666667,-0.116826375
92.15,-0.096359253
92.15333333,-0.028447469
92.15666667,0.018015544
92.16,0.07359314
92.16333333,0.092325846
92.16666667,0.062561035
92.17,0.018737793
92.17333333,0.062973022
92.17666667,0.095509847
92.18,0.047805786
92.18333333,0.048395793
92.18666667,0.086537679
92.19,0.118438721
92.19333333,0.128290812
92.19666667,0.052546183
92.2,0.057525635
92.20333333,0.109003703
92.20666667,0.1043396
92.21,0.146835327
92.21333333,0.088088989
92.21666667,0.138676961
92.22,0.114959717
92.22333333,0.1334788
92.22666667,0.136383057
92.23,0.153945923
92.23333333,0.162480672
92.23666667,0.163584391
92.24,0.141845703
92.24333333,0.127385457
92.24666667,0.098083496
92.25,0.120162964
92.25333333,0.118118286
92.25666667,0.131256104
92.26,0.142028809
92.26333333,0.179499308
92.26666667,0.162099202
92.27,0.177505493
92.27333333,0.161468506
92.27666667,0.156392415
92.28,0.187362671
92.28333333,0.172170003
92.28666667,0.137634277
92.29,0.179397583
92.29333333,0.244633993
92.29666667,0.219955444
92.3,0.226745605
92.30333333,0.235656738
92.30666667,0.210759481
92.31,0.247314453
92.31333333,0.191492716
92.31666667,0.201822917
92.32,0.212860107
92.32333333,0.210469564
92.32666667,0.250055949
92.33,0.265777588
92.33333333,0.236765544
92.33666667,0.274353027
92.34,0.236801147
92.34333333,0.315404256
92.34666667,0.293212891
92.35,0.236206055
92.35333333,0.279103597
92.35666667,0.317245483
92.36,0.340377808
92.36333333,0.377848307
92.36666667,0.363566081
92.37,0.352493286
92.37333333,0.323323568
92.37666667,0.36092631
92.38,0.300460815
92.38333333,0.270945231
92.38666667,0.289347331
92.39,0.298461914
92.39333333,0.290685018
92.39666667,0.275746663
92.4,0.276184082
92.40333333,0.283416748
92.40666667,0.241587321
92.41,0.205566406
92.41333333,0.195078532
92.41666667,0.183486938
92.42,0.151748657
92.42333333,0.143407186
92.42666667,0.157302856
92.43,0.168289185
92.43333333,0.174280802
92.43666667,0.118810018
92.44,0.176589966
92.44333333,0.188018799
92.44666667,0.128748576
92.45,0.131378174
92.45333333,0.12101237
92.45666667,0.112559001
92.46,0.151672363
92.46333333,0.135533651
92.46666667,0.127919515
92.47,0.100692749
92.47333333,0.146855672
92.47666667,0.111134847
92.48,0.099349976
92.48333333,0.076268514
92.48666667,0.146870931
92.49,0.10635376
92.49333333,0.102945964
92.49666667,0.110575358
92.5,0.106811523
92.50333333,0.153717041
92.50666667,0.150395711
92.51,0.142471313
92.51333333,0.112752279
92.51666667,0.087102254
92.52,0.125274658
92.52333333,0.145467122
92.52666667,0.109802246
92.53,0.127334595
92.53333333,0.11601766
92.53666667,0.114995321
92.54,0.085372925
92.54333333,0.121754964
92.54666667,0.081125895
92.55,0.09552002
92.55333333,0.101338704
92.55666667,0.127675374
92.56,0.100875854
92.56333333,0.11118571
92.56666667,0.103963216
92.57,0.107009888
92.57333333,0.077412923
92.57666667,0.127156576
92.58,0.108535767
92.58333333,0.126902262
92.58666667,0.079823812
92.59,0.145202637
92.59333333,0.125427246
92.59666667,0.141362508
92.6,0.12840271
92.60333333,0.140508016
92.60666667,0.131678263
92.61,0.170471191
92.61333333,0.142181396
92.61666667,0.119934082
92.62,0.149856567
92.62333333,0.113627116
92.62666667,0.112116496
92.63,0.10585022
92.63333333,0.11197408
92.63666667,0.092152913
92.64,0.086334229
92.64333333,0.098215739
92.64666667,0.074620565
92.65,0.121688843
92.65333333,0.081954956
92.65666667,0.072174072
92.66,0.069671631
92.66333333,0.075642904
92.66666667,0.098546346
92.67,0.112854004
92.67333333,0.107650757
92.67666667,0.152257284
92.68,0.133255005
92.68333333,0.143814087
92.68666667,0.121765137
92.69,0.144897461
92.69333333,0.153386434
92.69666667,0.123474121
92.7,0.163955688
92.70333333,0.132049561
92.70666667,0.137893677
92.71,0.149536133
92.71333333,0.135106405
92.71666667,0.14289856
92.72,0.163360596
92.72333333,0.12886556
92.72666667,0.124389648
92.73,0.113876343
92.73333333,0.089162191
92.73666667,0.091201782
92.74,0.074386597
92.74333333,0.080805461
92.74666667,0.077163696
92.75,0.151443481
92.75333333,0.121414185
92.75666667,0.102559408
92.76,0.173446655
92.76333333,0.151682536
92.76666667,0.103963216
92.77,0.153442383
92.77333333,0.130304972
92.77666667,0.157577515
92.78,0.13621521
92.78333333,0.116678874
92.78666667,0.17741394
92.79,0.19203186
92.79333333,0.152292887
92.79666667,0.117319743
92.8,0.099411011
92.80333333,0.184921265
92.80666667,0.159545898
92.81,0.194290161
92.81333333,0.204793294
92.81666667,0.153783162
92.82,0.166625977
92.82333333,0.179494222
92.82666667,0.138931274
92.83,0.140380859
92.83333333,0.14368693
92.83666667,0.111440023
92.84,0.124801636
92.84333333,0.144078573
92.84666667,0.242523193
92.85,0.201568604
92.85333333,0.175806681
92.85666667,0.169881185
92.86,0.195098877
92.86333333,0.197926839
92.86666667,0.175628662
92.87,0.21131897
92.87333333,0.223378499
92.87666667,0.20161438
92.88,0.211837769
92.88333333,0.236562093
92.88666667,0.183436076
92.89,0.173828125
92.89333333,0.206247965
92.89666667,0.216364543
92.9,0.174942017
92.90333333,0.174565633
92.90666667,0.221277873
92.91,0.211471558
92.91333333,0.169754028
92.91666667,0.141779582
92.92,0.168243408
92.92333333,0.181228638
92.92666667,0.188268026
92.93,0.149902344
92.93333333,0.173314412
92.93666667,0.221908569
92.94,0.182159424
92.94333333,0.2212677
92.94666667,0.221201579
92.95,0.180358887
92.95333333,0.172058105
92.95666667,0.23038737
92.96,0.185897827
92.96333333,0.193410238
92.96666667,0.208257039
92.97,0.292098999
92.97333333,0.31707255
92.97666667,0.328272502
92.98,0.320068359
92.98333333,0.380706787
92.98666667,0.385238647
92.99,0.461654663
92.99333333,0.517420451
92.99666667,0.450790405
93,0.311660767
93.00333333,0.269363403
93.00666667,0.242970785
93.01,0.137390137
93.01333333,0.059183757
93.01666667,0.019810994
93.02,-0.081207275
93.02333333,-0.090967814
93.02666667,-0.080556234
93.03,-0.049316406
93.03333333,-0.025736491
93.03666667,-0.031356812
93.04,0.018768311
93.04333333,0.110204061
93.04666667,0.09266154
93.05,0.105361938
93.05333333,0.154296875
93.05666667,0.174784342
93.06,0.171829224
93.06333333,0.150904338
93.06666667,0.175476074
93.07,0.1434021
93.07333333,0.178115845
93.07666667,0.263504028
93.08,0.191558838
93.08333333,0.166702271
93.08666667,0.22791036
93.09,0.258544922
93.09333333,0.236618042
93.09666667,0.259923299
93.1,0.23651123
93.10333333,0.242787679
93.10666667,0.240046183
93.11,0.221633911
93.11333333,0.232309977
93.11666667,0.256983439
93.12,0.242645264
93.12333333,0.274368286
93.12666667,0.261403402
93.13,0.250778198
93.13333333,0.263544718
93.13666667,0.229288737
93.14,0.256729126
93.14333333,0.219395955
93.14666667,0.190104167
93.15,0.244369507
93.15333333,0.232477824
93.15666667,0.273086548
93.16,0.243331909
93.16333333,0.298278809
93.16666667,0.231297811
93.17,0.268493652
93.17333333,0.258946737
93.17666667,0.26205953
93.18,0.270233154
93.18333333,0.314356486
93.18666667,0.297266642
93.19,0.33706665
93.19333333,0.360692342
93.19666667,0.341491699
93.2,0.353622437
93.20333333,0.362208049
93.20666667,0.316136678
93.21,0.330566406
93.21333333,0.30716451
93.21666667,0.353520711
93.22,0.410873413
93.22333333,0.442148844
93.22666667,0.410624186
93.23,0.39453125
93.23333333,0.413716634
93.23666667,0.399307251
93.24,0.425109863
93.24333333,0.416585286
93.24666667,0.427968343
93.25,0.379180908
93.25333333,0.429417928
93.25666667,0.437301636
93.26,0.462005615
93.26333333,0.464935303
93.26666667,0.45115153
93.27,0.463043213
93.27333333,0.427393595
93.27666667,0.383336385
93.28,0.395278931
93.28333333,0.406265259
93.28666667,0.369639079
93.29,0.380630493
93.29333333,0.302347819
93.29666667,0.34517924
93.3,0.312194824
93.30333333,0.272684733
93.30666667,0.345245361
93.31,0.274307251
93.31333333,0.223470052
93.31666667,0.220769246
93.32,0.220245361
93.32333333,0.254180908
93.32666667,0.185674032
93.33,0.133850098
93.33333333,0.155003866
93.33666667,0.174133301
93.34,0.142807007
93.34333333,0.118520101
93.34666667,0.092519124
93.35,0.123901367
93.35333333,0.122970581
93.35666667,0.113952637
93.36,0.112335205
93.36333333,0.115539551
93.36666667,0.117136637
93.37,0.124511719
93.37333333,0.107910156
93.37666667,0.093465169
93.38,0.156036377
93.38333333,0.088551839
93.38666667,0.086151123
93.39,0.107086182
93.39333333,0.122329712
93.39666667,0.098841349
93.4,0.086593628
93.40333333,0.115244548
93.40666667,0.131362915
93.41,0.121078491
93.41333333,0.130762736
93.41666667,0.115458171
93.42,0.117843628
93.42333333,0.13802592
93.42666667,0.13192749
93.43,0.157989502
93.43333333,0.125910441
93.43666667,0.126902262
93.44,0.138076782
93.44333333,0.167088826
93.44666667,0.170186361
93.45,0.143966675
93.45333333,0.15759786
93.45666667,0.190877279
93.46,0.153808594
93.46333333,0.11869812
93.46666667,0.165990194
93.47,0.112121582
93.47333333,0.124226888
93.47666667,0.153961182
93.48,0.161224365
93.48333333,0.152867635
93.48666667,0.126124064
93.49,0.089569092
93.49333333,0.153386434
93.49666667,0.15625
93.5,0.165939331
93.50333333,0.146387736
93.50666667,0.138264974
93.51,0.174423218
93.51333333,0.148991903
93.51666667,0.138778687
93.52,0.152694702
93.52333333,0.172119141
93.52666667,0.181091309
93.53,0.214263916
93.53333333,0.189259847
93.53666667,0.176884969
93.54,0.112136841
93.54333333,0.076115926
93.54666667,0.120585124
93.55,0.1197052
93.55333333,0.087656657
93.55666667,0.04931132
93.56,0.084075928
93.56333333,0.099873861
93.56666667,0.118509928
93.57,0.118652344
93.57333333,0.108922323
93.57666667,0.049657186
93.58,0.064147949
93.58333333,0.06497701
93.58666667,0.094436646
93.59,0.103210449
93.59333333,0.09854126
93.59666667,0.088867188
93.6,0.065689087
93.60333333,0.068222046
93.60666667,0.084019979
93.61,0.095062256
93.61333333,0.102666219
93.61666667,0.061365763
93.62,0.098937988
93.62333333,0.040944417
93.62666667,0.094991048
93.63,0.044723511
93.63333333,0.005366007
93.63666667,0.04490153
93.64,0.102233887
93.64333333,0.108698527
93.64666667,0.04745992
93.65,0.011901855
93.65333333,-0.017771403
93.65666667,0.018620809
93.66,0.107421875
93.66333333,0.051656087
93.66666667,0.072479248
93.67,0.094482422
93.67333333,0.068832397
93.67666667,0.070119222
93.68,0.033340454
93.68333333,0.053253174
93.68666667,0.023351034
93.69,0.110931396
93.69333333,0.095820109
93.69666667,0.078521729
93.7,0.090255737
93.70333333,0.109588623
93.70666667,0.09026591
93.71,0.091934204
93.71333333,0.072026571
93.71666667,0.066019694
93.72,0.0703125
93.72333333,0.035624186
93.72666667,0.054494222
93.73,0.056808472
93.73333333,0.069122314
93.73666667,0.090454102
93.74,0.071502686
93.74333333,0.047271729
93.74666667,0.01751709
93.75,0.074386597
93.75333333,0.024439494
93.75666667,0.006535848
93.76,-0.005828857
93.76333333,-0.027959188
93.76666667,-0.036036174
93.77,-0.061859131
93.77333333,-0.035725911
93.77666667,0.029362996
93.78,0.061965942
93.78333333,0.011189779
93.78666667,-0.013127645
93.79,0.000595093
93.79333333,-0.017283122
93.79666667,-0.008799235
93.8,-0.045928955
93.80333333,0.013041178
93.80666667,-0.010416667
93.81,-0.014328003
93.81333333,-0.022583008
93.81666667,-0.015106201
93.82,0.039474487
93.82333333,0.034952799
93.82666667,-0.00285848
93.83,0.018127441
93.83333333,0.051498413
93.83666667,0.117233276
93.84,0.179611206
93.84333333,0.164530436
93.84666667,0.22698466
93.85,0.225143433
93.85333333,0.213282267
93.85666667,0.070790609
93.86,0.029006958
93.86333333,0.049779256
93.86666667,-0.090382894
93.87,-0.130401611
93.87333333,-0.174947103
93.87666667,-0.282796224
93.88,-0.290649414
93.88333333,-0.279006958
93.88666667,-0.303751628
93.89,-0.263031006
93.89333333,-0.248606364
93.89666667,-0.151204427
93.9,-0.093154907
93.90333333,-0.058446248
93.90666667,-0.002868652
93.91,-0.057983398
93.91333333,-0.031117757
93.91666667,-0.060908
93.92,-0.027664185
93.92333333,-0.032877604
93.92666667,-0.002034505
93.93,-0.003860474
93.93333333,-0.013504028
93.93666667,-0.026428223
93.94,-0.000701904
93.94333333,0.006546021
93.94666667,0.015655518
93.95,0.012512207
93.95333333,0.027094523
93.95666667,0.017089844
93.96,0.008666992
93.96333333,0.044489543
93.96666667,0.044072469
93.97,0.022827148
93.97333333,0.083887736
93.97666667,0.044255575
93.98,0.054840088
93.98333333,0.045649211
93.98666667,0.09290568
93.99,0.049240112
93.99333333,0.02750651
93.99666667,0.050018311
94,0.024032593
94.00333333,0.058375041
94.00666667,0.063903809
94.01,0.087539673
94.01333333,0.055358887
94.01666667,0.124003092
94.02,0.135620117
94.02333333,0.142659505
94.02666667,0.101531982
94.03,0.087631226
94.03333333,0.145848592
94.03666667,0.117980957
94.04,0.147903442
94.04333333,0.180165609
94.04666667,0.169102987
94.05,0.182113647
94.05333333,0.197021484
94.05666667,0.189356486
94.06,0.244232178
94.06333333,0.228047689
94.06666667,0.247446696
94.07,0.274047852
94.07333333,0.279688517
94.07666667,0.297637939
94.08,0.284790039
94.08333333,0.287246704
94.08666667,0.30410258
94.09,0.338165283
94.09333333,0.306610107
94.09666667,0.318969727
94.1,0.356140137
94.10333333,0.364679972
94.10666667,0.345230103
94.11,0.376083374
94.11333333,0.388916016
94.11666667,0.372695923
94.12,0.354995728
94.12333333,0.345499674
94.12666667,0.325210571
94.13,0.328216553
94.13333333,0.287679036
94.13666667,0.301890055
94.14,0.319641113
94.14333333,0.312845866
94.14666667,0.316151937
94.15,0.300064087
94.15333333,0.251668294
94.15666667,0.268569946
94.16,0.233261108
94.16333333,0.211207072
94.16666667,0.205103556
94.17,0.113037109
94.17333333,0.127944946
94.17666667,0.121653239
94.18,0.142745972
94.18333333,0.091323853
94.18666667,0.0868632
94.19,0.096008301
94.19333333,0.058451335
94.19666667,0.0462087
94.2,0.044174194
94.20333333,0.041854858
94.20666667,0.072758993
94.21,0.085922241
94.21333333,0.066640218
94.21666667,0.032704671
94.22,0.038360596
94.22333333,0.037241618
94.22666667,0.112686157
94.23,0.021530151
94.23333333,0.053126017
94.23666667,0.036855062
94.24,0.061981201
94.24333333,0.015574137
94.24666667,0.037450155
94.25,0.053405762
94.25333333,0.085062663
94.25666667,0.034510295
94.26,0.047683716
94.26333333,0.07337443
94.26666667,0.013046265
94.27,0.031265259
94.27333333,0.056488037
94.27666667,0.082443237
94.28,0.057846069
94.28333333,0.041046143
94.28666667,0.05333964
94.29,0.104370117
94.29333333,0.088409424
94.29666667,0.07695516
94.3,0.093688965
94.30333333,0.123560588
94.30666667,0.101211548
94.31,0.126556396
94.31333333,0.09660848
94.31666667,0.116043091
94.32,0.125045776
94.32333333,0.101949056
94.32666667,0.081359863
94.33,0.089675903
94.33333333,0.071334839
94.33666667,0.032353719
94.34,0.084106445
94.34333333,0.108698527
94.34666667,0.094187419
94.35,0.140762329
94.35333333,0.187469482
94.35666667,0.144968669
94.36,0.151123047
94.36333333,0.114008586
94.36666667,0.126647949
94.37,0.104171753
94.37333333,0.144785563
94.37666667,0.108113607
94.38,0.075027466
94.38333333,0.121459961
94.38666667,0.135599772
94.39,0.140151978
94.39333333,0.109029134
94.39666667,0.083704631
94.4,0.1121521
94.40333333,0.074661255
94.40666667,0.000508626
94.41,0.072570801
94.41333333,0.083109538
94.41666667,0.061670939
94.42,0.055374146
94.42333333,0.055842082
94.42666667,0.079798381
94.43,0.061248779
94.43333333,0.026092529
94.43666667,0.016850789
94.44,0.018264771
94.44333333,0.060317993
94.44666667,0.090718587
94.45,0.108261108
94.45333333,0.02309672
94.45666667,0.033487956
94.46,0.045913696
94.46333333,0.102350871
94.46666667,0.083999634
94.47,0.061553955
94.47333333,0.016866048
94.47666667,0.012227376
94.48,0.026794434
94.48333333,0.001653035
94.48666667,0.003814697
94.49,0.039398193
94.49333333,0.065668742
94.49666667,0.026901245
94.5,0.01411438
94.50333333,0.064463298
94.50666667,0.045735677
94.51,0.077041626
94.51333333,0.030680339
94.51666667,0.015563965
94.52,0.026321411
94.52333333,0.034444173
94.52666667,0.046559652
94.53,0.034744263
94.53333333,0.003509521
94.53666667,0.024668376
94.54,0.056091309
94.54333333,0.026209513
94.54666667,0.008946737
94.55,0.004272461
94.55333333,0.020543416
94.55666667,0.012700399
94.56,0.028106689
94.56333333,0.061848958
94.56666667,0.088297526
94.57,0.053222656
94.57333333,0.066340129
94.57666667,0.053710937
94.58,-0.017868042
94.58333333,0.052897135
94.58666667,0.037160238
94.59,0.050628662
94.59333333,0.053161621
94.59666667,0.058787028
94.6,0.031204224
94.60333333,0.044245402
94.60666667,0.074569702
94.61,0.138198853
94.61333333,0.108479818
94.61666667,0.044809977
94.62,0.062469482
94.62333333,0.053939819
94.62666667,0.048100789
94.63,0.016998291
94.63333333,0.071589152
94.63666667,0.069173177
94.64,0.022628784
94.64333333,-0.008280436
94.64666667,-0.004781087
94.65,-0.000457764
94.65333333,0.025960286
94.65666667,0.027353923
94.66,0.029998779
94.66333333,0.006647746
94.66666667,-0.000635783
94.67,0.053024292
94.67333333,0.001093547
94.67666667,0.021901449
94.68,0.049758911
94.68333333,0.023167928
94.68666667,0.019749959
94.69,0.044845581
94.69333333,0.022918701
94.69666667,-0.005640666
94.7,-0.027999878
94.70333333,-0.007924398
94.70666667,0.063212077
94.71,0.09286499
94.71333333,0.172917684
94.71666667,0.204111735
94.72,0.232528687
94.72333333,0.269587199
94.72666667,0.270019531
94.73,0.245895386
94.73333333,0.146738688
94.73666667,0.071655273
94.74,0.073638916
94.74333333,-0.03612264
94.74666667,-0.128575643
94.75,-0.187301636
94.75333333,-0.226704915
94.75666667,-0.266113281
94.76,-0.287780762
94.76333333,-0.24756368
94.76666667,-0.185877482
94.77,-0.117553711
94.77333333,-0.055811564
94.77666667,-0.009109497
94.78,0.027236938
94.78333333,0.009918213
94.78666667,0.026636759
94.79,0.057815552
94.79333333,0.053202311
94.79666667,0.047673543
94.8,0.049667358
94.80333333,0.014516195
94.80666667,0.036346436
94.81,0.021789551
94.81333333,0.02788798
94.81666667,0.024261475
94.82,0.069107056
94.82333333,0.082855225
94.82666667,0.047053019
94.83,0.024749756
94.83333333,0.055567424
94.83666667,0.075627645
94.84,0.051254272
94.84333333,0.059743245
94.84666667,0.049743652
94.85,0.07232666
94.85333333,0.07174174
94.85666667,0.062754313
94.86,0.064071655
94.86333333,0.055470785
94.86666667,0.043792725
94.87,0.065231323
94.87333333,0.071609497
94.87666667,0.082560221
94.88,0.081771851
94.88333333,0.029093424
94.88666667,0.073547363
94.89,0.082061768
94.89333333,0.13230896
94.89666667,0.111673991
94.9,0.066070557
94.90333333,0.106414795
94.90666667,0.147918701
94.91,0.135162354
94.91333333,0.118041992
94.91666667,0.147247314
94.92,0.181396484
94.92333333,0.177525838
94.92666667,0.175689697
94.93,0.159118652
94.93333333,0.186284383
94.93666667,0.203730265
94.94,0.237716675
94.94333333,0.204905192
94.94666667,0.235692342
94.95,0.257797241
94.95333333,0.240895589
94.95666667,0.212341309
94.96,0.190048218
94.96333333,0.210230509
94.96666667,0.272903442
94.97,0.241485596
94.97333333,0.248774211
94.97666667,0.292231242
94.98,0.279907227
94.98333333,0.273920695
94.98666667,0.319315592
94.99,0.291656494
94.99333333,0.248601278
94.99666667,0.267196655
95,0.242614746
95.00333333,0.237650553
95.00666667,0.277638753
95.01,0.229904175
95.01333333,0.241149902
95.01666667,0.170110067
95.02,0.172225952
95.02333333,0.165685018
95.02666667,0.116821289
95.03,0.067459106
95.03333333,0.087966919
95.03666667,0.074971517
95.04,0.075805664
95.04333333,0.021687826
95.04666667,-0.005350749
95.05,-0.00038147
95.05333333,-0.01091512
95.05666667,0.019917806
95.06,0.002792358
95.06333333,-0.028757731
95.06666667,-0.020828247
95.07,-0.025863647
95.07333333,-0.013122559
95.07666667,-0.028371175
95.08,-0.023452759
95.08333333,-0.019582113
95.08666667,-0.013600667
95.09,-0.055404663
95.09333333,-0.038848877
95.09666667,-0.080800374
95.1,-0.039749146
95.10333333,-0.044026693
95.10666667,-0.054707845
95.11,-0.054351807
95.11333333,-0.028722127
95.11666667,-0.041046143
95.12,-0.037338257
95.12333333,-0.032267253
95.12666667,-0.059214274
95.13,-0.039459229
95.13333333,-0.014063517
95.13666667,-0.027074178
95.14,-0.069107056
95.14333333,-0.053487142
95.14666667,-0.053629557
95.15,-0.077438354
95.15333333,-0.083043416
95.15666667,0.007446289
95.16,-0.005081177
95.16333333,-0.049006144
95.16666667,-0.0319163
95.17,-0.060302734
95.17333333,-0.050328573
95.17666667,-0.047241211
95.18,-0.066314697
95.18333333,-0.063578288
95.18666667,-0.092829386
95.19,-0.063812256
95.19333333,0.002568563
95.19666667,-0.029093424
95.2,-0.029983521
95.20333333,-0.04892985
95.20666667,-0.031082153
95.21,-0.032974243
95.21333333,-0.025309245
95.21666667,-0.042521159
95.22,-0.038269043
95.22333333,-0.043406169
95.22666667,-0.019063314
95.23,-0.056488037
95.23333333,-0.082448324
95.23666667,-0.078272502
95.24,-0.057739258
95.24333333,-0.070643107
95.24666667,-0.043334961
95.25,-0.040435791
95.25333333,-0.06427002
95.25666667,-0.050816854
95.26,-0.081939697
95.26333333,-0.034169515
95.26666667,-0.027999878
95.27,-0.082092285
95.27333333,-0.071248372
95.27666667,-0.050704956
95.28,-0.065597534
95.28333333,-0.066553752
95.28666667,-0.048100789
95.29,-0.019927979
95.29333333,-0.051111857
95.29666667,-0.04645284
95.3,-0.057525635
95.30333333,-0.050552368
95.30666667,-0.069875081
95.31,-0.033935547
95.31333333,-0.065887451
95.31666667,-0.065231323
95.32,-0.072433472
95.32333333,-0.087895711
95.32666667,-0.020263672
95.33,-0.04208374
95.33333333,0.016911825
95.33666667,-0.044596354
95.34,-0.073577881
95.34333333,-0.061187744
95.34666667,-0.033330282
95.35,-0.009307861
95.35333333,-0.02289327
95.35666667,-0.049168905
95.36,-0.064544678
95.36333333,-0.04023234
95.36666667,-0.082677205
95.37,-0.042434692
95.37333333,-0.040771484
95.37666667,-0.019185384
95.38,-0.039001465
95.38333333,-0.016657511
95.38666667,-0.033411662
95.39,0.007400513
95.39333333,-0.036437988
95.39666667,-0.03616333
95.4,-0.078353882
95.40333333,-0.076019287
95.40666667,0.012044271
95.41,0.019775391
95.41333333,-0.002003988
95.41666667,0.003687541
95.42,0.019668579
95.42333333,0.008148193
95.42666667,0.02100118
95.43,-0.000747681
95.43333333,-0.008494059
95.43666667,-0.047225952
95.44,-0.105407715
95.44333333,-0.028930664
95.44666667,-0.027267456
95.45,-0.047073364
95.45333333,-0.030934652
95.45666667,-0.001805623
95.46,-0.037536621
95.46333333,-0.05351766
95.46666667,0.014419556
95.47,-0.037536621
95.47333333,-0.041234334
95.47666667,0.005391439
95.48,0.02456665
95.48333333,0.022354126
95.48666667,-0.012151082
95.49,0.012496948
95.49333333,-0.008509318
95.49666667,-0.003758748
95.5,-0.001525879
95.50333333,0.006103516
95.50666667,-0.021733602
95.51,0.018768311
95.51333333,0.00785319
95.51666667,0.004043579
95.52,0.008239746
95.52333333,0.00928243
95.52666667,0.072306315
95.53,0.051742554
95.53333333,0.015589396
95.53666667,0.053822835
95.54,0.033554077
95.54333333,0.018793742
95.54666667,-0.000813802
95.55,0.001754761
95.55333333,0.026692708
95.55666667,-0.002716064
95.56,-0.018051147
95.56333333,-0.009251912
95.56666667,-0.017166138
95.57,-0.028289795
95.57333333,-0.01642863
95.57666667,-0.023335775
95.58,0.020904541
95.58333333,-0.034205119
95.58666667,-0.002766927
95.59,-0.02154541
95.59333333,-0.026911418
95.59666667,0.049479167
95.6,0.029983521
95.60333333,0.002639771
95.60666667,0.028930664
95.61,0.009140015
95.61333333,-0.011103312
95.61666667,-0.008799235
95.62,-0.005340576
95.62333333,-0.075698853
95.62666667,-0.042734782
95.63,0.01701355
95.63333333,0.03423055
95.63666667,0.065755208
95.64,0.11088562
95.64333333,0.166910807
95.64666667,0.220698039
95.65,0.24520874
95.65333333,0.205464681
95.65666667,0.221257528
95.66,0.128890991
95.66333333,0.041025798
95.66666667,0.043233236
95.67,0.013565063
95.67333333,-0.113276164
95.67666667,-0.170374552
95.68,-0.25151062
95.68333333,-0.308583577
95.68666667,-0.323471069
95.69,-0.247589111
95.69333333,-0.201716105
95.69666667,-0.140055339
95.7,-0.08605957
95.70333333,-0.052958171
95.70666667,-0.085316976
95.71,-0.043334961
95.71333333,-0.041371663
95.71666667,-0.051345825
95.72,-0.02911377
95.72333333,-0.025177002
95.72666667,-0.014170329
95.73,-0.008666992
95.73333333,-0.011138916
95.73666667,-0.003794352
95.74,0.000213623
95.74333333,0.006449382
95.74666667,-0.016235352
95.75,-0.022125244
95.75333333,-0.015762329
95.75666667,-0.020980835
95.76,-0.018936157
95.76333333,-0.01810201
95.76666667,-0.033213298
95.77,-0.030532837
95.77333333,-0.036646525
95.77666667,-0.046005249
95.78,0.018096924
95.78333333,-0.024032593
95.78666667,-0.019429525
95.79,-0.035293579
95.79333333,0.001714071
95.79666667,0.011922201
95.8,-0.045928955
95.80333333,0.010609945
95.80666667,-0.005488078
95.81,-0.026870728
95.81333333,-0.026885986
95.81666667,0.00058492
95.82,-0.028030396
95.82333333,0.027084351
95.82666667,0.05867513
95.83,0.047485352
95.83333333,0.053914388
95.83666667,0.041819255
95.84,0.035522461
95.84333333,0.094640096
95.84666667,0.10883077
95.85,0.095977783
95.85333333,0.111745199
95.85666667,0.149276733
95.86,0.123672485
95.86333333,0.153223674
95.86666667,0.142593384
95.87,0.116409302
95.87333333,0.127385457
95.87666667,0.169169108
95.88,0.150787354
95.88333333,0.159784953
95.88666667,0.198277791
95.89,0.190460205
95.89333333,0.227040609
95.89666667,0.263412476
95.9,0.235061646
95.90333333,0.159932454
95.90666667,0.192886353
95.91,0.244567871
95.91333333,0.228057861
95.91666667,0.197728475
95.92,0.16015625
95.92333333,0.143493652
95.92666667,0.210952759
95.93,0.197219849
95.93333333,0.20401001
95.93666667,0.205576579
95.94,0.169876099
95.94333333,0.141067505
95.94666667,0.155471802
95.95,0.163497925
95.95333333,0.170221965
95.95666667,0.098851522
95.96,0.119674683
95.96333333,0.094706217
95.96666667,0.097757975
95.97,0.0234375
95.97333333,-0.028238932
95.97666667,-0.028961182
95.98,0.007965088
95.98333333,0.024846395
95.98666667,-0.003473918
95.99,0.035018921
95.99333333,0.02679952
95.99666667,0.010030111
96,-0.002670288
96.00333333,-0.026082357
96.00666667,-0.039087931
96.01,-0.011047363
96.01333333,0.012034098
96.01666667,0.025965373
96.02,0.021347046
96.02333333,0.009379069
96.02666667,0.047948201
96.03,0.012710571
96.03333333,-0.005671183
96.03666667,-0.006779989
96.04,-0.0025177
96.04333333,-0.01188151
96.04666667,-0.00898234
96.05,0.011901855
96.05333333,0.021535238
96.05666667,0.027654012
96.06,0.049911499
96.06333333,0.024627686
96.06666667,0.03751119
96.07,0.023040771
96.07333333,0.058609009
96.07666667,0.051564535
96.08,0.048202515
96.08333333,0.080108643
96.08666667,0.054570516
96.09,0.024749756
96.09333333,0.035654704
96.09666667,0.032404582
96.1,0.019989014
96.10333333,0.040802002
96.10666667,0.010843913
96.11,-0.005340576
96.11333333,0.041142782
96.11666667,0.02070109
96.12,0.053253174
96.12333333,0.034647624
96.12666667,0.060216268
96.13,0.064758301
96.13333333,0.051371257
96.13666667,0.007904053
96.14,0.025909424
96.14333333,0.100585938
96.14666667,0.061075846
96.15,0.09262085
96.15333333,0.066802979
96.15666667,0.063593547
96.16,0.057495117
96.16333333,0.04931132
96.16666667,0.078201294
96.17,0.019866943
96.17333333,0.039693197
96.17666667,0.061650594
96.18,0.063095093
96.18333333,0.03964742
96.18666667,0.025405884
96.19,0.034057617
96.19333333,0.037816366
96.19666667,0.013753255
96.2,0.006713867
96.20333333,0.00545756
96.20666667,0.039204915
96.21,0.010925293
96.21333333,0.057098389
96.21666667,0.054117839
96.22,0.023757935
96.22333333,0.031845093
96.22666667,0.083765666
96.23,0.051437378
96.23333333,0.054906209
96.23666667,0.034912109
96.24,0.084472656
96.24333333,0.068634033
96.24666667,0.072072347
96.25,0.074386597
96.25333333,0.079015096
96.25666667,0.077957153
96.26,0.04107666
96.26333333,0.084945679
96.26666667,0.089619954
96.27,0.086456299
96.27333333,0.047332764
96.27666667,0.058232625
96.28,0.016815186
96.28333333,0.081075033
96.28666667,0.088684082
96.29,0.049407959
96.29333333,0.033915202
96.29666667,0.011657715
96.3,0.03578186
96.30333333,0.054789225
96.30666667,0.07425944
96.31,0.050842285
96.31333333,0.070053101
96.31666667,0.100835164
96.32,0.076141357
96.32333333,0.05766805
96.32666667,0.037745158
96.33,0.029373169
96.33333333,0.068791707
96.33666667,0.04494222
96.34,0.06463623
96.34333333,0.093256632
96.34666667,0.105021159
96.35,0.08102417
96.35333333,0.069117228
96.35666667,0.01214091
96.36,-0.039916992
96.36333333,-0.041824341
96.36666667,-0.027745565
96.37,-0.033935547
96.37333333,-0.02679952
96.37666667,0.012949626
96.38,0.033233643
96.38333333,-0.04061381
96.38666667,0.059855143
96.39,0.048995972
96.39333333,0.02927653
96.39666667,0.116007487
96.4,0.063552856
96.40333333,0.080795288
96.40666667,0.093678792
96.41,0.069641113
96.41333333,0.047246297
96.41666667,0.05976359
96.42,0.085769653
96.42333333,0.087336222
96.42666667,0.127492269
96.43,0.087615967
96.43333333,0.090204875
96.43666667,0.117329915
96.44,0.091033936
96.44333333,0.090260824
96.44666667,0.069956462
96.45,0.060577393
96.45333333,0.07959493
96.45666667,0.139729818
96.46,0.124023437
96.46333333,0.114685059
96.46666667,0.082295736
96.47,0.074874878
96.47333333,0.095916748
96.47666667,0.069854736
96.48,0.104125977
96.48333333,0.130310059
96.48666667,0.15326945
96.49,0.159042358
96.49333333,0.185541789
96.49666667,0.15818278
96.5,0.11100769
96.50333333,0.136393229
96.50666667,0.121271769
96.51,0.120437622
96.51333333,0.120961507
96.51666667,0.085169474
96.52,0.103683472
96.52333333,0.105397542
96.52666667,0.121856689
96.53,0.096237183
96.53333333,0.115102132
96.53666667,0.07850647
96.54,0.120574951
96.54333333,0.10190328
96.54666667,0.091608683
96.55,0.085983276
96.55333333,0.069452922
96.55666667,0.089986165
96.56,0.119262695
96.56333333,0.11664327
96.56666667,0.109507243
96.57,0.04019165
96.57333333,0.039271037
96.57666667,0.104548136
96.58,0.060272217
96.58333333,0.120544434
96.58666667,0.121246338
96.59,0.126815796
96.59333333,0.13172404
96.59666667,0.191589355
96.6,0.263061523
96.60333333,0.298024495
96.60666667,0.314692179
96.61,0.286026001
96.61333333,0.272140503
96.61666667,0.247192383
96.62,0.216888428
96.62333333,0.160532633
96.62666667,0.117970785
96.63,-0.015228271
96.63333333,-0.14193217
96.63666667,-0.252878825
96.64,-0.265945435
96.64333333,-0.239064535
96.64666667,-0.235453288
96.65,-0.162124634
96.65333333,-0.112289429
96.65666667,-0.044932048
96.66,0.008270264
96.66333333,0.027903239
96.66666667,-0.001653035
96.67,-0.024597168
96.67333333,0.05291748
96.67666667,0.095809937
96.68,0.055297852
96.68333333,0.056025187
96.68666667,0.074752808
96.69,0.100479126
96.69333333,0.113789876
96.69666667,0.125295003
96.7,0.082550049
96.70333333,0.080403646
96.70666667,0.144246419
96.71,0.11491394
96.71333333,0.183191935
96.71666667,0.210266113
96.72,0.185974121
96.72333333,0.144017537
96.72666667,0.171081543
96.73,0.14630127
96.73333333,0.10655721
96.73666667,0.167643229
96.74,0.171646118
96.74333333,0.17682902
96.74666667,0.147171021
96.75,0.189590454
96.75333333,0.18510437
96.75666667,0.209925334
96.76,0.189834595
96.76333333,0.185317993
96.76666667,0.209452311
96.77,0.222854614
96.77333333,0.229141235
96.77666667,0.254720052
96.78,0.229522705
96.78333333,0.209299723
96.78666667,0.220199585
96.79,0.267333984
96.79333333,0.241200765
96.79666667,0.216222127
96.8,0.25177002
96.80333333,0.251637777
96.80666667,0.279876709
96.81,0.283752441
96.81333333,0.233311971
96.81666667,0.273208618
96.82,0.309906006
96.82333333,0.331166585
96.82666667,0.340484619
96.83,0.350082397
96.83333333,0.315348307
96.83666667,0.351211548
96.84,0.34262085
96.84333333,0.396764119
96.84666667,0.386144002
96.85,0.36491394
96.85333333,0.398513794
96.85666667,0.396972656
96.86,0.371139526
96.86333333,0.356119792
96.86666667,0.405654907
96.87,0.445755005
96.87333333,0.436823527
96.87666667,0.410568237
96.88,0.436187744
96.88333333,0.430119832
96.88666667,0.469914754
96.89,0.41847229
96.89333333,0.416219076
96.89666667,0.409790039
96.9,0.42678833
96.90333333,0.388676961
96.90666667,0.386047363
96.91,0.367874146
96.91333333,0.330993652
96.91666667,0.291824341
96.92,0.288070679
96.92333333,0.306396484
96.92666667,0.221791585
96.93,0.249862671
96.93333333,0.229568481
96.93666667,0.162663778
96.94,0.197723389
96.94333333,0.207183838
96.94666667,0.170842489
96.95,0.140304565
96.95333333,0.173772176
96.95666667,0.125610352
96.96,0.177200317
96.96333333,0.158843994
96.96666667,0.10017395
96.97,0.094680786
96.97333333,0.129496257
96.97666667,0.160644531
96.98,0.132202148
96.98333333,0.162353516
96.98666667,0.203689575
96.99,0.172958374
96.99333333,0.147867839
96.99666667,0.138519287
97,0.138473511
97.00333333,0.162241618
97.00666667,0.146982829
97.01,0.1668396
97.01333333,0.119328817
97.01666667,0.109659831
97.02,0.141540527
97.02333333,0.132629395
97.02666667,0.167556763
97.03,0.169235229
97.03333333,0.185801188
97.03666667,0.148605347
97.04,0.102828979
97.04333333,0.160939535
97.04666667,0.187820435
97.05,0.160217285
97.05333333,0.15872701
97.05666667,0.101318359
97.06,0.251556396
97.06333333,0.169881185
97.06666667,0.191396077
97.07,0.214736938
97.07333333,0.176767985
97.07666667,0.206665039
97.08,0.210632324
97.08333333,0.19493103
97.08666667,0.227595011
97.09,0.179229736
97.09333333,0.190785726
97.09666667,0.193115234
97.1,0.196228027
97.10333333,0.166987101
97.10666667,0.171930949
97.11,0.204528809
97.11333333,0.161631266
97.11666667,0.173390706
97.12,0.177337646
97.12333333,0.221862793
97.12666667,0.12059021
97.13,0.122848511
97.13333333,0.139261882
97.13666667,0.22324117
97.14,0.162918091
97.14333333,0.134053548
97.14666667,0.184204102
97.15,0.158004761
97.15333333,0.134811401
97.15666667,0.129725138
97.16,0.136825562
97.16333333,0.14952596
97.16666667,0.13999939
97.17,0.168060303
97.17333333,0.184448242
97.17666667,0.178975423
97.18,0.125793457
97.18333333,0.155461629
97.18666667,0.188028971
97.19,0.177307129
97.19333333,0.202718099
97.19666667,0.159708659
97.2,0.137786865
97.20333333,0.109507243
97.20666667,0.125727336
97.21,0.147964478
97.21333333,0.135243734
97.21666667,0.118230184
97.22,0.112380981
97.22333333,0.189717611
97.22666667,0.146489461
97.23,0.129379272
97.23333333,0.156173706
97.23666667,0.133865356
97.24,0.096252441
97.24333333,0.12383016
97.24666667,0.110265096
97.25,0.086212158
97.25333333,0.114766439
97.25666667,0.09358724
97.26,0.150314331
97.26333333,0.165344238
97.26666667,0.130589803
97.27,0.152832031
97.27333333,0.130610148
97.27666667,0.128992716
97.28,0.138824463
97.28333333,0.11080424
97.28666667,0.086690267
97.29,0.12298584
97.29333333,0.12604777
97.29666667,0.143554688
97.3,0.121994019
97.30333333,0.090820312
97.30666667,0.126093547
97.31,0.118972778
97.31333333,0.123982747
97.31666667,0.097808838
97.32,0.105300903
97.32333333,0.107696533
97.32666667,0.091847738
97.33,0.027236938
97.33333333,0.045267741
97.33666667,0.09236145
97.34,0.147628784
97.34333333,0.119425456
97.34666667,0.107355754
97.35,0.083770752
97.35333333,0.056365967
97.35666667,0.09340922
97.36,0.106170654
97.36333333,0.099492391
97.36666667,0.095392863
97.37,0.08744812
97.37333333,0.131479899
97.37666667,0.121815999
97.38,0.115432739
97.38333333,0.10925293
97.38666667,0.110163371
97.39,0.099395752
97.39333333,0.135696411
97.39666667,0.092366536
97.4,0.104141235
97.40333333,0.151143392
97.40666667,0.134887695
97.41,0.113494873
97.41333333,0.120285034
97.41666667,0.154876709
97.42,0.101425171
97.42333333,0.222173055
97.42666667,0.221766154
97.43,0.156677246
97.43333333,0.154393514
97.43666667,0.197463989
97.44,0.214080811
97.44333333,0.225346883
97.44666667,0.198908488
97.45,0.211334229
97.45333333,0.205897013
97.45666667,0.187591553
97.46,0.208724976
97.46333333,0.231877645
97.46666667,0.192438761
97.47,0.203369141
97.47333333,0.16662089
97.47666667,0.16863505
97.48,0.171615601
97.48333333,0.189158122
97.48666667,0.195281982
97.49,0.207931519
97.49333333,0.147252401
97.49666667,0.122319539
97.5,0.122451782
97.50333333,0.140258789
97.50666667,0.15586853
97.51,0.15586853
97.51333333,0.125244141
97.51666667,0.16321818
97.52,0.179473877
97.52333333,0.15910848
97.52666667,0.153025309
97.53,0.164306641
97.53333333,0.177815755
97.53666667,0.123697917
97.54,0.165969849
97.54333333,0.217854818
97.54666667,0.224487305
97.55,0.205535889
97.55333333,0.178853353
97.55666667,0.250539144
97.56,0.308105469
97.56333333,0.357498169
97.56666667,0.428365072
97.57,0.44442749
97.57333333,0.405985514
97.57666667,0.367289225
97.58,0.334350586
97.58333333,0.260416667
97.58666667,0.196858724
97.59,0.056869507
97.59333333,0.024439494
97.59666667,-0.061218262
97.6,-0.137939453
97.60333333,-0.137476603
97.60666667,-0.154647827
97.61,-0.114303589
97.61333333,-0.100708008
97.61666667,-0.046361287
97.62,0.013275146
97.62333333,0.108052572
97.62666667,0.132420858
97.63,0.152236938
97.63333333,0.156987508
97.63666667,0.159072876
97.64,0.194473267
97.64333333,0.171559652
97.64666667,0.18204244
97.65,0.182952881
97.65333333,0.183649699
97.65666667,0.193710327
97.66,0.185836792
97.66333333,0.226593018
97.66666667,0.206375122
97.67,0.147415161
97.67333333,0.169174194
97.67666667,0.203877767
97.68,0.211349487
97.68333333,0.201543172
97.68666667,0.180536906
97.69,0.186553955
97.69333333,0.201222738
97.69666667,0.194895426
97.7,0.183944702
97.70333333,0.159398397
97.70666667,0.170669556
97.71,0.197967529
97.71333333,0.203938802
97.71666667,0.207138062
97.72,0.19190979
97.72333333,0.193313599
97.72666667,0.203236898
97.73,0.181747437
97.73333333,0.166269938
97.73666667,0.160344442
97.74,0.247131348
97.74333333,0.244257609
97.74666667,0.211802165
97.75,0.22277832
97.75333333,0.222920736
97.75666667,0.197723389
97.76,0.24508667
97.76333333,0.253392537
97.76666667,0.233052572
97.77,0.216598511
97.77333333,0.224090576
97.77666667,0.284113566
97.78,0.231201172
97.78333333,0.229975382
97.78666667,0.276367188
97.79,0.277954102
97.79333333,0.276301066
97.79666667,0.284942627
97.8,0.313415527
97.80333333,0.278172811
97.80666667,0.300053914
97.81,0.283721924
97.81333333,0.264414469
97.81666667,0.362803141
97.82,0.386947632
97.82333333,0.364425659
97.82666667,0.392883301
97.83,0.372299194
97.83333333,0.38655599
97.83666667,0.357701619
97.84,0.343444824
97.84333333,0.368601481
97.84666667,0.342859904
97.85,0.324783325
97.85333333,0.366327922
97.85666667,0.342778524
97.86,0.313034058
97.86333333,0.316904704
97.86666667,0.295918783
97.87,0.274658203
97.87333333,0.238169352
97.87666667,0.22299703
97.88,0.206970215
97.88333333,0.197092692
97.88666667,0.171127319
97.89,0.201812744
97.89333333,0.167821248
97.89666667,0.122772217
97.9,0.131072998
97.90333333,0.203094482
97.90666667,0.153162638
97.91,0.13092041
97.91333333,0.102518717
97.91666667,0.113677979
97.92,0.097732544
97.92333333,0.142567952
97.92666667,0.104644775
97.93,0.107772827
97.93333333,0.138829549
97.93666667,0.113179525
97.94,0.074630737
97.94333333,0.092631022
97.94666667,0.12508138
97.95,0.107269287
97.95333333,0.141728719
97.95666667,0.124109904
97.96,0.125900269
97.96333333,0.199671427
97.96666667,0.163675944
97.97,0.167495728
97.97333333,0.202768962
97.97666667,0.173136393
97.98,0.188903809
97.98333333,0.178807576
97.98666667,0.122121175
97.99,0.150848389
97.99333333,0.135218302
97.99666667,0.1746521
98,0.194168091
98.00333333,0.169926961
98.00666667,0.127721151
98.01,0.136993408
98.01333333,0.144276937
98.01666667,0.191675822
98.02,0.178955078
98.02333333,0.165379842
98.02666667,0.201471965
98.03,0.157852173
98.03333333,0.168660482
98.03666667,0.098393758
98.04,0.144104004
98.04333333,0.19144694
98.04666667,0.180725098
98.05,0.18661499
98.05333333,0.203318278
98.05666667,0.166447957
98.06,0.174636841
98.06333333,0.133763631
98.06666667,0.125681559
98.07,0.147872925
98.07333333,0.164657593
98.07666667,0.14364624
98.08,0.132125854
98.08333333,0.170644124
98.08666667,0.125890096
98.09,0.164474487
98.09333333,0.13633728
98.09666667,0.127329508
98.1,0.117416382
98.10333333,0.096501668
98.10666667,0.187072754
98.11,0.13684082
98.11333333,0.125366211
98.11666667,0.121281942
98.12,0.11882019
98.12333333,0.108459473
98.12666667,0.132232666
98.13,0.135025024
98.13333333,0.131454468
98.13666667,0.137802124
98.14,0.118911743
98.14333333,0.120534261
98.14666667,0.138722738
98.15,0.108032227
98.15333333,0.13802592
98.15666667,0.121907552
98.16,0.106170654
98.16333333,0.095489502
98.16666667,0.089518229
98.17,0.088287354
98.17333333,0.081695557
98.17666667,0.10895284
98.18,0.076721191
98.18333333,0.058390299
98.18666667,0.147262573
98.19,0.115829468
98.19333333,0.131388346
98.19666667,0.080759684
98.2,0.062026978
98.20333333,0.067596436
98.20666667,0.078715007
98.21,0.139923096
98.21333333,0.120697021
98.21666667,0.158665975
98.22,0.060562134
98.22333333,0.073257446
98.22666667,0.153401693
98.23,0.090805054
98.23333333,0.135396322
98.23666667,0.089187622
98.24,0.119796753
98.24333333,0.155502319
98.24666667,0.103368123
98.25,0.109481812
98.25333333,0.098846436
98.25666667,0.128097534
98.26,0.146591187
98.26333333,0.129862467
98.26666667,0.118687948
98.27,0.069030762
98.27333333,0.093958537
98.27666667,0.133173625
98.28,0.105697632
98.28333333,0.103276571
98.28666667,0.133097331
98.29,0.147415161
98.29333333,0.110224406
98.29666667,0.079065959
98.3,0.132217407
98.30333333,0.150624593
98.30666667,0.082234701
98.31,0.160369873
98.31333333,0.160792033
98.31666667,0.116119385
98.32,0.156341553
98.32333333,0.17582194
98.32666667,0.180414836
98.33,0.179977417
98.33333333,0.181325277
98.33666667,0.15272522
98.34,0.139434814
98.34333333,0.133824666
98.34666667,0.091100057
98.35,0.15411377
98.35333333,0.100219727
98.35666667,0.047973633
98.36,0.123168945
98.36333333,0.16297404
98.36666667,0.153249105
98.37,0.145553589
98.37333333,0.144917806
98.37666667,0.183517456
98.38,0.226623535
98.38333333,0.161387126
98.38666667,0.111373901
98.39,0.032394409
98.39333333,0.104390462
98.39666667,0.105000814
98.4,0.073318481
98.40333333,0.112162272
98.40666667,0.11638387
98.41,0.080322266
98.41333333,0.111857096
98.41666667,0.08837382
98.42,0.065948486
98.42333333,0.068196615
98.42666667,0.076878866
98.43,0.05430603
98.43333333,0.052769979
98.43666667,0.079742432
98.44,0.053359985
98.44333333,0.054885864
98.44666667,0.09219869
98.45,0.067825317
98.45333333,0.087498983
98.45666667,0.091461182
98.46,0.013656616
98.46333333,0.057174683
98.46666667,0.105463664
98.47,0.125259399
98.47333333,0.131037394
98.47666667,0.16305542
98.48,0.197860718
98.48333333,0.285186768
98.48666667,0.340281169
98.49,0.327926636
98.49333333,0.328130086
98.49666667,0.247477214
98.5,0.186157227
98.50333333,0.079722087
98.50666667,0.072077433
98.51,-0.043518066
98.51333333,-0.075469971
98.51666667,-0.09068807
98.52,-0.194793701
98.52333333,-0.208791097
98.52666667,-0.19859314
98.53,-0.210266113
98.53333333,-0.154266357
98.53666667,-0.049245199
98.54,-0.046386719
98.54333333,-0.008158366
98.54666667,0.041712443
98.55,0.06942749
98.55333333,0.082560221
98.55666667,0.106755575
98.56,0.120010376
98.56333333,0.09975179
98.56666667,0.090967814
98.57,0.11164856
98.57333333,0.085123698
98.57666667,0.060668945
98.58,0.086196899
98.58333333,0.100072225
98.58666667,0.065027873
98.59,0.060211182
98.59333333,0.085276286
98.59666667,0.05069987
98.6,0.126724243
98.60333333,0.096196493
98.60666667,0.124287923
98.61,0.128326416
98.61333333,0.122360229
98.61666667,0.114008586
98.62,0.128845215
98.62333333,0.084742228
98.62666667,0.130849202
98.63,0.088500977
98.63333333,0.120213826
98.63666667,0.118591309
98.64,0.154281616
98.64333333,0.105641683
98.64666667,0.105982463
98.65,0.135116577
98.65333333,0.126093547
98.65666667,0.10454305
98.66,0.123260498
98.66333333,0.091211955
98.66666667,0.154749552
98.67,0.122711182
98.67333333,0.15625
98.67666667,0.207321167
98.68,0.117980957
98.68333333,0.149765015
98.68666667,0.196873983
98.69,0.198226929
98.69333333,0.220362345
98.69666667,0.264409383
98.7,0.216293335
98.70333333,0.258295695
98.70666667,0.245961507
98.71,0.240997314
98.71333333,0.232803345
98.71666667,0.270309448
98.72,0.276138306
98.72333333,0.269220988
98.72666667,0.276855469
98.73,0.299499512
98.73333333,0.329793294
98.73666667,0.344019572
98.74,0.305786133
98.74333333,0.303334554
98.74666667,0.306203206
98.75,0.288009644
98.75333333,0.283660889
98.75666667,0.307388306
98.76,0.26083374
98.76333333,0.250564575
98.76666667,0.3053538
98.77,0.288726807
98.77333333,0.252024333
98.77666667,0.255701701
98.78,0.286209106
98.78333333,0.258687337
98.78666667,0.25151062
98.79,0.240692139
98.79333333,0.264867147
98.79666667,0.227233887
98.8,0.212249756
98.80333333,0.187332153
98.80666667,0.153477987
98.81,0.131820679
98.81333333,0.161936442
98.81666667,0.086288452
98.82,0.17640686
98.82333333,0.169743856
98.82666667,0.118565877
98.83,0.102462769
98.83333333,0.061925252
98.83666667,0.091893514
98.84,0.068939209
98.84333333,0.080469767
98.84666667,0.080464681
98.85,0.120239258
98.85333333,0.169881185
98.85666667,0.119028727
98.86,0.094207764
98.86333333,0.112920125
98.86666667,0.10559082
98.87,0.11505127
98.87333333,0.040095011
98.87666667,0.038772583
98.88,0.092941284
98.88333333,0.107828776
98.88666667,0.085642497
98.89,0.124557495
98.89333333,0.13911438
98.89666667,0.122065226
98.9,0.117797852
98.90333333,0.115402222
98.90666667,0.096537272
98.91,0.105453491
98.91333333,0.131128947
98.91666667,0.135421753
98.92,0.122344971
98.92333333,0.157002767
98.92666667,0.117345174
98.93,0.069625854
98.93333333,0.075378418
98.93666667,0.064580282
98.94,0.116577148
98.94333333,0.139928182
98.94666667,0.156138102
98.95,0.125045776
98.95333333,0.111409505
98.95666667,0.113418579
98.96,0.089385986
98.96333333,0.119481405
98.96666667,0.12105306
98.97,0.148651123
98.97333333,0.09487915
98.97666667,0.128941854
98.98,0.133987427
98.98333333,0.118077596
98.98666667,0.143630981
98.99,0.110961914
98.99333333,0.149622599
98.99666667,0.140970866
99,0.12550354
99.00333333,0.156799316
99.00666667,0.181508382
99.01,0.105514526
99.01333333,0.124186198
99.01666667,0.175984701
99.02,0.162445068
99.02333333,0.17229716
99.02666667,0.166946411
99.03,0.158065796
99.03333333,0.12008667
99.03666667,0.106760661
99.04,0.145248413
99.04333333,0.156082153
99.04666667,0.116597493
99.05,0.144195557
99.05333333,0.113149007
99.05666667,0.11505127
99.06,0.07901001
99.06333333,0.170700073
99.06666667,0.163675944
99.07,0.111755371
99.07333333,0.117558797
99.07666667,0.148249308
99.08,0.140686035
99.08333333,0.146102905
99.08666667,0.077631632
99.09,0.085296631
99.09333333,0.097930908
99.09666667,0.121551514
99.1,0.129699707
99.10333333,0.13180542
99.10666667,0.112157186
99.11,0.148422241
99.11333333,0.125233968
99.11666667,0.113601685
99.12,0.126403809
99.12333333,0.091471354
99.12666667,0.104909261
99.13,0.108596802
99.13333333,0.140431722
99.13666667,0.15814209
99.14,0.127593994
99.14333333,0.07174174
99.14666667,0.108581543
99.15,0.133590698
99.15333333,0.076858521
99.15666667,0.045766195
99.16,0.077224731
99.16333333,0.140151978
99.16666667,0.162506104
99.17,0.115814209
99.17333333,0.084645589
99.17666667,0.132202148
99.18,0.135742188
99.18333333,0.137812297
99.18666667,0.12193807
99.19,0.134262085
99.19333333,0.092178345
99.19666667,0.125178019
99.2,0.150527954
99.20333333,0.145411174
99.20666667,0.17401123
99.21,0.136108398
99.21333333,0.096303304
99.21666667,0.12878418
99.22,0.149047852
99.22333333,0.114980062
99.22666667,0.120274862
99.23,0.119995117
99.23333333,0.116526286
99.23666667,0.137288411
99.24,0.150558472
99.24333333,0.174886068
99.24666667,0.131296794
99.25,0.135421753
99.25333333,0.123158773
99.25666667,0.109329224
99.26,0.173583984
99.26333333,0.146194458
99.26666667,0.133209229
99.27,0.204788208
99.27333333,0.158411662
99.27666667,0.111424764
99.28,0.115768433
99.28333333,0.149307251
99.28666667,0.112431844
99.29,0.143280029
99.29333333,0.144810994
99.29666667,0.166356405
99.3,0.169448853
99.30333333,0.13196818
99.30666667,0.09328715
99.31,0.102233887
99.31333333,0.114664714
99.31666667,0.147069295
99.32,0.202346802
99.32333333,0.136993408
99.32666667,0.088526408
99.33,0.117050171
99.33333333,0.13516744
99.33666667,0.092915853
99.34,0.131744385
99.34333333,0.138966878
99.34666667,0.135467529
99.35,0.104980469
99.35333333,0.158569336
99.35666667,0.207361857
99.36,0.268432617
99.36333333,0.335484823
99.36666667,0.388641357
99.37,0.362701416
99.37333333,0.325759888
99.37666667,0.241948446
99.38,0.20930481
99.38333333,0.173924764
99.38666667,0.095881144
99.39,-0.007980347
99.39333333,-0.034535726
99.39666667,-0.131388346
99.4,-0.179519653
99.40333333,-0.151697795
99.40666667,-0.149586995
99.41,-0.088897705
99.41333333,-0.035049438
99.41666667,-0.003433228
99.42,0.063766479
99.42333333,0.121383667
99.42666667,0.102198283
99.43,0.144836426
99.43333333,0.126698812
99.43666667,0.117518107
99.44,0.103729248
99.44333333,0.176518758
99.44666667,0.144709269
99.45,0.159912109
99.45333333,0.208226522
99.45666667,0.229176839
99.46,0.247817993
99.46333333,0.185760498
99.46666667,0.186894735
99.47,0.182617187
99.47333333,0.200668335
99.47666667,0.225168864
99.48,0.216537476
99.48333333,0.227483114
99.48666667,0.22261556
99.49,0.20501709
99.49333333,0.207636515
99.49666667,0.220387777
99.5,0.191497803
99.50333333,0.21282959
99.50666667,0.246744792
99.51,0.238174438
99.51333333,0.196629842
99.51666667,0.18274943
99.52,0.193450928
99.52333333,0.23227946
99.52666667,0.186625163
99.53,0.182235718
99.53333333,0.1902771
99.53666667,0.191279093
99.54,0.26121521
99.54333333,0.26763916
99.54666667,0.220748901
99.55,0.271377563
99.55333333,0.304835002
99.55666667,0.250172933
99.56,0.234375
99.56333333,0.249689738
99.56666667,0.232340495
99.57,0.279327393
99.57333333,0.291269938
99.57666667,0.254333496
99.58,0.311752319
99.58333333,0.294621785
99.58666667,0.302281698
99.59,0.278244019
99.59333333,0.266499837
99.59666667,0.277603149
99.6,0.302276611
99.60333333,0.329589844
99.60666667,0.333765666
99.61,0.378540039
99.61333333,0.365198771
99.61666667,0.361073812
99.62,0.337005615
99.62333333,0.306716919
99.62666667,0.363713582
99.63,0.362716675
99.63333333,0.339838664
99.63666667,0.315038045
99.64,0.353439331
99.64333333,0.299636841
99.64666667,0.315353394
99.65,0.319290161
99.65333333,0.297795614
99.65666667,0.297927856
99.66,0.275390625
99.66333333,0.264500936
99.66666667,0.217437744
99.67,0.200073242
99.67333333,0.135889689
99.67666667,0.113149007
99.68,0.142166138
99.68333333,0.146636963
99.68666667,0.125920614
99.69,0.113021851
99.69333333,0.093770345
99.69666667,0.076761882
99.7,0.090484619
99.70333333,0.019729614
99.70666667,0.004399618
99.71,0.016601563
99.71333333,0.006729126
99.71666667,0.048065186
99.72,0.019256592
99.72333333,0.014414469
99.72666667,0.05048116
99.73,0.042129517
99.73333333,0.035603841
99.73666667,0.043604533
99.74,0.016647339
99.74333333,0.033203125
99.74666667,0.019933065
99.75,-0.015258789
99.75333333,0.051030477
99.75666667,0.051569621
99.76,0.075592041
99.76333333,-0.009175618
99.76666667,0.010706584
99.77,0.033462524
99.77333333,0.02591451
99.77666667,0.059524536
99.78,0.086273193
99.78333333,0.061264038
99.78666667,0.044143677
99.79,0.047653198
99.79333333,0.056345622
99.79666667,0.06237793
99.8,0.046691895
99.80333333,0.05388387
99.80666667,0.039967855
99.81,0.067886353
99.81333333,0.008672078
99.81666667,-0.000305176
99.82,0.082366943
99.82333333,0.093190511
99.82666667,0.100148519
99.83,0.074111938
99.83333333,0.066248576
99.83666667,0.062525431
99.84,0.077407837
99.84333333,0.091730754
99.84666667,0.129074097
99.85,0.077285767
99.85333333,0.131078084
99.85666667,0.078231812
99.86,0.14100647
99.86333333,0.06644694
99.86666667,0.036951701
99.87,0.1015625
99.87333333,0.103307088
99.87666667,0.066843669
99.88,0.032913208
99.88333333,0.026753743
99.88666667,0.08674113
99.89,0.064712524
99.89333333,0.035369873
99.89666667,0.053588867
99.9,0.081329346
99.90333333,0.086939494
99.90666667,0.035985311
99.91,0.062469482
99.91333333,0.055236816
99.91666667,0.087738037
99.92,0.057312012
99.92333333,0.032246908
99.92666667,0.03179423
99.93,0.059371948
99.93333333,0.099105835
99.93666667,0.056106567
99.94,0.072341919
99.94333333,0.041681925
99.94666667,0.063705444
99.95,0.001373291
99.95333333,0.064697266
99.95666667,0.073735555
99.96,0.096755981
99.96333333,0.090601603
99.96666667,0.042088826
99.97,0.010848999
99.97333333,0.064768473
99.97666667,0.011693319
99.98,0.034454346
99.98333333,0.077133179
99.98666667,0.060913086
99.99,0.080657959
99.99333333,0.033213298
99.99666667,0.024841309
100,0.037765503
100.0033333,0.074198405
100.0066667,0.020004272
100.01,-0.001480103
100.0133333,0.021026611
100.0166667,0.012537638
100.02,0.029693604
100.0233333,0.010014852
100.0266667,0.0137736
100.03,-0.001037598
100.0333333,0.041732788
100.0366667,0.027501424
100.04,-0.004379272
100.0433333,0.018488566
100.0466667,0.043121338
100.05,0.007476807
100.0533333,-0.004577637
100.0566667,0.028879801
100.06,0.031585693
100.0633333,0.040400187
100.0666667,-0.026982625
100.07,-0.006332397
100.0733333,0.02327474
100.0766667,0.02309672
100.08,-0.021331787
100.0833333,0.028991699
100.0866667,0.048716227
100.09,0.032608032
100.0933333,0.003356934
100.0966667,0.006525675
100.1,-0.029830933
100.1033333,0.001820882
100.1066667,0.033508301
100.11,0.019393921
100.1133333,0.045272827
100.1166667,0.034713745
100.12,-0.009078979
100.1233333,0.030471802
100.1266667,0.039683024
100.13,0.029800415
100.1333333,0.028330485
100.1366667,0.00134786
100.14,0.019317627
100.1433333,0.073140462
100.1466667,-0.027959188
100.15,0.020828247
100.1533333,0.013717651
100.1566667,-0.031117757
100.16,0.022399902
100.1633333,0.002212524
100.1666667,-0.003560384
100.17,0.034698486
100.1733333,0.04200236
100.1766667,0.055674235
100.18,0.008331299
100.1833333,0.013605754
100.1866667,-0.002187093
100.19,0.002166748
100.1933333,-0.008026123
100.1966667,-0.022710164
100.2,0.00038147
100.2033333,0.023890177
100.2066667,-0.015563965
100.21,-0.001052856
100.2133333,-0.018758138
100.2166667,-0.08740743
100.22,-0.0650177
100.2233333,-0.025177002
100.2266667,0.013127645
100.23,-0.014053345
100.2333333,-0.016174316
100.2366667,-0.052937826
100.24,-0.061065674
100.2433333,-0.049153646
100.2466667,-0.04977417
100.25,-0.019073486
100.2533333,-0.045862834
100.2566667,-0.043914795
100.26,-0.043731689
100.2633333,-0.053019206
100.2666667,-0.071283976
100.27,-0.130172729
100.2733333,-0.022460937
100.2766667,0.014561971
100.28,0.085769653
100.2833333,0.100072225
100.2866667,0.175470988
100.29,0.218276978
100.2933333,0.211588542
100.2966667,0.16633606
100.3,0.110702515
100.3033333,0.055674235
100.3066667,0.00209554
100.31,0.008270264
100.3133333,-0.122065226
100.3166667,-0.236612956
100.32,-0.277114868
100.3233333,-0.300816854
100.3266667,-0.302205404
100.33,-0.318572998
100.3333333,-0.256601969
100.3366667,-0.20664978
100.34,-0.161697388
100.3433333,-0.089589437
100.3466667,-0.003428141
100.35,-0.018768311
100.3533333,-0.04460144
100.3566667,-0.056981405
100.36,-0.084655762
100.3633333,-0.018925985
100.3666667,0.013326009
100.37,-0.006530762
100.3733333,0.046407064
100.3766667,0.04536438
100.38,0.041946411
100.3833333,0.005569458
100.3866667,0.011128743
100.39,0.091766357
100.3933333,0.050867716
100.3966667,0.00990804
100.4,0.001907349
100.4033333,0.019287109
100.4066667,0.018381755
100.41,-0.021194458
100.4133333,0.011825562
100.4166667,-0.029881795
100.42,0.015457153
100.4233333,-0.000391642
100.4266667,0.020858765
100.43,0.013244629
100.4333333,0.036443075
100.4366667,0.059687297
100.44,0.064590454
100.4433333,0.057240804
100.4466667,0.026952108
100.45,0.089111328
100.4533333,0.05023702
100.4566667,0.074076335
100.46,0.06338501
100.4633333,0.062820435
100.4666667,0.058797201
100.47,0.084823608
100.4733333,0.138437907
100.4766667,0.115427653
100.48,0.138702393
100.4833333,0.107472738
100.4866667,0.134414673
100.49,0.127532959
100.4933333,0.089330037
100.4966667,0.135569255
100.5,0.148010254
100.5033333,0.166041056
100.5066667,0.202931722
100.51,0.173950195
100.5133333,0.144765218
100.5166667,0.16649882
100.52,0.179718018
100.5233333,0.171946208
100.5266667,0.195510864
100.53,0.194641113
100.5333333,0.224990845
100.5366667,0.191004435
100.54,0.15020752
100.5433333,0.169784546
100.5466667,0.174046834
100.55,0.162353516
100.5533333,0.145029704
100.5566667,0.188217163
100.56,0.191925049
100.5633333,0.279505412
100.5666667,0.218200684
100.57,0.219146729
100.5733333,0.228098551
100.5766667,0.224258423
100.58,0.196365356
100.5833333,0.1633962
100.5866667,0.134114583
100.59,0.154525757
100.5933333,0.077870687
100.5966667,0.08265686
100.6,0.079040527
100.6033333,0.089406331
100.6066667,0.088129679
100.61,0.020065308
100.6133333,0.054377238
100.6166667,0.037841797
100.62,0.030105591
100.6233333,0.009923299
100.6266667,0.033274333
100.63,0.056289673
100.6333333,0.015131632
100.6366667,0.000681559
100.64,0.030136108
100.6433333,0.021087646
100.6466667,-0.02390035
100.65,-0.030441284
100.6533333,-0.021321615
100.6566667,-0.036961873
100.66,-0.003311157
100.6633333,-0.013905843
100.6666667,0.000127157
100.67,0.00692749
100.6733333,-0.022588094
100.6766667,-0.014633179
100.68,-0.001098633
100.6833333,0.026473999
100.6866667,-0.007425944
100.69,0.009277344
100.6933333,0.007751465
100.6966667,-0.006312052
100.7,0.001678467
100.7033333,-0.003041585
100.7066667,-0.002894084
100.71,-0.031234741
100.7133333,-0.008412679
100.7166667,-0.040690104
100.72,0.019256592
100.7233333,-0.00839742
100.7266667,0.082178752
100.73,0.020614624
100.7333333,0.006663005
100.7366667,0.007329305
100.74,-0.008804321
100.7433333,-0.032435099
100.7466667,0.015045166
100.75,-0.028610229
100.7533333,0.001342773
100.7566667,-0.002171834
100.76,0.005203247
100.7633333,-0.027999878
100.7666667,-0.041681925
100.77,-0.031005859
100.7733333,0.0190684
100.7766667,0.032501221
100.78,-0.036010742
100.7833333,-0.029296875
100.7866667,0.012201945
100.79,0.059158325
100.7933333,-0.015996297
100.7966667,-0.016377767
100.8,-0.02204895
100.8033333,-0.001800537
100.8066667,0.009170532
100.81,0.02822876
100.8133333,0.017562866
100.8166667,0.006154378
100.82,0.00163269
100.8233333,-0.001790365
100.8266667,-0.024734497
100.83,0.011734009
100.8333333,0.005467733
100.8366667,0.021448771
100.84,0.009643555
100.8433333,0.000457764
100.8466667,-0.000513713
100.85,0.020599365
100.8533333,0.02734375
100.8566667,-0.044377645
100.86,-0.013641357
100.8633333,-0.000564575
100.8666667,-0.059026082
100.87,-0.065292358
100.8733333,-0.021789551
100.8766667,-0.02524821
100.88,0.012527466
100.8833333,0.004475911
100.8866667,-0.005788167
100.89,0.030288696
100.8933333,-0.012476603
100.8966667,-0.003809611
100.9,0.006256104
100.9033333,0.080184937
100.9066667,0.042439779
100.91,0.039642334
100.9133333,0.021494548
100.9166667,-0.004577637
100.92,0.004776001
100.9233333,0.032770793
100.9266667,0.005086263
100.93,0.012329102
100.9333333,0.057474772
100.9366667,0.036610921
100.94,0.006713867
100.9433333,0.01054891
100.9466667,0.077448527
100.95,0.057296753
100.9533333,0.066202799
100.9566667,0.035191854
100.96,0.080123901
100.9633333,0.069661458
100.9666667,0.045954386
100.97,0.022750854
100.9733333,0.097986857
100.9766667,0.10383606
100.98,0.06161499
100.9833333,0.033365885
100.9866667,0.030146281
100.99,0.01864624
100.9933333,0.069630941
100.9966667,0.052022298
101,0.090408325
101.0033333,0.067743937
101.0066667,0.055175781
101.01,0.091247559
101.0133333,0.039774577
101.0166667,0.070037842
101.02,0.058181763
101.0233333,0.083974202
101.0266667,0.044876099
101.03,0.0756073
101.0333333,0.069758097
101.0366667,0.022908529
101.04,0.052429199
101.0433333,0.02146403
101.0466667,0.07611084
101.05,0.024108887
101.0533333,0.055404663
101.0566667,0.026494344
101.06,0.060272217
101.0633333,0.036422729
101.0666667,0.047861735
101.07,0.042114258
101.0733333,0.081497192
101.0766667,0.075169881
101.08,0.020706177
101.0833333,0.026575724
101.0866667,0.084543864
101.09,0.076507568
101.0933333,0.04637146
101.0966667,0.109949748
101.1,0.077667236
101.1033333,0.07161967
101.1066667,0.072296143
101.11,0.04989624
101.1133333,0.072280884
101.1166667,0.071182251
101.12,0.056106567
101.1233333,0.051940918
101.1266667,0.046778361
101.13,0.09085083
101.1333333,0.093917847
101.1366667,0.068527222
101.14,0.092147827
101.1433333,0.099100749
101.1466667,0.097325643
101.15,0.056991577
101.1533333,0.03751119
101.1566667,0.086135864
101.16,0.04234314
101.1633333,0.045293172
101.1666667,0.06497701
101.17,0.028564453
101.1733333,0.035125732
101.1766667,-0.039306641
101.18,0.052398682
101.1833333,0.026524862
101.1866667,-0.012293498
101.19,0.028213501
101.1933333,0.061889648
101.1966667,0.051213582
101.2,0.022888184
101.2033333,0.005259196
101.2066667,0.01612854
101.21,0.032150269
101.2133333,0.050099691
101.2166667,0.015920003
101.22,0.035812378
101.2233333,0.039240519
101.2266667,-0.02112325
101.23,-0.043807983
101.2333333,0.006561279
101.2366667,0.060287476
101.24,0.051513672
101.2433333,0.07208252
101.2466667,0.124313354
101.25,0.185394287
101.2533333,0.163742065
101.2566667,0.212661743
101.26,0.253890991
101.2633333,0.187164307
101.2666667,0.082473755
101.27,0.094848633
101.2733333,0.058883667
101.2766667,-0.092549642
101.28,-0.149200439
101.2833333,-0.21174113
101.2866667,-0.267684937
101.29,-0.297790527
101.2933333,-0.238438924
101.2966667,-0.231719971
101.3,-0.157165527
101.3033333,-0.100489299
101.3066667,-0.053029378
101.31,0.008789063
101.3133333,0.023579915
101.3166667,-0.028381348
101.32,0.004211426
101.3233333,-0.027470907
101.3266667,0.018793742
101.33,0.06803894
101.3333333,0.077692668
101.3366667,0.10732015
101.34,0.093887329
101.3433333,0.065241496
101.3466667,0.09928894
101.35,0.094451904
101.3533333,0.083684285
101.3566667,0.080052694
101.36,0.115341187
101.3633333,0.098978678
101.3666667,0.124053955
101.37,0.084747314
101.3733333,0.07858785
101.3766667,0.192184448
101.38,0.163406372
101.3833333,0.10190328
101.3866667,0.094390869
101.39,0.10635376
101.3933333,0.141845703
101.3966667,0.138712565
101.4,0.130767822
101.4033333,0.136057536
101.4066667,0.138214111
101.41,0.122802734
101.4133333,0.115061442
101.4166667,0.084813436
101.42,0.177688599
101.4233333,0.152135213
101.4266667,0.152587891
101.43,0.15133667
101.4333333,0.147069295
101.4366667,0.162790934
101.44,0.119049072
101.4433333,0.166315715
101.4466667,0.152008057
101.45,0.189819336
101.4533333,0.178904215
101.4566667,0.181650798
101.46,0.205490112
101.4633333,0.1615448
101.4666667,0.21987915
101.47,0.189254761
101.4733333,0.21101888
101.4766667,0.208440145
101.48,0.212356567
101.4833333,0.254542033
101.4866667,0.251902262
101.49,0.275695801
101.4933333,0.275894165
101.4966667,0.300379435
101.5,0.32119751
101.5033333,0.340398153
101.5066667,0.342793783
101.51,0.274200439
101.5133333,0.292521159
101.5166667,0.308176676
101.52,0.265045166
101.5233333,0.276011149
101.5266667,0.250223796
101.53,0.313110352
101.5333333,0.313873291
101.5366667,0.27289327
101.54,0.225662231
101.5433333,0.245315552
101.5466667,0.246836344
101.55,0.246963501
101.5533333,0.238815308
101.5566667,0.240809123
101.56,0.208969116
101.5633333,0.14873759
101.5666667,0.175908407
101.57,0.150039673
101.5733333,0.154998779
101.5766667,0.160797119
101.58,0.087265015
101.5833333,0.131861369
101.5866667,0.101094564
101.59,0.084732056
101.5933333,0.092966715
101.5966667,0.061818441
101.6,0.063400269
101.6033333,0.09765625
101.6066667,0.03612264
101.61,0.042129517
101.6133333,0.102656047
101.6166667,0.055287679
101.62,0.067871094
101.6233333,0.104899089
101.6266667,0.091247559
101.63,0.066589355
101.6333333,0.071283976
101.6366667,0.047907511
101.64,0.031295776
101.6433333,0.006795247
101.6466667,0.073527018
101.65,0.052032471
101.6533333,0.082758586
101.6566667,0.119644165
101.66,0.063339233
101.6633333,0.02843221
101.6666667,0.118764242
101.67,0.077758789
101.6733333,0.109832764
101.6766667,0.050679525
101.68,0.064590454
101.6833333,0.118662516
101.6866667,0.139088949
101.69,0.077774048
101.6933333,0.094324748
101.6966667,0.085281372
101.7,0.047683716
101.7033333,0.085581462
101.7066667,0.050287882
101.71,0.134048462
101.7133333,0.116638184
101.7166667,0.135803223
101.72,0.115646362
101.7233333,0.106725057
101.7266667,0.132100423
101.73,0.102798462
101.7333333,0.129140218
101.7366667,0.121729533
101.74,0.192764282
101.7433333,0.120854696
101.7466667,0.112279256
101.75,0.054168701
101.7533333,0.059494019
101.7566667,0.132527669
101.76,0.141998291
101.7633333,0.12681071
101.7666667,0.095799764
101.77,0.090393066
101.7733333,0.114562988
101.7766667,0.127726237
101.78,0.1040802
101.7833333,0.103149414
101.7866667,0.116612752
101.79,0.114898682
101.7933333,0.116292318
101.7966667,0.080444336
101.8,0.06439209
101.8033333,0.093643188
101.8066667,0.077224731
101.81,0.108062744
101.8133333,0.095942179
101.8166667,0.0709788
101.82,0.118621826
101.8233333,0.057607015
101.8266667,0.112808228
101.83,0.083267212
101.8333333,0.075276693
101.8366667,0.080500285
101.84,0.100387573
101.8433333,0.081334432
101.8466667,0.064300537
101.85,0.114898682
101.8533333,0.065872192
101.8566667,0.083775838
101.86,0.071121216
101.8633333,0.09383138
101.8666667,0.141703288
101.87,0.114837646
101.8733333,0.103708903
101.8766667,0.123402913
101.88,0.132141113
101.8833333,0.093714396
101.8866667,0.08392334
101.89,0.127288818
101.8933333,0.090357463
101.8966667,0.101155599
101.9,0.130615234
101.9033333,0.140670776
101.9066667,0.110031128
101.91,0.087921143
101.9133333,0.106104533
101.9166667,0.118509928
101.92,0.08821106
101.9233333,0.140874227
101.9266667,0.140457153
101.93,0.105041504
101.9333333,0.115458171
101.9366667,0.119303385
101.94,0.085327148
101.9433333,0.072072347
101.9466667,0.078109741
101.95,0.107269287
101.9533333,0.119400024
101.9566667,0.151463826
101.96,0.125579834
101.9633333,0.097686768
101.9666667,0.071792603
101.97,0.07170105
101.9733333,0.079681396
101.9766667,0.067647298
101.98,0.057296753
101.9833333,0.044250488
101.9866667,0.031143188
101.99,0.042236328
101.9933333,0.014551799
101.9966667,0.012212118
102,0.051116943
102.0033333,0.016983032
102.0066667,0.044158936
102.01,0.088394165
102.0133333,0.086847941
102.0166667,0.047022502
102.02,0.065460205
102.0233333,0.113215129
102.0266667,0.045822144
102.03,0.089981079
102.0333333,0.070317586
102.0366667,0.059224447
102.04,0.096817017
102.0433333,0.097976685
102.0466667,0.089228312
102.05,0.130386353
102.0533333,0.061467489
102.0566667,0.094680786
102.06,0.122833252
102.0633333,0.098505656
102.0666667,0.117925008
102.07,0.085647583
102.0733333,0.074661255
102.0766667,0.093129476
102.08,0.108764648
102.0833333,0.097910563
102.0866667,0.108179728
102.09,0.114105225
102.0933333,0.098653158
102.0966667,0.05750529
102.1,0.043334961
102.1033333,0.076512655
102.1066667,0.103597005
102.11,0.121292114
102.1133333,0.095977783
102.1166667,0.117314657
102.12,0.090866089
102.1233333,0.067459106
102.1266667,0.127248128
102.13,0.114776611
102.1333333,0.06942749
102.1366667,0.026682536
102.14,0.060913086
102.1433333,0.025741577
102.1466667,0.007425944
102.15,0.00541687
102.1533333,-0.002319336
102.1566667,0.00916036
102.16,0.03364563
102.1633333,0.007873535
102.1666667,-0.012969971
102.17,-0.023574829
102.1733333,0.013926188
102.1766667,-0.000356038
102.18,-0.005462646
102.1833333,-0.029856364
102.1866667,-0.0243632
102.19,0.04208374
102.1933333,0.025268555
102.1966667,0.033335368
102.2,0.025634766
102.2033333,0.05023702
102.2066667,0.040786743
102.21,0.016616821
102.2133333,0.025822957
102.2166667,0.063756307
102.22,0.113143921
102.2233333,0.119649251
102.2266667,0.190043132
102.23,0.203659058
102.2333333,0.257492065
102.2366667,0.290552775
102.24,0.25402832
102.2433333,0.214406331
102.2466667,0.185816447
102.25,0.077056885
102.2533333,0.046661377
102.2566667,-0.078114827
102.26,-0.1824646
102.2633333,-0.207392375
102.2666667,-0.214640299
102.27,-0.245803833
102.2733333,-0.270665487
102.2766667,-0.146377563
102.28,-0.125854492
102.2833333,-0.079345703
102.2866667,0.00865682
102.29,0.035629272
102.2933333,0.007588704
102.2966667,0.058766683
102.3,0.016479492
102.3033333,0.009470622
102.3066667,-0.009155273
102.31,0.015777588
102.3133333,0.043940226
102.3166667,0.044174194
102.32,0.035461426
102.3233333,0.105534871
102.3266667,0.046376546
102.33,0.067382812
102.3333333,0.071589152
102.3366667,0.113016764
102.34,0.073898315
102.3433333,0.081466675
102.3466667,0.086176554
102.35,0.09803772
102.3533333,0.075754801
102.3566667,0.066853841
102.36,0.087402344
102.3633333,0.134084066
102.3666667,0.112915039
102.37,0.092025757
102.3733333,0.106908162
102.3766667,0.146052043
102.38,0.102050781
102.3833333,0.100529989
102.3866667,0.159083049
102.39,0.135345459
102.3933333,0.143188477
102.3966667,0.100189209
102.4,0.135345459
102.4033333,0.150767008
102.4066667,0.162068685
102.41,0.159332275
102.4133333,0.119918823
102.4166667,0.163650513
102.42,0.167602539
102.4233333,0.155400594
102.4266667,0.15339152
102.43,0.172042847
102.4333333,0.175730387
102.4366667,0.1528066
102.44,0.246826172
102.4433333,0.226008097
102.4466667,0.280461629
102.45,0.262985229
102.4533333,0.284851074
102.4566667,0.294062297
102.46,0.251922607
102.4633333,0.295481364
102.4666667,0.291086833
102.47,0.266036987
102.4733333,0.339009603
102.4766667,0.306732178
102.48,0.253692627
102.4833333,0.296859741
102.4866667,0.291514079
102.49,0.327804565
102.4933333,0.360717773
102.4966667,0.33899943
102.5,0.321960449
102.5033333,0.326950073
102.5066667,0.335968018
102.51,0.324005127
102.5133333,0.312464396
102.5166667,0.330378215
102.52,0.322998047
102.5233333,0.338129679
102.5266667,0.324676514
102.53,0.304901123
102.5333333,0.251134237
102.5366667,0.276504517
102.54,0.201721191
102.5433333,0.235778809
102.5466667,0.251480103
102.55,0.208587646
102.5533333,0.182444255
102.5566667,0.132395426
102.56,0.159378052
102.5633333,0.16587321
102.5666667,0.133260091
102.57,0.137863159
102.5733333,0.134694417
102.5766667,0.128250122
102.58,0.098358154
102.5833333,0.112533569
102.5866667,0.119166056
102.59,0.15020752
102.5933333,0.063517253
102.5966667,0.031321208
102.6,0.060958862
102.6033333,0.152313232
102.6066667,0.141413371
102.61,0.066711426
102.6133333,0.025314331
102.6166667,0.116399129
102.62,0.12789917
102.6233333,0.084864299
102.6266667,0.110366821
102.63,0.117172241
102.6333333,0.140024821
102.6366667,0.119298299
102.64,0.111724854
102.6433333,0.129842122
102.6466667,0.116653442
102.65,0.123596191
102.6533333,0.109512329
102.6566667,0.104832967
102.66,0.115234375
102.6633333,0.104105632
102.6666667,0.119654338
102.67,0.142730713
102.6733333,0.186559041
102.6766667,0.182093302
102.68,0.177490234
102.6833333,0.131759644
102.6866667,0.123408
102.69,0.120498657
102.6933333,0.115732829
102.6966667,0.12940979
102.7,0.17364502
102.7033333,0.124150594
102.7066667,0.059382121
102.71,0.133209229
102.7133333,0.135991414
102.7166667,0.130182902
102.72,0.14956665
102.7233333,0.188517253
102.7266667,0.153661092
102.73,0.17855835
102.7333333,0.143025716
102.7366667,0.160390218
102.74,0.162414551
102.7433333,0.113037109
102.7466667,0.103851318
102.75,0.088882446
102.7533333,0.094278971
102.7566667,0.114624023
102.76,0.127593994
102.7633333,0.117518107
102.7666667,0.09068807
102.77,0.111022949
102.7733333,0.128153483
102.7766667,0.099014282
102.78,0.108963013
102.7833333,0.131657918
102.7866667,0.092508952
102.79,0.171615601
102.7933333,0.114003499
102.7966667,0.141850789
102.8,0.143051147
102.8033333,0.15655009
102.8066667,0.176320394
102.81,0.107818604
102.8133333,0.1344045
102.8166667,0.124638875
102.82,0.121337891
102.8233333,0.125091553
102.8266667,0.125783285
102.83,0.133743286
102.8333333,0.136439006
102.8366667,0.125279744
102.84,0.162536621
102.8433333,0.114568075
102.8466667,0.140350342
102.85,0.174713135
102.8533333,0.0997111
102.8566667,0.131790161
102.86,0.158676147
102.8633333,0.152501424
102.8666667,0.121866862
102.87,0.135025024
102.8733333,0.126276652
102.8766667,0.141866048
102.88,0.106826782
102.8833333,0.120493571
102.8866667,0.148203532
102.89,0.150527954
102.8933333,0.144495646
102.8966667,0.168797811
102.9,0.157165527
102.9033333,0.14251709
102.9066667,0.166976929
102.91,0.119613647
102.9133333,0.065231323
102.9166667,0.052388509
102.92,0.067733765
102.9233333,0.148539225
102.9266667,0.119806925
102.93,0.123733521
102.9333333,0.107676188
102.9366667,0.078404744
102.94,0.111068726
102.9433333,0.117752075
102.9466667,0.108057658
102.95,0.111312866
102.9533333,0.111536662
102.9566667,0.132492065
102.96,0.117782593
102.9633333,0.145029704
102.9666667,0.136591593
102.97,0.130645752
102.9733333,0.157389323
102.9766667,0.153035482
102.98,0.120117188
102.9833333,0.118484497
102.9866667,0.100987752
102.99,0.140914917
102.9933333,0.178822835
102.9966667,0.150772095
103,0.126266479
103.0033333,0.141606649
103.0066667,0.178283691
103.01,0.164199829
103.0133333,0.10126241
103.0166667,0.14600118
103.02,0.117660522
103.0233333,0.12050883
103.0266667,0.14533488
103.03,0.129257202
103.0333333,0.141245524
103.0366667,0.13524882
103.04,0.165267944
103.0433333,0.149124146
103.0466667,0.195383708
103.05,0.173034668
103.0533333,0.165664673
103.0566667,0.09513855
103.06,0.130645752
103.0633333,0.167246501
103.0666667,0.129165649
103.07,0.169631958
103.0733333,0.178675334
103.0766667,0.182540894
103.08,0.176956177
103.0833333,0.13923645
103.0866667,0.147944132
103.09,0.148239136
103.0933333,0.164713542
103.0966667,0.194564819
103.1,0.1612854
103.1033333,0.184336344
103.1066667,0.168467204
103.11,0.140335083
103.1133333,0.13605245
103.1166667,0.098851522
103.12,0.129425049
103.1233333,0.143371582
103.1266667,0.124821981
103.13,0.086120605
103.1333333,0.069732666
103.1366667,0.059417725
103.14,0.025848389
103.1433333,0.04675293
103.1466667,0.029596965
103.15,0.078659058
103.1533333,0.10210673
103.1566667,0.083653768
103.16,0.084533691
103.1633333,0.088104248
103.1666667,0.068028768
103.17,0.091751099
103.1733333,0.119578044
103.1766667,0.083465576
103.18,0.089904785
103.1833333,0.115102132
103.1866667,0.08164978
103.19,0.077133179
103.1933333,0.110895793
103.1966667,0.097142537
103.2,0.092315674
103.2033333,0.151479085
103.2066667,0.208938599
103.21,0.227142334
103.2133333,0.309743245
103.2166667,0.362447103
103.22,0.400283813
103.2233333,0.388951619
103.2266667,0.311116536
103.23,0.194717407
103.2333333,0.163752238
103.2366667,0.145070394
103.24,-0.014984131
103.2433333,-0.031829834
103.2466667,-0.118647257
103.25,-0.185394287
103.2533333,-0.183863322
103.2566667,-0.222457886
103.26,-0.13508606
103.2633333,-0.161259969
103.2666667,-0.055084229
103.27,-0.011306763
103.2733333,0.080271403
103.2766667,0.120193481
103.28,0.165054321
103.2833333,0.125757853
103.2866667,0.144088745
103.29,0.11555481
103.2933333,0.171020508
103.2966667,0.12097168
103.3,0.154495239
103.3033333,0.153132121
103.3066667,0.150477091
103.31,0.148086548
103.3133333,0.137451172
103.3166667,0.166066488
103.32,0.1121521
103.3233333,0.149342855
103.3266667,0.160985311
103.33,0.164138794
103.3333333,0.191116333
103.3366667,0.191034953
103.34,0.194503784
103.3433333,0.191609701
103.3466667,0.191955566
103.35,0.236129761
103.3533333,0.202245076
103.3566667,0.192311605
103.36,0.173690796
103.3633333,0.173772176
103.3666667,0.210062663
103.37,0.234558105
103.3733333,0.187850952
103.3766667,0.215718587
103.38,0.193054199
103.3833333,0.244598389
103.3866667,0.198145549
103.39,0.246704102
103.3933333,0.305038452
103.3966667,0.23063151
103.4,0.236358643
103.4033333,0.246251424
103.4066667,0.247233073
103.41,0.201126099
103.4133333,0.27696228
103.4166667,0.26028951
103.42,0.253768921
103.4233333,0.276982625
103.4266667,0.261550903
103.43,0.279937744
103.4333333,0.315424601
103.4366667,0.324050903
103.44,0.26385498
103.4433333,0.326171875
103.4466667,0.325378418
103.45,0.327987671
103.4533333,0.350107829
103.4566667,0.350285848
103.46,0.376708984
103.4633333,0.401789347
103.4666667,0.398686727
103.47,0.391418457
103.4733333,0.391967773
103.4766667,0.42813619
103.48,0.399215698
103.4833333,0.372746785
103.4866667,0.401051839
103.49,0.404998779
103.4933333,0.362889608
103.4966667,0.373738607
103.5,0.360870361
103.5033333,0.327433268
103.5066667,0.342732747
103.51,0.340286255
103.5133333,0.325083415
103.5166667,0.303166707
103.52,0.283950806
103.5233333,0.262324015
103.5266667,0.279729207
103.53,0.242843628
103.5333333,0.244928996
103.5366667,0.172876994
103.54,0.135192871
103.5433333,0.096542358
103.5466667,0.105728149
103.55,0.172958374
103.5533333,0.120107015
103.5566667,0.101969401
103.56,0.102096558
103.5633333,0.082005819
103.5666667,0.131123861
103.57,0.055130005
103.5733333,0.104782104
103.5766667,0.109975179
103.58,0.085342407
103.5833333,0.078582764
103.5866667,0.084223429
103.59,0.062484741
103.5933333,0.072113037
103.5966667,0.068995158
103.6,0.088348389
103.6033333,0.07816569
103.6066667,0.108820597
103.61,0.130828857
103.6133333,0.066390991
103.6166667,0.137761434
103.62,0.145614624
103.6233333,0.094431559
103.6266667,0.09660848
103.63,0.095626831
103.6333333,0.08237203
103.6366667,0.080708822
103.64,0.084381104
103.6433333,0.08531189
103.6466667,0.129201253
103.65,0.064620972
103.6533333,0.124786377
103.6566667,0.137318929
103.66,0.130996704
103.6633333,0.131988525
103.6666667,0.117365519
103.67,0.115249634
103.6733333,0.126500448
103.6766667,0.140991211
103.68,0.118255615
103.6833333,0.06670634
103.6866667,0.108474731
103.69,0.07585144
103.6933333,0.120091756
103.6966667,0.129201253
103.7,0.161437988
103.7033333,0.168055216
103.7066667,0.134023031
103.71,0.134689331
103.7133333,0.152852376
103.7166667,0.156428019
103.72,0.173995972
103.7233333,0.158869425
103.7266667,0.234095256
103.73,0.184768677
103.7333333,0.136693319
103.7366667,0.194783529
103.74,0.188949585
103.7433333,0.157892863
103.7466667,0.133229574
103.75,0.160980225
103.7533333,0.150507609
103.7566667,0.133931478
103.76,0.128448486
103.7633333,0.147994995
103.7666667,0.160064697
103.77,0.070205688
103.7733333,0.098007202
103.7766667,0.114298503
103.78,0.110443115
103.7833333,0.093256632
103.7866667,0.095962524
103.79,0.124038696
103.7933333,0.127914429
103.7966667,0.094945272
103.8,0.149002075
103.8033333,0.117451986
103.8066667,0.116638184
103.81,0.155532837
103.8133333,0.140335083
103.8166667,0.147018433
103.82,0.126525879
103.8233333,0.146733602
103.8266667,0.152160645
103.83,0.149414063
103.8333333,0.106175741
103.8366667,0.090845744
103.84,0.114364624
103.8433333,0.162017822
103.8466667,0.140482585
103.85,0.134963989
103.8533333,0.070780436
103.8566667,0.117396037
103.86,0.08039856
103.8633333,0.11151123
103.8666667,0.097376506
103.87,0.156478882
103.8733333,0.112528483
103.8766667,0.125630697
103.88,0.151885986
103.8833333,0.147069295
103.8866667,0.135676066
103.89,0.129669189
103.8933333,0.143778483
103.8966667,0.166437785
103.9,0.129165649
103.9033333,0.122049967
103.9066667,0.128901164
103.91,0.132507324
103.9133333,0.181381226
103.9166667,0.155385335
103.92,0.151245117
103.9233333,0.123341878
103.9266667,0.122792562
103.93,0.113983154
103.9333333,0.085296631
103.9366667,0.12008667
103.94,0.104705811
103.9433333,0.148045858
103.9466667,0.108144124
103.95,0.084686279
103.9533333,0.141830444
103.9566667,0.110198975
103.96,0.121871948
103.9633333,0.138626099
103.9666667,0.106582642
103.97,0.140350342
103.9733333,0.121185303
103.9766667,0.118901571
103.98,0.10546875
103.9833333,0.127741496
103.9866667,0.132171631
103.99,0.127990723
103.9933333,0.146697998
103.9966667,0.081802368
104,0.101852417
104.0033333,0.100199382
104.0066667,0.105916341
104.01,0.140625
104.0133333,0.108083089
104.0166667,0.100784302
104.02,0.107391357
104.0233333,0.131276449
104.0266667,0.119913737
104.03,0.152786255
104.0333333,0.131581624
104.0366667,0.216084798
104.04,0.197402954
104.0433333,0.217697144
104.0466667,0.17851766
104.05,0.164337158
104.0533333,0.158940633
104.0566667,0.169413249
104.06,0.121704102
104.0633333,0.147216797
104.0666667,0.12646993
104.07,0.118621826
104.0733333,0.127146403
104.0766667,0.128397624
104.08,0.186248779
104.0833333,0.167719523
104.0866667,0.148391724
104.09,0.142349243
104.0933333,0.117741903
104.0966667,0.172617594
104.1,0.124053955
104.1033333,0.186248779
104.1066667,0.118403117
104.11,0.140884399
104.1133333,0.147822062
104.1166667,0.159556071
104.12,0.172454834
104.1233333,0.136464437
104.1266667,0.186381022
104.13,0.155685425
104.1333333,0.188140869
104.1366667,0.23274231
104.14,0.257781982
104.1433333,0.35655721
104.1466667,0.346918742
104.15,0.427780151
104.1533333,0.480560303
104.1566667,0.412277222
104.16,0.310180664
104.1633333,0.273167928
104.1666667,0.231806437
104.17,0.172470093
104.1733333,0.041976929
104.1766667,-0.035547892
104.18,-0.0987854
104.1833333,-0.123163859
104.1866667,-0.155558268
104.19,-0.141021729
104.1933333,-0.125147502
104.1966667,0.02162679
104.2,0.019378662
104.2033333,0.070760091
104.2066667,0.095881144
104.21,0.180496216
104.2133333,0.182632446
104.2166667,0.138956706
104.22,0.165359497
104.2233333,0.146484375
104.2266667,0.15838623
104.23,0.209655762
104.2333333,0.2221934
104.2366667,0.172551473
104.24,0.198608398
104.2433333,0.212122599
104.2466667,0.163355509
104.25,0.228500366
104.2533333,0.225692749
104.2566667,0.227767944
104.26,0.215332031
104.2633333,0.189890544
104.2666667,0.166854858
104.27,0.208984375
104.2733333,0.236236572
104.2766667,0.199834188
104.28,0.221557617
104.2833333,0.265935262
104.2866667,0.271550496
104.29,0.223526001
104.2933333,0.213734945
104.2966667,0.213500977
104.3,0.233917236
104.3033333,0.219950358
104.3066667,0.202916463
104.31,0.225738525
104.3133333,0.192021688
104.3166667,0.227940877
104.32,0.227752686
104.3233333,0.22501119
104.3266667,0.242060343
104.33,0.257629395
104.3333333,0.220616659
104.3366667,0.23723348
104.34,0.231811523
104.3433333,0.308919271
104.3466667,0.294850667
104.35,0.269775391
104.3533333,0.292678833
104.3566667,0.281351725
104.36,0.323013306
104.3633333,0.360585531
104.3666667,0.357716878
104.37,0.301925659
104.3733333,0.365488688
104.3766667,0.398117065
104.38,0.358428955
104.3833333,0.386734009
104.3866667,0.375055949
104.39,0.366012573
104.3933333,0.416295369
104.3966667,0.411951701
104.4,0.46081543
104.4033333,0.397745768
104.4066667,0.388392131
104.41,0.371322632
104.4133333,0.428619385
104.4166667,0.423431396
104.42,0.455245972
104.4233333,0.37383016
104.4266667,0.423034668
104.43,0.380645752
104.4333333,0.402654012
104.4366667,0.393519084
104.44,0.419555664
104.4433333,0.406173706
104.4466667,0.349960327
104.45,0.339584351
104.4533333,0.33454895
104.4566667,0.308054606
104.46,0.340530396
104.4633333,0.250890096
104.4666667,0.284016927
104.47,0.289260864
104.4733333,0.250757853
104.4766667,0.269399007
104.48,0.210281372
104.4833333,0.184326172
104.4866667,0.192240397
104.49,0.168884277
104.4933333,0.196533203
104.4966667,0.170120239
104.5,0.180435181
104.5033333,0.182510376
104.5066667,0.186309814
104.51,0.151992798
104.5133333,0.197428385
104.5166667,0.137329102
104.52,0.171783447
104.5233333,0.176854451
104.5266667,0.199010213
104.53,0.206512451
104.5333333,0.19337972
104.5366667,0.179280599
104.54,0.156646729
104.5433333,0.230056763
104.5466667,0.18242391
104.55,0.150680542
104.5533333,0.152893066
104.5566667,0.143844604
104.56,0.184539795
104.5633333,0.229466756
104.5666667,0.199940999
104.57,0.192459106
104.5733333,0.204477946
104.5766667,0.189422607
104.58,0.182876587
104.5833333,0.193023682
104.5866667,0.154856364
104.59,0.168807983
104.5933333,0.186940511
104.5966667,0.134862264
104.6,0.201568604
104.6033333,0.207163493
104.6066667,0.232289632
104.61,0.183868408
104.6133333,0.125193278
104.6166667,0.217158
104.62,0.204071045
104.6233333,0.208124797
104.6266667,0.159744263
104.63,0.155227661
104.6333333,0.220311483
104.6366667,0.199890137
104.64,0.211837769
104.6433333,0.176915487
104.6466667,0.169102987
104.65,0.156021118
104.6533333,0.15343221
104.6566667,0.201237996
104.66,0.202255249
104.6633333,0.162261963
104.6666667,0.138727824
104.67,0.173614502
104.6733333,0.13822937
104.6766667,0.117904663
104.68,0.120986938
104.6833333,0.125350952
104.6866667,0.116775513
104.69,0.140991211
104.6933333,0.172688802
104.6966667,0.199900309
104.7,0.165023804
104.7033333,0.156656901
104.7066667,0.142674764
104.71,0.195037842
104.7133333,0.145187378
104.7166667,0.15103658
104.72,0.132141113
104.7233333,0.14944458
104.7266667,0.115982056
104.73,0.098922729
104.7333333,0.060551961
104.7366667,0.110132853
104.74,0.173721313
104.7433333,0.161193848
104.7466667,0.162150065
104.75,0.148773193
104.7533333,0.141016642
104.7566667,0.140670776
104.76,0.141387939
104.7633333,0.149759928
104.7666667,0.149408976
104.77,0.140991211
104.7733333,0.130986532
104.7766667,0.1181132
104.78,0.108306885
104.7833333,0.065104167
104.7866667,0.077992757
104.79,0.068893433
104.7933333,0.080037435
104.7966667,0.08597819
104.8,0.114440918
104.8033333,0.082122803
104.8066667,0.103764852
104.81,0.09815979
104.8133333,0.072128296
104.8166667,0.069503784
104.82,0.059112549
104.8233333,0.064163208
104.8266667,0.11579895
104.83,0.101715088
104.8333333,0.079854329
104.8366667,0.06535848
104.84,0.037078857
104.8433333,0.090713501
104.8466667,0.079030355
104.85,0.079574585
104.8533333,0.136922201
104.8566667,0.100819906
104.86,0.118637085
104.8633333,0.084187826
104.8666667,0.091578166
104.87,0.136627197
104.8733333,0.104436239
104.8766667,0.108347575
104.88,0.129089355
104.8833333,0.112380981
104.8866667,0.174153646
104.89,0.195220947
104.8933333,0.143473307
104.8966667,0.120356242
104.9,0.136032104
104.9033333,0.162439982
104.9066667,0.153630575
104.91,0.218597412
104.9133333,0.185139974
104.9166667,0.150553385
104.92,0.142623901
104.9233333,0.107833862
104.9266667,0.110819499
104.93,0.130630493
104.9333333,0.112304687
104.9366667,0.142812093
104.94,0.180786133
104.9433333,0.186793009
104.9466667,0.162490845
104.95,0.144348145
104.9533333,0.127410889
104.9566667,0.114425659
104.96,0.107330322
104.9633333,0.157211304
104.9666667,0.128224691
104.97,0.132522583
104.9733333,0.136734009
104.9766667,0.130981445
104.98,0.142181396
104.9833333,0.14734904
104.9866667,0.105595907
104.99,0.160552979
104.9933333,0.103408813
104.9966667,0.145100911
105,0.099945068
105.0033333,0.136098226
105.0066667,0.119359334
105.01,0.156738281
105.0133333,0.159083049
105.0166667,0.137608846
105.02,0.158920288
105.0233333,0.079493205
105.0266667,0.116170247
105.03,0.160720825
105.0333333,0.192820231
105.0366667,0.187164307
105.04,0.221008301
105.0433333,0.287841797
105.0466667,0.305872599
105.05,0.340118408
105.0533333,0.40415446
105.0566667,0.424687703
105.06,0.418563843
105.0633333,0.353556315
105.0666667,0.306472778
105.07,0.215759277
105.0733333,0.149953206
105.0766667,0.00986735
105.08,-0.063766479
105.0833333,-0.109990438
105.0866667,-0.088272095
105.09,-0.137680054
105.0933333,-0.10269165
105.0966667,-0.082005819
105.1,-0.023880005
105.1033333,0.037378947
105.1066667,0.042612712
105.11,0.128860474
105.1133333,0.093480428
105.1166667,0.128707886
105.12,0.109954834
105.1233333,0.114532471
105.1266667,0.139139811
105.13,0.153717041
105.1333333,0.202102661
105.1366667,0.188349406
105.14,0.184036255
105.1433333,0.195546468
105.1466667,0.207967122
105.15,0.199966431
105.1533333,0.181838989
105.1566667,0.18850708
105.16,0.216674805
105.1633333,0.22618103
105.1666667,0.200271606
105.17,0.208648682
105.1733333,0.143503825
105.1766667,0.211847941
105.18,0.156646729
105.1833333,0.200373332
105.1866667,0.194254557
105.19,0.2003479
105.1933333,0.201222738
105.1966667,0.207860311
105.2,0.226821899
105.2033333,0.199854533
105.2066667,0.168299357
105.21,0.183685303
105.2133333,0.171590169
105.2166667,0.219243368
105.22,0.192962646
105.2233333,0.235005697
105.2266667,0.229115804
105.23,0.213897705
105.2333333,0.227330526
105.2366667,0.191187541
105.24,0.203125
105.2433333,0.208597819
105.2466667,0.225031535
105.25,0.218582153
105.2533333,0.217854818
105.2566667,0.248057048
105.26,0.248031616
105.2633333,0.283411662
105.2666667,0.228322347
105.27,0.207305908
105.2733333,0.286875407
105.2766667,0.283259074
105.28,0.337234497
105.2833333,0.266647339
105.2866667,0.314239502
105.29,0.278259277
105.2933333,0.315343221
105.2966667,0.319697062
105.3,0.294494629
105.3033333,0.329457601
105.3066667,0.336186727
105.31,0.333587646
105.3133333,0.351104736
105.3166667,0.294545492
105.32,0.330764771
105.3233333,0.355957031
105.3266667,0.321329753
105.33,0.346496582
105.3333333,0.334294637
105.3366667,0.335077922
105.34,0.269287109
105.3433333,0.291987101
105.3466667,0.307266235
105.35,0.328369141
105.3533333,0.28994751
105.3566667,0.209106445
105.36,0.217132568
105.3633333,0.191426595
105.3666667,0.168482463
105.37,0.218811035
105.3733333,0.190592448
105.3766667,0.206512451
105.38,0.156097412
105.3833333,0.156021118
105.3866667,0.172876994
105.39,0.14642334
105.3933333,0.150268555
105.3966667,0.112279256
105.4,0.163116455
105.4033333,0.168945313
105.4066667,0.198557536
105.41,0.158096313
105.4133333,0.129704793
105.4166667,0.152079264
105.42,0.161346436
105.4233333,0.183380127
105.4266667,0.142567952
105.43,0.1146698
105.4333333,0.146942139
105.4366667,0.139373779
105.44,0.163101196
105.4433333,0.163335164
105.4466667,0.1321462
105.45,0.132598877
105.4533333,0.108098348
105.4566667,0.134012858
105.46,0.065322876
105.4633333,0.157740275
105.4666667,0.118687948
105.47,0.140487671
105.4733333,0.134852091
105.4766667,0.16734314
105.48,0.132278442
105.4833333,0.095342
105.4866667,0.084055583
105.49,0.126678467
105.4933333,0.188501994
105.4966667,0.167434692
105.5,0.155258179
105.5033333,0.148147583
105.5066667,0.114100138
105.51,0.085449219
105.5133333,0.098988851
105.5166667,0.130386353
105.52,0.130783081
105.5233333,0.148701986
105.5266667,0.170328776
105.53,0.129684448
105.5333333,0.121281942
105.5366667,0.097529093
105.54,0.046722412
105.5433333,0.096944173
105.5466667,0.113093058
105.55,0.100250244
105.5533333,0.097732544
105.5566667,0.128153483
105.56,0.106002808
105.5633333,0.115763346
105.5666667,0.153681437
105.57,0.140640259
105.5733333,0.099934896
105.5766667,0.104675293
105.58,0.136444092
105.5833333,0.076166789
105.5866667,0.079828898
105.59,0.107833862
105.5933333,0.067367554
105.5966667,0.077753703
105.6,0.116119385
105.6033333,0.100341797
105.6066667,0.108835856
105.61,0.055374146
105.6133333,0.070093791
105.6166667,0.126291911
105.62,0.058242798
105.6233333,0.097951253
105.6266667,0.175206502
105.63,0.103164673
105.6333333,0.138524373
105.6366667,0.142333984
105.64,0.102935791
105.6433333,0.141642253
105.6466667,0.165049235
105.65,0.182495117
105.6533333,0.153701782
105.6566667,0.162043254
105.66,0.150497437
105.6633333,0.085235596
105.6666667,0.126902262
105.67,0.132217407
105.6733333,0.133875529
105.6766667,0.147521973
105.68,0.120147705
105.6833333,0.143305461
105.6866667,0.09064738
105.69,0.154174805
105.6933333,0.139439901
105.6966667,0.12042745
105.7,0.141830444
105.7033333,0.14020284
105.7066667,0.12306722
105.71,0.088562012
105.7133333,0.095235189
105.7166667,0.047912598
105.72,0.144210815
105.7233333,0.108479818
105.7266667,0.08505249
105.73,0.087524414
105.7333333,0.09455363
105.7366667,0.04876709
105.74,0.11807251
105.7433333,0.133560181
105.7466667,0.144587199
105.75,0.123214722
105.7533333,0.114384969
105.7566667,0.135528564
105.76,0.091583252
105.7633333,0.076334635
105.7666667,0.126571655
105.77,0.106964111
105.7733333,0.075281779
105.7766667,0.085464478
105.78,0.125366211
105.7833333,0.119069417
105.7866667,0.105133057
105.79,0.130081177
105.7933333,0.118011475
105.7966667,0.108469645
105.8,0.092086792
105.8033333,0.060246785
105.8066667,0.064997355
105.81,0.122161865
105.8133333,0.096684774
105.8166667,0.096359253
105.82,0.066772461
105.8233333,0.122817993
105.8266667,0.098495483
105.83,0.077697754
105.8333333,0.084813436
105.8366667,0.068288167
105.84,0.12979126
105.8433333,0.129185994
105.8466667,0.150670369
105.85,0.123291016
105.8533333,0.089085897
105.8566667,0.072738647
105.86,0.081573486
105.8633333,0.17523702
105.8666667,0.150909424
105.87,0.183914185
105.8733333,0.147516886
105.8766667,0.193689982
105.88,0.187179565
105.8833333,0.169677734
105.8866667,0.149780273
105.89,0.113250732
105.8933333,0.134892782
105.8966667,0.129018148
105.9,0.120697021
105.9033333,0.098627726
105.9066667,0.080123901
105.91,0.134429932
105.9133333,0.109654744
105.9166667,0.1121521
105.92,0.116424561
105.9233333,0.108947754
105.9266667,0.104070028
105.93,0.130355835
105.9333333,0.086110433
105.9366667,0.087900798
105.94,0.109359741
105.9433333,0.11177063
105.9466667,0.09777832
105.95,0.086135864
105.9533333,0.111445109
105.9566667,0.094731649
105.96,0.107955933
105.9633333,0.118108114
105.9666667,0.096410116
105.97,0.095947266
105.9733333,0.146458944
105.9766667,0.168940226
105.98,0.198410034
105.9833333,0.252202352
105.9866667,0.310424805
105.99,0.381576538
105.9933333,0.368850708
105.9966667,0.324101766
106,0.289154053
106.0033333,0.236460368
106.0066667,0.175867716
106.01,0.139907837
106.0133333,-0.009699504
106.0166667,-0.061060588
106.02,-0.119277954
106.0233333,-0.198450724
106.0266667,-0.18027242
106.03,-0.188781738
106.0333333,-0.092213949
106.0366667,-0.066233317
106.04,0.011871338
106.0433333,0.034886678
106.0466667,0.103500366
106.05,0.079879761
106.0533333,0.115534465
106.0566667,0.114430745
106.06,0.138137817
106.0633333,0.159403483
106.0666667,0.129852295
106.07,0.133728027
106.0733333,0.151056925
106.0766667,0.155853271
106.08,0.160461426
106.0833333,0.151952108
106.0866667,0.137791951
106.09,0.172912598
106.0933333,0.158325195
106.0966667,0.199427287
106.1,0.149612427
106.1033333,0.147343953
106.1066667,0.113749186
106.11,0.121459961
106.1133333,0.122421265
106.1166667,0.176976522
106.12,0.190170288
106.1233333,0.158137004
106.1266667,0.184799194
106.13,0.139770508
106.1333333,0.134607951
106.1366667,0.179005941
106.14,0.164627075
106.1433333,0.129501343
106.1466667,0.203618368
106.15,0.162734985
106.1533333,0.147496541
106.1566667,0.174153646
106.16,0.197052002
106.1633333,0.159739176
106.1666667,0.191370646
106.17,0.191696167
106.1733333,0.19913737
106.1766667,0.180348714
106.18,0.201553345
106.1833333,0.174051921
106.1866667,0.180287679
106.19,0.171478271
106.1933333,0.232391357
106.1966667,0.202575684
106.2,0.235900879
106.2033333,0.21758016
106.2066667,0.212234497
106.21,0.245391846
106.2133333,0.266179403
106.2166667,0.253957113
106.22,0.252044678
106.2233333,0.302327474
106.2266667,0.261494954
106.23,0.290176392
106.2333333,0.291163127
106.2366667,0.29997762
106.24,0.370895386
106.2433333,0.343617757
106.2466667,0.333531698
106.25,0.349807739
106.2533333,0.366968791
106.2566667,0.374145508
106.26,0.332199097
106.2633333,0.327102661
106.2666667,0.337880452
106.27,0.295928955
106.2733333,0.325164795
106.2766667,0.300430298
106.28,0.289108276
106.2833333,0.264358521
106.2866667,0.250762939
106.29,0.246429443
106.2933333,0.192164103
106.2966667,0.230829875
106.3,0.196304321
106.3033333,0.184087118
106.3066667,0.181152344
106.31,0.132553101
106.3133333,0.152445475
106.3166667,0.112635295
106.32,0.130249023
106.3233333,0.098576864
106.3266667,0.07677714
106.33,0.077865601
106.3333333,0.072606405
106.3366667,0.044499715
106.34,0.094558716
106.3433333,0.038462321
106.3466667,0.045430501
106.35,0.048065186
106.3533333,0.082148234
106.3566667,0.036448161
106.36,0.098358154
106.3633333,0.064092
106.3666667,0.059458415
106.37,0.091522217
106.3733333,0.062901815
106.3766667,0.046122233
106.38,0.027679443
106.3833333,0.084584554
106.3866667,0.029541016
106.39,0.034362793
106.3933333,0.121414185
106.3966667,0.128117879
106.4,0.097961426
106.4033333,0.071075439
106.4066667,0.081705729
106.41,0.024780273
106.4133333,0.041910807
106.4166667,0.059890747
106.42,0.070724487
106.4233333,0.015609741
106.4266667,0.039433797
106.43,0.041488647
106.4333333,0.045954386
106.4366667,0.050542196
106.44,0.067993164
106.4433333,0.06477356
106.4466667,0.042394002
106.45,0.091400146
106.4533333,0.074015299
106.4566667,0.066584269
106.46,0.047271729
106.4633333,0.071375529
106.4666667,0.054194132
106.47,0.076873779
106.4733333,0.071416219
106.4766667,0.051417033
106.48,0.050872803
106.4833333,0.046437581
106.4866667,0.016204834
106.49,0.066513062
106.4933333,0.050938924
106.4966667,0.05372111
106.5,0.059127808
106.5033333,0.037236532
106.5066667,0.055124919
106.51,0.022079468
106.5133333,-0.034362793
106.5166667,0.044123332
106.52,0.053695679
106.5233333,0.044413249
106.5266667,0.022460937
106.53,0.016387939
106.5333333,0.03036499
106.5366667,0.010025024
106.54,0.03678894
106.5433333,0.091929118
106.5466667,0.126759847
106.55,0.053939819
106.5533333,0.064865112
106.5566667,0.046351115
106.56,0.039779663
106.5633333,0.077026367
106.5666667,0.059102376
106.57,0.019699097
106.5733333,0.032602946
106.5766667,0.046666463
106.58,0.069519043
106.5833333,0.067520142
106.5866667,0.049886068
106.59,0.009902954
106.5933333,0.060002645
106.5966667,0.058990479
106.6,0.058288574
106.6033333,0.043233236
106.6066667,0.046966553
106.61,0.064178467
106.6133333,0.067362467
106.6166667,0.029042562
106.62,0.047012329
106.6233333,0.111633301
106.6266667,0.104085286
106.63,0.089630127
106.6333333,0.029805501
106.6366667,0.047429403
106.64,0.009857178
106.6433333,0.035680135
106.6466667,0.022033691
106.65,0.044326782
106.6533333,0.009694417
106.6566667,0.048451742
106.66,0.038970947
106.6633333,0.054651896
106.6666667,0.045140584
106.67,0.037338257
106.6733333,0.034698486
106.6766667,0.01944987
106.68,0.011627197
106.6833333,0.034942627
106.6866667,0.063100179
106.69,0.100860596
106.6933333,0.062967936
106.6966667,0.050298055
106.7,0.06652832
106.7033333,0.035954793
106.7066667,0.065811157
106.71,0.018417358
106.7133333,0.067016602
106.7166667,0.066426595
106.72,0.090789795
106.7233333,0.036265055
106.7266667,0.082336426
106.73,0.026580811
106.7333333,0.066426595
106.7366667,0.097300212
106.74,0.068344116
106.7433333,0.129496257
106.7466667,0.115158081
106.75,0.071716309
106.7533333,0.072937012
106.7566667,0.090723674
106.76,0.134033203
106.7633333,0.110290527
106.7666667,0.079371134
106.77,0.09552002
106.7733333,0.091217041
106.7766667,0.111165365
106.78,0.083084106
106.7833333,0.062942505
106.7866667,0.070404053
106.79,0.04460144
106.7933333,0.06056722
106.7966667,0.105209351
106.8,0.042877197
106.8033333,0.056254069
106.8066667,0.116251628
106.81,0.07081604
106.8133333,0.032190959
106.8166667,0.060882568
106.82,0.041748047
106.8233333,0.106994629
106.8266667,0.052663167
106.83,0.050354004
106.8333333,0.053405762
106.8366667,0.081171672
106.84,0.13444519
106.8433333,0.109237671
106.8466667,0.106567383
106.85,0.12336731
106.8533333,0.126342773
106.8566667,0.110081991
106.86,0.090942383
106.8633333,0.053395589
106.8666667,0.037790934
106.87,0.051940918
106.8733333,0.072235107
106.8766667,0.079106649
106.88,0.050598145
106.8833333,-0.035832723
106.8866667,0.010645549
106.89,-0.001541138
106.8933333,0.01991272
106.8966667,0.012954712
106.9,0.047988892
106.9033333,-0.000935872
106.9066667,0.046320597
106.91,0.048980713
106.9133333,0.065368652
106.9166667,0.012842814
106.92,0.024230957
106.9233333,0.043385824
106.9266667,0.007766724
106.93,0.017211914
106.9333333,0.007222493
106.9366667,0.034525553
106.94,-0.00177002
106.9433333,0.046788534
106.9466667,0.01230367
106.95,0.030670166
106.9533333,0.072357178
106.9566667,0.164037069
106.96,0.20111084
106.9633333,0.229970296
106.9666667,0.302581787
106.97,0.288009644
106.9733333,0.280248006
106.9766667,0.182947795
106.98,0.164108276
106.9833333,0.124638875
106.9866667,0.034194946
106.99,-0.10395813
106.9933333,-0.130467733
106.9966667,-0.256586711
107,-0.164031982
107.0033333,-0.23131307
107.0066667,-0.249811808
107.01,-0.12828064
107.0133333,-0.040089925
107.0166667,0.006408691
107.02,0.032089233
107.0233333,0.090413411
107.0266667,0.072189331
107.03,0.083755493
107.0333333,0.082168579
107.0366667,0.043024699
107.04,0.056488037
107.0433333,0.089528402
107.0466667,0.09181722
107.05,0.100326538
107.0533333,0.10840861
107.0566667,0.115661621
107.06,0.11920166
107.0633333,0.093439738
107.0666667,0.12163798
107.07,0.117095947
107.0733333,0.11164856
107.0766667,0.068018595
107.08,0.070892334
107.0833333,0.066630046
107.0866667,0.11684672
107.09,0.089752197
107.0933333,0.111597697
107.0966667,0.114395142
107.1,0.125579834
107.1033333,0.134307861
107.1066667,0.105417887
107.11,0.13092041
107.1133333,0.056564331
107.1166667,0.114466349
107.12,0.113739014
107.1233333,0.14604187
107.1266667,0.140741984
107.13,0.114227295
107.1333333,0.144602458
107.1366667,0.180628459
107.14,0.158370972
107.1433333,0.151087443
107.1466667,0.120824178
107.15,0.135421753
107.1533333,0.131072998
107.1566667,0.135787964
107.16,0.14414978
107.1633333,0.129007975
107.1666667,0.167338053
107.17,0.175674438
107.1733333,0.191925049
107.1766667,0.19090271
107.18,0.199295044
107.1833333,0.154724121
107.1866667,0.210550944
107.19,0.210922241
107.1933333,0.243413289
107.1966667,0.255650838
107.2,0.348815918
107.2033333,0.275812785
107.2066667,0.281107585
107.21,0.299743652
107.2133333,0.301045736
107.2166667,0.298258464
107.22,0.296127319
107.2233333,0.307271322
107.2266667,0.310450236
107.23,0.310577393
107.2333333,0.323282878
107.2366667,0.334686279
107.24,0.342712402
107.2433333,0.32274882
107.2466667,0.310119629
107.25,0.312805176
107.2533333,0.299372355
107.2566667,0.329040527
107.26,0.2787323
107.2633333,0.240509033
107.2666667,0.233764648
107.27,0.232849121
107.2733333,0.223821004
107.2766667,0.225723267
107.28,0.168579102
107.2833333,0.203069051
107.2866667,0.191319784
107.29,0.140716553
107.2933333,0.142578125
107.2966667,0.122665405
107.3,0.111465454
107.3033333,0.070683797
107.3066667,0.120920817
107.31,0.110397339
107.3133333,0.079711914
107.3166667,0.059814453
107.32,0.049362183
107.3233333,0.099324544
107.3266667,0.063456217
107.33,0.108108521
107.3333333,0.084686279
107.3366667,0.066579183
107.34,0.111938477
107.3433333,0.092529297
107.3466667,0.088648478
107.35,0.076217651
107.3533333,0.061482747
107.3566667,0.124994914
107.36,0.084960937
107.3633333,0.077428182
107.3666667,0.081278483
107.37,0.106567383
107.3733333,0.021092733
107.3766667,0.059712728
107.38,0.097488403
107.3833333,0.082728068
107.3866667,0.078994751
107.39,0.017150879
107.3933333,0.093612671
107.3966667,0.109949748
107.4,0.065765381
107.4033333,0.047205607
107.4066667,0.067326864
107.41,0.104782104
107.4133333,0.086766561
107.4166667,0.101598104
107.42,0.045288086
107.4233333,0.091003418
107.4266667,0.097381592
107.43,0.115280151
107.4333333,0.132802327
107.4366667,0.119455973
107.44,0.120117187
107.4433333,0.109527588
107.4466667,0.105941772
107.45,0.136413574
107.4533333,0.120478312
107.4566667,0.146657308
107.46,0.130432129
107.4633333,0.105545044
107.4666667,0.111745199
107.47,0.084320068
107.4733333,0.090204875
107.4766667,0.090520223
107.48,0.127212524
107.4833333,0.108210246
107.4866667,0.101013184
107.49,0.084945679
107.4933333,0.086837769
107.4966667,0.121129354
107.5,0.121688843
107.5033333,0.12979126
107.5066667,0.094746908
107.51,0.126968384
107.5133333,0.087148031
107.5166667,0.061645508
107.52,0.065917969
107.5233333,0.061264038
107.5266667,0.119033813
107.53,0.113494873
107.5333333,0.126241048
107.5366667,0.08307902
107.54,0.101043701
107.5433333,0.100489299
107.5466667,0.062973022
107.55,0.062789917
107.5533333,0.047449748
107.5566667,0.062113444
107.56,0.117004395
107.5633333,0.050613403
107.5666667,0.063934326
107.57,0.097595215
107.5733333,0.096074422
107.5766667,0.090362549
107.58,0.115600586
107.5833333,0.093714396
107.5866667,0.097981771
107.59,0.125762939
107.5933333,0.09576416
107.5966667,0.106267293
107.6,0.109329224
107.6033333,0.102579753
107.6066667,0.108128866
107.61,0.123657227
107.6133333,0.107625326
107.6166667,0.105616252
107.62,0.118789673
107.6233333,0.145390828
107.6266667,0.130884806
107.63,0.128417969
107.6333333,0.119832357
107.6366667,0.120697021
107.64,0.087814331
107.6433333,0.116109212
107.6466667,0.100601196
107.65,0.05821228
107.6533333,0.030893962
107.6566667,0.085464478
107.66,0.097488403
107.6633333,0.084981283
107.6666667,0.067647298
107.67,0.042938232
107.6733333,0.074879964
107.6766667,0.080429077
107.68,0.10949707
107.6833333,0.110066732
107.6866667,0.124674479
107.69,0.084854126
107.6933333,0.134526571
107.6966667,0.115722656
107.7,0.057144165
107.7033333,0.014307658
107.7066667,0.08493042
107.71,0.060180664
107.7133333,0.147527059
107.7166667,0.091807048
107.72,0.084640503
107.7233333,0.0997111
107.7266667,0.12252299
107.73,0.134475708
107.7333333,0.100046794
107.7366667,0.097976685
107.74,0.08190918
107.7433333,0.050257365
107.7466667,0.048212687
107.75,0.062942505
107.7533333,0.085795085
107.7566667,0.053960164
107.76,0.052505493
107.7633333,0.060745239
107.7666667,0.085016886
107.77,0.103744507
107.7733333,0.101465861
107.7766667,0.108347575
107.78,0.10118103
107.7833333,0.091756185
107.7866667,0.077906291
107.79,0.068634033
107.7933333,0.096755981
107.7966667,0.105824788
107.8,0.089035034
107.8033333,0.072321574
107.8066667,0.027587891
107.81,0.059051514
107.8133333,0.093536377
107.8166667,0.086695353
107.82,0.059997559
107.8233333,0.097935994
107.8266667,0.111251831
107.83,0.102905273
107.8333333,0.083033244
107.8366667,0.115559896
107.84,0.108383179
107.8433333,0.138590495
107.8466667,0.143834432
107.85,0.118789673
107.8533333,0.106414795
107.8566667,0.080245972
107.86,0.094512939
107.8633333,0.063323975
107.8666667,0.047124227
107.87,0.039276123
107.8733333,0.051813761
107.8766667,0.024286906
107.88,-0.011474609
107.8833333,0.028711955
107.8866667,0.006240845
107.89,0.014877319
107.8933333,-0.003962199
107.8966667,-0.013203939
107.9,-0.009231567
107.9033333,-0.0025177
107.9066667,0.009318034
107.91,0.05859375
107.9133333,0.016464233
107.9166667,0.012969971
107.92,-0.029129028
107.9233333,-0.003977458
107.9266667,-0.061670939
107.93,-0.03868103
107.9333333,-0.028203328
107.9366667,-0.015574137
107.94,0.003433228
107.9433333,0.006958008
107.9466667,0.001286825
107.95,0.043334961
107.9533333,0.047185262
107.9566667,0.115870158
107.96,0.190002441
107.9633333,0.226135254
107.9666667,0.227966309
107.97,0.263320923
107.9733333,0.183197021
107.9766667,0.113103231
107.98,0.025177002
107.9833333,-0.000203451
107.9866667,-0.130269368
107.99,-0.184417725
107.9933333,-0.287287394
107.9966667,-0.338821411
108,-0.300598145
108.0033333,-0.319636027
108.0066667,-0.241928101
108.01,-0.247253418
108.0133333,-0.147120158
108.0166667,-0.111440023
108.02,-0.038208008
108.0233333,-0.062454224
108.0266667,-0.103790283
108.03,-0.073272705
108.0333333,-0.096130371
108.0366667,-0.083399455
108.04,-0.054748535
108.0433333,-0.010162354
108.0466667,-0.012369792
108.05,-0.01121521
108.0533333,-0.006810506
108.0566667,-0.024414063
108.06,-0.027404785
108.0633333,-0.050470988
108.0666667,-0.020624797
108.07,-0.019821167
108.0733333,-0.042434692
108.0766667,-0.072616577
108.08,-0.058929443
108.0833333,-0.025558472
108.0866667,-0.051045736
108.09,-0.032470703
108.0933333,-0.007919312
108.0966667,0.015981038
108.1,0.007476807
108.1033333,0.020273844
108.1066667,0.022842407
108.11,0.02557373
108.1133333,-0.005432129
108.1166667,0.003738403
108.12,0.028717041
108.1233333,0.016143799
108.1266667,0.006952922
108.13,0.019577026
108.1333333,0.032857259
108.1366667,-0.011850993
108.14,0.024337769
108.1433333,0.017512004
108.1466667,0.018025716
108.15,0.015487671
108.1533333,0.02649943
108.1566667,0.016677856
108.16,0.029556274
108.1633333,0.004796346
108.1666667,0.062052409
108.17,0.067138672
108.1733333,0.103708903
108.1766667,0.090799967
108.18,0.084030151
108.1833333,0.06052653
108.1866667,0.088099162
108.19,0.117156982
108.1933333,0.204498291
108.1966667,0.114176432
108.2,0.152664185
108.2033333,0.167780558
108.2066667,0.180506388
108.21,0.14024353
108.2133333,0.17107137
108.2166667,0.150960286
108.22,0.168243408
108.2233333,0.21329244
108.2266667,0.199768066
108.23,0.209686279
108.2333333,0.161641439
108.2366667,0.197977702
108.24,0.119262695
108.2433333,0.237335205
108.2466667,0.172785441
108.25,0.18081665
108.2533333,0.172602336
108.2566667,0.113489787
108.26,0.088348389
108.2633333,0.070556641
108.2666667,0.047938029
108.27,0.034515381
108.2733333,0.052429199
108.2766667,0.055399577
108.28,0.012466431
108.2833333,0.044555664
108.2866667,0.010848999
108.29,-0.006469727
108.2933333,-0.025685628
108.2966667,-0.058242798
108.3,-0.031661987
108.3033333,-0.044296265
108.3066667,-0.009780884
108.31,0.008880615
108.3133333,-0.025100708
108.3166667,-0.004730225
108.32,-0.059448242
108.3233333,-0.082839966
108.3266667,-0.032913208
108.33,-0.006256104
108.3333333,-0.003178914
108.3366667,-0.034184774
108.34,-0.068496704
108.3433333,-0.032674154
108.3466667,-0.012369792
108.35,-0.012664795
108.3533333,-0.004653931
108.3566667,0.025268555
108.36,0.009368896
108.3633333,-0.008865356
108.3666667,-0.012537638
108.37,-0.008682251
108.3733333,-0.011540731
108.3766667,-0.0434316
108.38,0.00730896
108.3833333,-0.017191569
108.3866667,-0.008733114
108.39,-0.037597656
108.3933333,-0.033259074
108.3966667,-0.023991903
108.4,-0.015792847
108.4033333,-0.04309082
108.4066667,-0.024978638
108.41,-0.0128479
108.4133333,-0.021794637
108.4166667,-0.013987223
108.42,-0.0493927
108.4233333,-0.014282227
108.4266667,-0.001536051
108.43,-0.033203125
108.4333333,-0.007222493
108.4366667,-0.043136597
108.44,0.007919312
108.4433333,0.014567057
108.4466667,-0.009099325
108.45,-0.009460449
108.4533333,-0.035873413
108.4566667,-0.027745565
108.46,0.001922607
108.4633333,0.047383626
108.4666667,0.001958211
108.47,-0.016952515
108.4733333,-0.031478882
108.4766667,0.017852783
108.48,0.029541016
108.4833333,-0.012079875
108.4866667,0.009343465
108.49,0.004852295
108.4933333,0.005894979
108.4966667,-0.02742513
108.5,0.006484985
108.5033333,0.030339559
108.5066667,0.030232747
108.51,0.037307739
108.5133333,0.014750163
108.5166667,-0.013682048
108.52,-0.063751221
108.5233333,-0.037968953
108.5266667,-0.033833822
108.53,-0.027862549
108.5333333,-0.057652791
108.5366667,-0.016565959
108.54,-0.001983643
108.5433333,0.006037394
108.5466667,0.008148193
108.55,0.020980835
108.5533333,0.036946615
108.5566667,0.004740397
108.56,0.019989014
108.5633333,-0.003901164
108.5666667,-0.014851888
108.57,-0.021728516
108.5733333,0.042129517
108.5766667,0.029525757
108.58,-0.00668335
108.5833333,0.043106079
108.5866667,0.013173421
108.59,0.047470093
108.5933333,0.053237915
108.5966667,0.035868327
108.6,-0.004882813
108.6033333,0.029642741
108.6066667,0.028884888
108.61,0.043823242
108.6133333,0.046646118
108.6166667,-0.006052653
108.62,-0.009048462
108.6233333,0.042638143
108.6266667,0.05770874
108.63,0.044326782
108.6333333,0.021286011
108.6366667,0.074534098
108.64,0.048019409
108.6433333,0.046269735
108.6466667,0.024617513
108.65,0.062942505
108.6533333,0.06896464
108.6566667,0.028045654
108.66,0.085266113
108.6633333,0.04296875
108.6666667,0.053024292
108.67,0.05291748
108.6733333,0.050760905
108.6766667,0.037623088
108.68,0.057266235
108.6833333,0.007324219
108.6866667,0.039138794
108.69,0.018508911
108.6933333,-0.001012166
108.6966667,0.011042277
108.7,0.029907227
108.7033333,0.019816081
108.7066667,0.012542725
108.71,0.067749023
108.7133333,0.057723999
108.7166667,0.122782389
108.72,0.088043213
108.7233333,0.07421875
108.7266667,0.037267049
108.73,0.052017212
108.7333333,0.066274007
108.7366667,0.062703451
108.74,0.06803894
108.7433333,0.021291097
108.7466667,0.090937297
108.75,0.130081177
108.7533333,0.111338298
108.7566667,0.097900391
108.76,0.0809021
108.7633333,0.071304321
108.7666667,0.036951701
108.77,0.137359619
108.7733333,0.07488505
108.7766667,0.113210042
108.78,0.104736328
108.7833333,0.093968709
108.7866667,0.100006104
108.79,0.055358887
108.7933333,0.055725098
108.7966667,0.047749837
108.8,0.057220459
108.8033333,0.045206706
108.8066667,0.07657369
108.81,0.061599731
108.8133333,0.089319865
108.8166667,0.116322835
108.82,0.101913452
108.8233333,0.110666911
108.8266667,0.117401123
108.83,0.105911255
108.8333333,0.119018555
108.8366667,0.085042318
108.84,0.080490112
108.8433333,0.120976766
108.8466667,0.066390991
108.85,0.081558228
108.8533333,0.066070557
108.8566667,0.042724609
108.86,0.033279419
108.8633333,0.060577393
108.8666667,0.067036947
108.87,0.089492798
108.8733333,0.107971191
108.8766667,0.117050171
108.88,0.056030273
108.8833333,0.082117716
108.8866667,0.051193237
108.89,0.093276978
108.8933333,0.12411499
108.8966667,0.103403727
108.9,0.105895996
108.9033333,0.066182454
108.9066667,0.081476847
108.91,0.101409912
108.9133333,0.062062581
108.9166667,0.063069661
108.92,0.07774353
108.9233333,0.178049723
108.9266667,0.211232503
108.93,0.282913208
108.9333333,0.327504476
108.9366667,0.346216838
108.94,0.402587891
108.9433333,0.353291829
108.9466667,0.285135905
108.95,0.177078247
108.9533333,0.129679362
108.9566667,0.104756673
108.96,-0.002166748
108.9633333,-0.103383382
108.9666667,-0.154927572
108.97,-0.209259033
108.9733333,-0.226710002
108.9766667,-0.231740316
108.98,-0.195770264
108.9833333,-0.202026367
108.9866667,-0.131067912
108.99,-0.029418945
108.9933333,-0.027023315
108.9966667,0.06896464
109,0.092697144
109.0033333,0.086293538
109.0066667,0.1355896
109.01,0.110565186
109.0133333,0.088821411
109.0166667,0.069707235
109.02,0.115356445
109.0233333,0.160558065
109.0266667,0.111704508
109.03,0.139297485
109.0333333,0.121358236
109.0366667,0.157018026
109.04,0.181289673
109.0433333,0.193684896
109.0466667,0.181696574
109.05,0.149078369
109.0533333,0.159464518
109.0566667,0.186396281
109.06,0.151763916
109.0633333,0.175649007
109.0666667,0.159454346
109.07,0.186935425
109.0733333,0.171783447
109.0766667,0.163965861
109.08,0.164581299
109.0833333,0.196965535
109.0866667,0.191680908
109.09,0.216537476
109.0933333,0.17741394
109.0966667,0.150166829
109.1,0.134048462
109.1033333,0.147796631
109.1066667,0.134338379
109.11,0.172195435
109.1133333,0.163645426
109.1166667,0.140380859
109.12,0.146331787
109.1233333,0.188695272
109.1266667,0.149098714
109.13,0.132476807
109.1333333,0.186742147
109.1366667,0.163747152
109.14,0.184036255
109.1433333,0.204742432
109.1466667,0.200302124
109.15,0.196075439
109.1533333,0.176106771
109.1566667,0.236902873
109.16,0.230957031
109.1633333,0.181849162
109.1666667,0.25138855
109.17,0.27684021
109.1733333,0.226048787
109.1766667,0.264083862
109.18,0.31640625
109.1833333,0.226847331
109.1866667,0.27134196
109.19,0.283187866
109.1933333,0.301564535
109.1966667,0.281646729
109.2,0.274505615
109.2033333,0.319051107
109.2066667,0.252904256
109.21,0.271453857
109.2133333,0.250717163
109.2166667,0.289789836
109.22,0.305435181
109.2233333,0.269861857
109.2266667,0.23932902
109.23,0.259002686
109.2333333,0.224939982
109.2366667,0.20556132
109.24,0.194625854
109.2433333,0.156275431
109.2466667,0.145258586
109.25,0.135803223
109.2533333,0.101033529
109.2566667,0.065119425
109.26,0.10848999
109.2633333,0.062510173
109.2666667,0.015691121
109.27,0.070419312
109.2733333,0.02831014
109.2766667,0.049535116
109.28,0.049072266
109.2833333,0.046437581
109.2866667,0.033869425
109.29,0.013473511
109.2933333,0.024129232
109.2966667,0.027242025
109.3,0.006332397
109.3033333,0.033640544
109.3066667,0.041524251
109.31,-0.011978149
109.3133333,-0.051086426
109.3166667,-0.044809977
109.32,-0.063919067
109.3233333,-0.024841309
109.3266667,-0.005315145
109.33,-0.063659668
109.3333333,-0.027720133
109.3366667,-0.059865316
109.34,0.000564575
109.3433333,0.001012166
109.3466667,-0.013132731
109.35,-0.010223389
109.3533333,-0.012669881
109.3566667,-0.013539632
109.36,0.003051758
109.3633333,0.009211222
109.3666667,0.00869751
109.37,-0.023696899
109.3733333,0.010457357
109.3766667,0.039438883
109.38,0.019119263
109.3833333,0.020472209
109.3866667,0.044011434
109.39,0.014389038
109.3933333,0.022755941
109.3966667,0.032470703
109.4,0.028610229
109.4033333,0.041325887
109.4066667,0.047892253
109.41,0.056030273
109.4133333,0.061355591
109.4166667,0.02339681
109.42,0.011856079
109.4233333,0.066665649
109.4266667,0.027318319
109.43,0.025924683
109.4333333,0.061416626
109.4366667,0.091105143
109.44,0.08744812
109.4433333,0.044001261
109.4466667,0.043558757
109.45,0.023727417
109.4533333,0.089197795
109.4566667,0.070602417
109.46,0.055450439
109.4633333,0.047653198
109.4666667,0.090204875
109.47,0.03137207
109.4733333,0.100245158
109.4766667,0.086425781
109.48,0.081192017
109.4833333,0.06535848
109.4866667,0.07379659
109.49,0.067733765
109.4933333,0.085810343
109.4966667,0.112609863
109.5,0.05531311
109.5033333,0.115875244
109.5066667,0.08597819
109.51,0.093200684
109.5133333,0.051116943
109.5166667,0.043640137
109.52,0.026687622
109.5233333,0.077936808
109.5266667,0.094451904
109.53,0.122299194
109.5333333,0.077718099
109.5366667,0.074824015
109.54,0.046524048
109.5433333,0.052241007
109.5466667,0.021026611
109.55,0.138397217
109.5533333,0.102274577
109.5566667,0.088734945
109.56,0.10836792
109.5633333,0.075973511
109.5666667,0.104141235
109.57,0.081619263
109.5733333,0.089085897
109.5766667,0.078760783
109.58,0.058425903
109.5833333,0.05976359
109.5866667,0.126719157
109.59,0.132522583
109.5933333,0.107620239
109.5966667,0.06842041
109.6,0.111083984
109.6033333,0.033991496
109.6066667,0.096059163
109.61,0.106719971
109.6133333,0.071212769
109.6166667,0.105336507
109.62,0.079833984
109.6233333,0.076878866
109.6266667,0.073516846
109.63,0.069030762
109.6333333,0.053787231
109.6366667,0.074213664
109.64,0.107009888
109.6433333,0.113093058
109.6466667,0.123774211
109.65,0.123519897
109.6533333,0.116348267
109.6566667,0.082926432
109.66,0.122314453
109.6633333,0.122034709
109.6666667,0.118509928
109.67,0.125579834
109.6733333,0.085037231
109.6766667,0.055786133
109.68,0.059402466
109.6833333,0.123825073
109.6866667,0.126078288
109.69,0.091918945
109.6933333,0.126266479
109.6966667,0.113794963
109.7,0.080413818
109.7033333,0.055287679
109.7066667,0.062403361
109.71,0.081069946
109.7133333,0.084406535
109.7166667,0.049845378
109.72,0.03453064
109.7233333,0.114608765
109.7266667,0.106282552
109.73,0.143890381
109.7333333,0.057169596
109.7366667,0.07661438
109.74,0.146133423
109.7433333,0.111460368
109.7466667,0.078074137
109.75,0.109100342
109.7533333,0.150939941
109.7566667,0.148564657
109.76,0.160903931
109.7633333,0.152730306
109.7666667,0.149765015
109.77,0.124740601
109.7733333,0.125269572
109.7766667,0.123311361
109.78,0.130828857
109.7833333,0.048624674
109.7866667,0.071675618
109.79,0.040802002
109.7933333,0.044418335
109.7966667,0.036468506
109.8,0.087203979
109.8033333,0.062718709
109.8066667,0.080485026
109.81,0.047668457
109.8133333,0.025187174
109.8166667,0.061798096
109.82,0.011444092
109.8233333,0.103591919
109.8266667,0.057434082
109.83,0.108474731
109.8333333,0.081761678
109.8366667,0.071253459
109.84,0.068939209
109.8433333,0.037384033
109.8466667,0.032933553
109.85,0.094451904
109.8533333,0.057998657
109.8566667,0.15566508
109.86,0.194442749
109.8633333,0.274765015
109.8666667,0.314941406
109.87,0.340606689
109.8733333,0.387440999
109.8766667,0.338236491
109.88,0.257415771
109.8833333,0.190684001
109.8866667,0.156997681
109.89,0.095794678
109.8933333,-0.010564168
109.8966667,-0.043543498
109.9,-0.085144043
109.9033333,-0.157903035
109.9066667,-0.174423218
109.91,-0.169952393
109.9133333,-0.173227946
109.9166667,-0.142542521
109.92,-0.10723877
109.9233333,-0.030232747
109.9266667,-0.014912923
109.93,0.032287598
109.9333333,0.028457642
109.9366667,0.099416097
109.94,0.118179321
109.9433333,0.121164958
109.9466667,0.096903483
109.95,0.096511841
109.9533333,0.108576457
109.9566667,0.11613973
109.96,0.110183716
109.9633333,0.049708049
109.9666667,0.149765015
109.97,0.135391235
109.9733333,0.171401978
109.9766667,0.13273112
109.98,0.185562134
109.9833333,0.151646932
109.9866667,0.134933472
109.99,0.187484741
109.9933333,0.184458415
109.9966667,0.13411967
110,0.144958496
110.0033333,0.137791951
110.0066667,0.180130005
110.01,0.199569702
110.0133333,0.164520264
110.0166667,0.1709493
110.02,0.141387939
110.0233333,0.192276001
110.0266667,0.140218099
110.03,0.124694824
110.0333333,0.160624186
110.0366667,0.172144572
110.04,0.148803711
110.0433333,0.156066895
110.0466667,0.187383016
110.05,0.215148926
110.0533333,0.187444051
110.0566667,0.19396464
110.06,0.194671631
110.0633333,0.194030762
110.0666667,0.177688599
110.07,0.195068359
110.0733333,0.236806234
110.0766667,0.169377645
110.08,0.242904663
110.0833333,0.24248759
110.0866667,0.256362915
110.09,0.282974243
110.0933333,0.253168742
110.0966667,0.233022054
110.1,0.246276855
110.1033333,0.265691121
110.1066667,0.271026611
110.11,0.311233521
110.1133333,0.2934316
110.1166667,0.292104085
110.12,0.268341064
110.1233333,0.281433105
110.1266667,0.373519897
110.13,0.384307861
110.1333333,0.355326335
110.1366667,0.312769572
110.14,0.331695557
110.1433333,0.330780029
110.1466667,0.305246989
110.15,0.306015015
110.1533333,0.308059692
110.1566667,0.289474487
110.16,0.303710937
110.1633333,0.280008952
110.1666667,0.296401978
110.17,0.270126343
110.1733333,0.247324626
110.1766667,0.189453125
110.18,0.183349609
110.1833333,0.210113525
110.1866667,0.19106547
110.19,0.186782837
110.1933333,0.160603841
110.1966667,0.141204834
110.2,0.109634399
110.2033333,0.1318868
110.2066667,0.075200399
110.21,0.131149292
110.2133333,0.091461182
110.2166667,0.069910685
110.22,0.041229248
110.2233333,0.064524333
110.2266667,0.059738159
110.23,0.106796265
110.2333333,0.075759888
110.2366667,0.062850952
110.24,0.089355469
110.2433333,0.04985555
110.2466667,0.072611491
110.25,0.071716309
110.2533333,0.057678223
110.2566667,0.064249674
110.26,0.065841675
110.2633333,0.067184448
110.2666667,0.035400391
110.27,0.024993896
110.2733333,0.042892456
110.2766667,0.080347697
110.28,0.081878662
110.2833333,0.065104167
110.2866667,0.038808187
110.29,0.119354248
110.2933333,0.086380005
110.2966667,0.06451416
110.3,0.098876953
110.3033333,0.093770345
110.3066667,0.084793091
110.31,0.069961548
110.3133333,0.104919434
110.3166667,0.072224935
110.32,0.088195801
110.3233333,0.081614176
110.3266667,0.093266805
110.33,0.061965942
110.3333333,0.072860718
110.3366667,0.071665446
110.34,0.070068359
110.3433333,0.062917074
110.3466667,0.054489136
110.35,0.079193115
110.3533333,0.065353394
110.3566667,0.149368286
110.36,0.128555298
110.3633333,0.092193604
110.3666667,0.07850647
110.37,0.114822388
110.3733333,0.133839925
110.3766667,0.095809937
110.38,0.105300903
110.3833333,0.121205648
110.3866667,0.105285645
110.39,0.124572754
110.3933333,0.10663859
110.3966667,0.105280558
110.4,0.073623657
110.4033333,0.084762573
110.4066667,0.133987427
110.41,0.118423462
110.4133333,0.073410034
110.4166667,0.101852417
110.42,0.094955444
110.4233333,0.046386719
110.4266667,0.026148478
110.43,0.013763428
110.4333333,0.095189412
110.4366667,0.12294515
110.44,0.08555603
110.4433333,0.107910156
110.4466667,0.08635966
110.45,0.107879639
110.4533333,0.075764974
110.4566667,0.098536174
110.46,0.038650513
110.4633333,0.061213175
110.4666667,0.093282064
110.47,0.136184692
110.4733333,0.084121704
110.4766667,0.074788411
110.48,0.057418823
110.4833333,0.052515666
110.4866667,0.119471232
110.49,0.089309692
110.4933333,0.080815633
110.4966667,0.082555135
110.5,0.108337402
110.5033333,0.103947957
110.5066667,0.095077515
110.51,0.073760986
110.5133333,0.078303019
110.5166667,0.084991455
110.52,0.046859741
110.5233333,0.047988892
110.5266667,0.074768066
110.53,0.083618164
110.5333333,0.11622111
110.5366667,0.075703939
110.54,0.082046509
110.5433333,0.006937663
110.5466667,0.038004557
110.55,0.053024292
110.5533333,0.019037882
110.5566667,0.094192505
110.56,0.059341431
110.5633333,0.064300537
110.5666667,0.037460327
110.57,0.045715332
110.5733333,0.040125529
110.5766667,0.071070353
110.58,0.039657593
110.5833333,0.00890096
110.5866667,0.013977051
110.59,0.038330078
110.5933333,0.031458537
110.5966667,0.049062093
110.6,0.072402954
110.6033333,0.08698527
110.6066667,0.059636434
110.61,0.055007935
110.6133333,0.025344849
110.6166667,0.000432332
110.62,0.094573975
110.6233333,0.065216064
110.6266667,0.114690145
110.63,0.085205078
110.6333333,0.066477458
110.6366667,0.05645752
110.64,0.072921753
110.6433333,0.074406942
110.6466667,0.048797607
110.65,0.044021606
110.6533333,0.148381551
110.6566667,0.093994141
110.66,0.096405029
110.6633333,0.059148153
110.6666667,0.063959757
110.67,0.136413574
110.6733333,0.122055054
110.6766667,0.079645793
110.68,0.070968628
110.6833333,0.09920756
110.6866667,0.11118571
110.69,0.120239258
110.6933333,0.08430481
110.6966667,0.066696167
110.7,0.038604736
110.7033333,0.045110067
110.7066667,0.044748942
110.71,0.015426636
110.7133333,0.007207235
110.7166667,0.061976115
110.72,0.059326172
110.7233333,0.036056519
110.7266667,0.054494222
110.73,0.001724243
110.7333333,0.017852783
110.7366667,0.033391317
110.74,0.105056763
110.7433333,0.0852712
110.7466667,0.085001628
110.75,0.065612793
110.7533333,0.020014445
110.7566667,0.029459635
110.76,0.020248413
110.7633333,0.033055623
110.7666667,0.166651408
110.77,0.217987061
110.7733333,0.219589233
110.7766667,0.186086019
110.78,0.244842529
110.7833333,0.276641846
110.7866667,0.29649353
110.79,0.232330322
110.7933333,0.149851481
110.7966667,0.102676392
110.8,0.025939941
110.8033333,-0.041056315
110.8066667,-0.156234741
110.81,-0.182815552
110.8133333,-0.216878255
110.8166667,-0.182444255
110.82,-0.15447998
110.8233333,-0.110605876
110.8266667,-0.08039856
110.83,-0.070114136
110.8333333,-0.015004476
110.8366667,0.027679443
110.84,0.069580078
110.8433333,0.092142741
110.8466667,0.054173787
110.85,0.069351196
110.8533333,0.053787231
110.8566667,0.071350098
110.86,0.038223267
110.8633333,0.05712382
110.8666667,0.097427368
110.87,0.102859497
110.8733333,0.103561401
110.8766667,0.126953125
110.88,0.113525391
110.8833333,0.131607056
110.8866667,0.092625936
110.89,0.120559692
110.8933333,0.14503479
110.8966667,0.148834229
110.9,0.145797729
110.9033333,0.149200439
110.9066667,0.15196228
110.91,0.124740601
110.9133333,0.179545085
110.9166667,0.184885661
110.92,0.171615601
110.9233333,0.172083537
110.9266667,0.159484863
110.93,0.205413818
110.9333333,0.164972941
110.9366667,0.174758911
110.94,0.160263062
110.9433333,0.185475667
110.9466667,0.161361694
110.95,0.236358643
110.9533333,0.226023356
110.9566667,0.155614217
110.96,0.189727783
110.9633333,0.16905721
110.9666667,0.18002828
110.97,0.166900635
110.9733333,0.201848348
110.9766667,0.196568807
110.98,0.17817688
110.9833333,0.204111735
110.9866667,0.221415202
110.99,0.238327026
110.9933333,0.233230591
110.9966667,0.190836589
111,0.222396851
111.0033333,0.295237223
111.0066667,0.286051432
111.01,0.302642822
111.0133333,0.309239705
111.0166667,0.319544474
111.02,0.311752319
111.0233333,0.297943115
111.0266667,0.29326884
111.03,0.280075073
111.0333333,0.32585144
111.0366667,0.323420207
111.04,0.301635742
111.0433333,0.285390218
111.0466667,0.25646464
111.05,0.359420776
111.0533333,0.270746867
111.0566667,0.322128296
111.06,0.328643799
111.0633333,0.293574015
111.0666667,0.275243123
111.07,0.269241333
111.0733333,0.247009277
111.0766667,0.245534261
111.08,0.205276489
111.0833333,0.183105469
111.0866667,0.189341227
111.09,0.123580933
111.0933333,0.128077189
111.0966667,0.137120565
111.1,0.159225464
111.1033333,0.102111816
111.1066667,0.111053467
111.11,0.077911377
111.1133333,0.054316203
111.1166667,0.111719767
111.12,0.090499878
111.1233333,0.088490804
111.1266667,0.072921753
111.13,0.076370239
111.1333333,0.044326782
111.1366667,0.0006663
111.14,0.031906128
111.1433333,0.033121745
111.1466667,0.048833211
111.15,0.067443848
111.1533333,0.052693685
111.1566667,0.042663574
111.16,0.105224609
111.1633333,0.064804077
111.1666667,0.059254964
111.17,0.049224854
111.1733333,0.105021159
111.1766667,0.073923747
111.18,0.034332275
111.1833333,0.125147502
111.1866667,0.129735311
111.19,0.121047974
111.1933333,0.145105998
111.1966667,0.070404053
111.2,0.106582642
111.2033333,0.098587036
111.2066667,0.139516195
111.21,0.094970703
111.2133333,0.135879517
111.2166667,0.136922201
111.22,0.140426636
111.2233333,0.119384766
111.2266667,0.146031698
111.23,0.097351074
111.2333333,0.100962321
111.2366667,0.086156209
111.24,0.125045776
111.2433333,0.108744303
111.2466667,0.138585409
111.25,0.107574463
111.2533333,0.143376668
111.2566667,0.151728312
111.26,0.113647461
111.2633333,0.12584432
111.2666667,0.157190959
111.27,0.16255188
111.2733333,0.165364583
111.2766667,0.150080363
111.28,0.130157471
111.2833333,0.150095622
111.2866667,0.123011271
111.29,0.15574646
111.2933333,0.138102214
111.2966667,0.140950521
111.3,0.12840271
111.3033333,0.15767924
111.3066667,0.146138509
111.31,0.103652954
111.3133333,0.107269287
111.3166667,0.132726034
111.32,0.155532837
111.3233333,0.136820475
111.3266667,0.083353678
111.33,0.140136719
111.3333333,0.139363607
111.3366667,0.115168254
111.34,0.123779297
111.3433333,0.102874756
111.3466667,0.106414795
111.35,0.085144043
111.3533333,0.12832133
111.3566667,0.111963908
111.36,0.139175415
111.3633333,0.136230469
111.3666667,0.133361816
111.37,0.133209229
111.3733333,0.084543864
111.3766667,0.112721761
111.38,0.124938965
111.3833333,0.136769613
111.3866667,0.097651164
111.39,0.087600708
111.3933333,0.117792765
111.3966667,0.074035645
111.4,0.055770874
111.4033333,0.055842082
111.4066667,0.070699056
111.41,0.05430603
111.4133333,0.09992981
111.4166667,0.072352091
111.42,0.055343628
111.4233333,0.064137777
111.4266667,0.063008626
111.43,0.035995483
111.4333333,0.009460449
111.4366667,-0.00815328
111.44,0.061416626
111.4433333,0.061609904
111.4466667,0.07514445
111.45,0.034103394
111.4533333,0.050837199
111.4566667,0.045399984
111.46,0.066665649
111.4633333,0.057067871
111.4666667,0.086339315
111.47,0.063705444
111.4733333,0.079910278
111.4766667,0.030349731
111.48,0.081481934
111.4833333,0.031814575
111.4866667,0.047754924
111.49,0.056396484
111.4933333,0.038447062
111.4966667,0.04200236
111.5,0.02746582
111.5033333,0.041005452
111.5066667,0.056910197
111.51,0.081192017
111.5133333,0.072784424
111.5166667,0.061467489
111.52,0.085601807
111.5233333,0.100957235
111.5266667,0.087259928
111.53,0.128936768
111.5333333,0.087203979
111.5366667,0.089920044
111.54,0.061187744
111.5433333,0.053039551
111.5466667,0.03485616
111.55,0.059051514
111.5533333,0.071121216
111.5566667,0.093811035
111.56,0.082794189
111.5633333,0.07027181
111.5666667,0.081380208
111.57,0.048156738
111.5733333,0.100723267
111.5766667,0.104558309
111.58,0.023071289
111.5833333,0.042088826
111.5866667,0.056859334
111.59,0.052947998
111.5933333,0.094482422
111.5966667,0.093307495
111.6,0.075531006
111.6033333,0.046925863
111.6066667,0.06366984
111.61,0.017593384
111.6133333,0.04246521
111.6166667,0.090382894
111.62,0.10194397
111.6233333,0.1378479
111.6266667,0.10051473
111.63,0.048736572
111.6333333,0.090484619
111.6366667,0.092631022
111.64,0.108917236
111.6433333,0.058074951
111.6466667,0.041615804
111.65,0.104904175
111.6533333,0.024261475
111.6566667,0.034642537
111.66,0.028778076
111.6633333,0.059458415
111.6666667,0.038909912
111.67,0.045150757
111.6733333,0.015446981
111.6766667,0.042388916
111.68,-0.010772705
111.6833333,-0.033086141
111.6866667,0.000757853
111.69,0.045013428
111.6933333,-0.02100118
111.6966667,0.008285522
111.7,0.009994507
111.7033333,-0.008458455
111.7066667,0.063105265
111.71,0.072631836
111.7133333,0.03074646
111.7166667,0.032068888
111.72,0.029449463
111.7233333,0.056925456
111.7266667,0.072952271
111.73,0.079681396
111.7333333,0.194091797
111.7366667,0.210067749
111.74,0.228515625
111.7433333,0.307444255
111.7466667,0.283971151
111.75,0.262069702
111.7533333,0.114969889
111.7566667,0.09795634
111.76,0.075119019
111.7633333,-0.028747559
111.7666667,-0.063349406
111.77,-0.135604858
111.7733333,-0.218536377
111.7766667,-0.258321126
111.78,-0.205429077
111.7833333,-0.19220988
111.7866667,-0.13911438
111.79,-0.044784546
111.7933333,0.008387248
111.7966667,0.007680257
111.8,0.065765381
111.8033333,0.046315511
111.8066667,0.087427775
111.81,0.061904907
111.8133333,0.05770874
111.8166667,0.051752726
111.82,0.10295105
111.8233333,0.051218669
111.8266667,0.083358765
111.83,0.077514648
111.8333333,-0.001780192
111.8366667,0.021530151
111.84,0.044662476
111.8433333,0.089187622
111.8466667,0.047846476
111.85,0.066223145
111.8533333,0.057637533
111.8566667,0.083933512
111.86,0.041885376
111.8633333,0.042399089
111.8666667,0.10269165
111.87,0.033554077
111.8733333,-0.01087443
111.8766667,0.011332194
111.88,0.002792358
111.8833333,0.00928243
111.8866667,0.099472046
111.89,0.057357788
111.8933333,0.062550863
111.8966667,0.008143107
111.9,0.026702881
111.9033333,0.072718302
111.9066667,0.123458862
111.91,0.06880188
111.9133333,0.063481649
111.9166667,0.048446655
111.92,0.05406189
111.9233333,0.16947937
111.9266667,0.138585409
111.93,0.123306274
111.9333333,0.126546224
111.9366667,0.119303385
111.94,0.137191772
111.9433333,0.198638916
111.9466667,0.156626383
111.95,0.169143677
111.9533333,0.151769002
111.9566667,0.261571248
111.96,0.255706787
111.9633333,0.205322266
111.9666667,0.215682983
111.97,0.188903809
111.9733333,0.243967692
111.9766667,0.225819906
111.98,0.237808228
111.9833333,0.244750977
111.9866667,0.209538778
111.99,0.23274231
111.9933333,0.203801473
111.9966667,0.257532756
112,0.252914429
112.0033333,0.247711182
112.0066667,0.284800212
112.01,0.229629517
112.0133333,0.180226644
112.0166667,0.2415212
112.02,0.185760498
112.0233333,0.218526204
112.0266667,0.189951579
112.03,0.252716064
112.0333333,0.202178955
112.0366667,0.224400838
112.04,0.178543091
112.0433333,0.186818441
112.0466667,0.144846598
112.05,0.133743286
112.0533333,0.143915812
112.0566667,0.089538574
112.06,0.088943481
112.0633333,0.061635335
112.0666667,0.071004232
112.07,0.062210083
112.0733333,0.067016602
112.0766667,0.038752238
112.08,0.024703979
112.0833333,0.070699056
112.0866667,0.035293579
112.09,0.023330688
112.0933333,0.063893636
112.0966667,0.018066406
112.1,-0.00289917
112.1033333,0.01373291
112.1066667,-0.013997396
112.11,0.030105591
112.1133333,0.01936849
112.1166667,0.015741984
112.12,0.011260986
112.1233333,0.023635864
112.1266667,0.022923787
112.13,0.054351807
112.1333333,0.068740845
112.1366667,0.082707723
112.14,0.050064087
112.1433333,-0.00340271
112.1466667,-0.020604451
112.15,0.038070679
112.1533333,0.012288411
112.1566667,0.046198527
112.16,0.051605225
112.1633333,0.091018677
112.1666667,0.061925252
112.17,0.047286987
112.1733333,0.060740153
112.1766667,0.057713826
112.18,0.06993103
112.1833333,0.027440389
112.1866667,0.015309652
112.19,0.020385742
112.1933333,-0.013865153
112.1966667,0.011250814
112.2,0.057907104
112.2033333,0.043879191
112.2066667,0.096120199
112.21,0.078521729
112.2133333,0.075464884
112.2166667,0.054753621
112.22,0.052764893
112.2233333,0.084376017
112.2266667,0.050832113
112.23,0.033935547
112.2333333,0.036087036
112.2366667,0.036198934
112.24,0.042800903
112.2433333,0.033859253
112.2466667,0.10504659
112.25,0.102233887
112.2533333,0.079391479
112.2566667,0.057622274
112.26,0.051116943
112.2633333,0.043375651
112.2666667,0.046106974
112.27,0.1328125
112.2733333,0.104029338
112.2766667,0.107803345
112.28,0.08052063
112.2833333,0.104471842
112.2866667,0.051289876
112.29,0.064071655
112.2933333,0.035522461
112.2966667,0.011723836
112.3,0.004730225
112.3033333,0.059122721
112.3066667,0.077255249
112.31,0.12512207
112.3133333,0.108062744
112.3166667,0.057957967
112.32,0.097427368
112.3233333,0.069056193
112.3266667,0.032211304
112.33,0.079650879
112.3333333,0.135803223
112.3366667,0.080174764
112.34,0.068222046
112.3433333,0.05368042
112.3466667,0.078308105
112.35,0.079574585
112.3533333,0.084503174
112.3566667,0.024470011
112.36,0.053039551
112.3633333,0.060424805
112.3666667,0.047734578
112.37,0.034057617
112.3733333,0.080820719
112.3766667,0.064198812
112.38,0.022216797
112.3833333,0.004730225
112.3866667,0.043828328
112.39,0.058990479
112.3933333,0.052642822
112.3966667,0.037811279
112.4,0.035476685
112.4033333,0.062774658
112.4066667,0.031046549
112.41,0.021362305
112.4133333,0.106257121
112.4166667,0.061416626
112.42,0.05859375
112.4233333,0.053665161
112.4266667,0.080281576
112.43,0.083892822
112.4333333,0.054931641
112.4366667,0.061258952
112.44,0.081893921
112.4433333,0.097864787
112.4466667,0.08102417
112.45,0.056838989
112.4533333,0.062774658
112.4566667,0.103093465
112.46,0.100280762
112.4633333,0.100708008
112.4666667,0.08509318
112.47,0.07913208
112.4733333,0.057576497
112.4766667,0.117543538
112.48,0.098114014
112.4833333,0.111262004
112.4866667,0.16553243
112.49,0.130523682
112.4933333,0.110753377
112.4966667,0.15898641
112.5,0.1537323
112.5033333,0.118845622
112.5066667,0.173329671
112.51,0.164093018
112.5133333,0.117050171
112.5166667,0.121714274
112.52,0.13583374
112.5233333,0.083170573
112.5266667,0.097218831
112.53,0.082748413
112.5333333,0.089314779
112.5366667,0.138122559
112.54,0.046157837
112.5433333,0.077667236
112.5466667,0.092976888
112.55,0.106658936
112.5533333,0.103566488
112.5566667,0.105555216
112.56,0.128494263
112.5633333,0.115793864
112.5666667,0.119934082
112.57,0.121917725
112.5733333,0.142100016
112.5766667,0.145446777
112.58,0.112503052
112.5833333,0.122324626
112.5866667,0.163736979
112.59,0.196182251
112.5933333,0.146174113
112.5966667,0.12634786
112.6,0.16746521
112.6033333,0.19951884
112.6066667,0.177719116
112.61,0.214492798
112.6133333,0.258097331
112.6166667,0.181528727
112.62,0.178604126
112.6233333,0.189900716
112.6266667,0.218556722
112.63,0.173248291
112.6333333,0.155207316
112.6366667,0.101730347
112.64,0.143249512
112.6433333,0.156417847
112.6466667,0.156682332
112.65,0.129699707
112.6533333,0.144989014
112.6566667,0.135508219
112.66,0.141098022
112.6633333,0.107208252
112.6666667,0.112279256
112.67,0.109573364
112.6733333,0.120849609
112.6766667,0.142893473
112.68,0.117843628
112.6833333,0.100199382
112.6866667,0.151814779
112.69,0.09526062
112.6933333,0.132924398
112.6966667,0.105504354
112.7,0.100097656
112.7033333,0.059427897
112.7066667,0.117975871
112.71,0.175216675
112.7133333,0.169616699
112.7166667,0.229822795
112.72,0.297851563
112.7233333,0.349604289
112.7266667,0.372548421
112.73,0.362380981
112.7333333,0.369898478
112.7366667,0.294871012
112.74,0.209915161
112.7433333,0.14116923
112.7466667,0.131932576
112.75,-0.017166138
112.7533333,-0.07186381
112.7566667,-0.157811483
112.76,-0.188339233
112.7633333,-0.23227946
112.7666667,-0.193227132
112.77,-0.128341675
112.7733333,-0.054234823
112.7766667,0.035975138
112.78,0.057250977
112.7833333,0.074284871
112.7866667,0.095698039
112.79,0.090652466
112.7933333,0.085678101
112.7966667,0.102411906
112.8,0.087051392
112.8033333,0.063583374
112.8066667,0.120162964
112.81,0.128662109
112.8133333,0.090240479
112.8166667,0.069376628
112.82,0.057052612
112.8233333,0.080841064
112.8266667,0.085632324
112.83,0.085540771
112.8333333,0.148773193
112.8366667,0.142288208
112.84,0.121765137
112.8433333,0.118321737
112.8466667,0.081858317
112.85,0.134506226
112.8533333,0.127868652
112.8566667,0.129557292
112.86,0.124679565
112.8633333,0.119934082
112.8666667,0.105692546
112.87,0.113677979
112.8733333,0.126780192
112.8766667,0.160695394
112.88,0.189834595
112.8833333,0.181554159
112.8866667,0.155919393
112.89,0.136367798
112.8933333,0.132207235
112.8966667,0.177032471
112.9,0.13923645
112.9033333,0.181788127
112.9066667,0.244328817
112.91,0.217697144
112.9133333,0.202402751
112.9166667,0.224939982
112.92,0.188598633
112.9233333,0.168441772
112.9266667,0.199345907
112.93,0.23286438
112.9333333,0.231399536
112.9366667,0.25273641
112.94,0.29234314
112.9433333,0.291315715
112.9466667,0.280090332
112.95,0.277862549
112.9533333,0.305201213
112.9566667,0.320877075
112.96,0.361038208
112.9633333,0.328694661
112.9666667,0.3612264
112.97,0.337234497
112.9733333,0.348454793
112.9766667,0.343175252
112.98,0.367080688
112.9833333,0.362319946
112.9866667,0.379394531
112.99,0.367584229
112.9933333,0.340362549
112.9966667,0.353439331
113,0.369262695
113.0033333,0.354782104
113.0066667,0.365778605
113.01,0.401489258
113.0133333,0.356903076
113.0166667,0.330785116
113.02,0.299484253
113.0233333,0.296656291
113.0266667,0.265609741
113.03,0.214874268
113.0333333,0.258433024
113.0366667,0.260533651
113.04,0.206069946
113.0433333,0.184458415
113.0466667,0.169062297
113.05,0.137939453
113.0533333,0.096059163
113.0566667,0.096384684
113.06,0.119537354
113.0633333,0.130167643
113.0666667,0.108744303
113.07,0.109603882
113.0733333,0.112375895
113.0766667,0.09975179
113.08,0.104751587
113.0833333,0.108464559
113.0866667,0.071039836
113.09,0.117294312
113.0933333,0.134002686
113.0966667,0.106521606
113.1,0.088729858
113.1033333,0.064300537
113.1066667,0.049560547
113.11,0.077590942
113.1133333,0.044906616
113.1166667,0.005620321
113.12,0.073135376
113.1233333,0.093261719
113.1266667,0.076660156
113.13,0.114395142
113.1333333,0.113296509
113.1366667,0.128733317
113.14,0.131515503
113.1433333,0.134140015
113.1466667,0.123326619
113.15,0.110015869
113.1533333,0.084869385
113.1566667,0.058497111
113.16,0.050308228
113.1633333,0.078760783
113.1666667,0.046284993
113.17,0.074584961
113.1733333,0.108718872
113.1766667,0.090489705
113.18,0.098342896
113.1833333,0.092391968
113.1866667,0.075617472
113.19,0.07963562
113.1933333,0.134689331
113.1966667,0.098846436
113.2,0.089263916
113.2033333,0.125783285
113.2066667,0.145431519
113.21,0.055969238
113.2133333,0.072784424
113.2166667,0.067265828
113.22,0.092254639
113.2233333,0.090464274
113.2266667,0.131266276
113.23,0.101699829
113.2333333,0.085576375
113.2366667,0.063390096
113.24,0.09262085
113.2433333,0.08358256
113.2466667,0.09858195
113.25,0.094604492
113.2533333,0.046727498
113.2566667,0.086690267
113.26,0.085388184
113.2633333,0.078074137
113.2666667,0.08450826
113.27,0.091659546
113.2733333,0.083740234
113.2766667,0.060618083
113.28,0.047897339
113.2833333,0.056482951
113.2866667,0.093673706
113.29,0.049087524
113.2933333,0.058659871
113.2966667,0.00890096
113.3,0.075683594
113.3033333,0.028518677
113.3066667,0.048075358
113.31,0.065948486
113.3133333,0.08968099
113.3166667,0.029525757
113.32,0.060302734
113.3233333,0.109766642
113.3266667,0.07993571
113.33,0.05279541
113.3333333,0.068155924
113.3366667,0.110407511
113.34,0.06993103
113.3433333,0.052134196
113.3466667,0.066813151
113.35,0.066452026
113.3533333,0.051742554
113.3566667,0.095453898
113.36,0.153335571
113.3633333,0.086593628
113.3666667,0.130615234
113.37,0.123031616
113.3733333,0.121805827
113.3766667,0.146743774
113.38,0.151489258
113.3833333,0.111999512
113.3866667,0.113372803
113.39,0.114135742
113.3933333,0.147989909
113.3966667,0.119649251
113.4,0.134506226
113.4033333,0.114186605
113.4066667,0.131037394
113.41,0.156402588
113.4133333,0.13146464
113.4166667,0.146738688
113.42,0.101959229
113.4233333,0.087163289
113.4266667,0.07061259
113.43,0.129333496
113.4333333,0.086720785
113.4366667,0.06493632
113.44,0.088684082
113.4433333,0.075510661
113.4466667,0.055918376
113.45,0.125350952
113.4533333,0.132420858
113.4566667,0.123306274
113.46,0.131195068
113.4633333,0.097941081
113.4666667,0.115229289
113.47,0.16607666
113.4733333,0.106246948
113.4766667,0.097249349
113.48,0.099197388
113.4833333,0.119018555
113.4866667,0.111150106
113.49,0.113220215
113.4933333,0.10983785
113.4966667,0.14743042
113.5,0.140380859
113.5033333,0.115264893
113.5066667,0.109547933
113.51,0.12461853
113.5133333,0.163798014
113.5166667,0.145645142
113.52,0.124816895
113.5233333,0.171869914
113.5266667,0.138748169
113.53,0.133605957
113.5333333,0.139770508
113.5366667,0.117284139
113.54,0.06439209
113.5433333,0.101796468
113.5466667,0.106618245
113.55,0.098419189
113.5533333,0.105255127
113.5566667,0.127914429
113.56,0.10710144
113.5633333,0.088312785
113.5666667,0.111923218
113.57,0.08102417
113.5733333,0.045979818
113.5766667,0.072168986
113.58,0.070877075
113.5833333,0.082270304
113.5866667,0.084411621
113.59,0.144515991
113.5933333,0.11873881
113.5966667,0.097717285
113.6,0.078887939
113.6033333,0.09773763
113.6066667,0.056371053
113.61,0.136077881
113.6133333,0.074320475
113.6166667,0.079447428
113.62,0.043762207
113.6233333,0.123285929
113.6266667,0.076466878
113.63,0.072097778
113.6333333,0.078455607
113.6366667,0.044001261
113.64,0.077102661
113.6433333,0.054295858
113.6466667,0.026046753
113.65,0.026779175
113.6533333,0.045221965
113.6566667,0.026804606
113.66,0.092300415
113.6633333,0.07274882
113.6666667,0.01856486
113.67,0.092895508
113.6733333,0.0677948
113.6766667,0.044296265
113.68,0.008758545
113.6833333,0.02784729
113.6866667,0.036773682
113.69,0.086532593
113.6933333,0.165471395
113.6966667,0.209554036
113.7,0.263900757
113.7033333,0.289235433
113.7066667,0.311014811
113.71,0.389465332
113.7133333,0.364822388
113.7166667,0.312143962
113.72,0.241821289
113.7233333,0.141774495
113.7266667,0.100794474
113.73,-0.008987427
113.7333333,-0.071004232
113.7366667,-0.159556071
113.74,-0.197937012
113.7433333,-0.237482707
113.7466667,-0.182576497
113.75,-0.204849243
113.7533333,-0.170455933
113.7566667,-0.062525431
113.76,0.013183594
113.7633333,0.037724813
113.7666667,0.071589152
113.77,0.039138794
113.7733333,0.052032471
113.7766667,0.053777059
113.78,0.107681274
113.7833333,0.061518351
113.7866667,0.119913737
113.79,0.121124268
113.7933333,0.107549032
113.7966667,0.093500773
113.8,0.152664185
113.8033333,0.203938802
113.8066667,0.175109863
113.81,0.215988159
113.8133333,0.203572591
113.8166667,0.203170776
113.82,0.180236816
113.8233333,0.177357992
113.8266667,0.1690979
113.83,0.208847046
113.8333333,0.189717611
113.8366667,0.182993571
113.84,0.181655884
113.8433333,0.217371623
113.8466667,0.182428996
113.85,0.195770264
113.8533333,0.224304199
113.8566667,0.200922648
113.86,0.143692017
113.8633333,0.173975627
113.8666667,0.167719523
113.87,0.162948608
113.8733333,0.232533773
113.8766667,0.193445841
113.88,0.192687988
113.8833333,0.197601318
113.8866667,0.142440796
113.89,0.200485229
113.8933333,0.222229004
113.8966667,0.262634277
113.9,0.224304199
113.9033333,0.265218099
113.9066667,0.275848389
113.91,0.28263855
113.9133333,0.257115682
113.9166667,0.268681844
113.92,0.293884277
113.9233333,0.287948608
113.9266667,0.314880371
113.93,0.32244873
113.9333333,0.311991374
113.9366667,0.312566121
113.94,0.391494751
113.9433333,0.376230876
113.9466667,0.329157511
113.95,0.3074646
113.9533333,0.364990234
113.9566667,0.381123861
113.96,0.42414856
113.9633333,0.408259074
113.9666667,0.413182576
113.97,0.436645508
113.9733333,0.42469279
113.9766667,0.444458008
113.98,0.398345947
113.9833333,0.415445964
113.9866667,0.324193319
113.99,0.378051758
113.9933333,0.349980672
113.9966667,0.365921021
114,0.291442871
114.0033333,0.312383016
114.0066667,0.287307739
114.01,0.27784729
114.0133333,0.265538534
114.0166667,0.241673787
114.02,0.219543457
114.0233333,0.236236572
114.0266667,0.24919637
114.03,0.194351196
114.0333333,0.200602214
114.0366667,0.166615804
114.04,0.13571167
114.0433333,0.145706177
114.0466667,0.184280396
114.05,0.101623535
114.0533333,0.155461629
114.0566667,0.161992391
114.06,0.159469604
114.0633333,0.128255208
114.0666667,0.153706868
114.07,0.123840332
114.0733333,0.130391439
114.0766667,0.105494181
114.08,0.136047363
114.0833333,0.123087565
114.0866667,0.118260701
114.09,0.101623535
114.0933333,0.128341675
114.0966667,0.090962728
114.1,0.149688721
114.1033333,0.098027547
114.1066667,0.151372274
114.11,0.127471924
114.1133333,0.124867757
114.1166667,0.137430827
114.12,0.138778687
114.1233333,0.168604533
114.1266667,0.149047852
114.13,0.127120972
114.1333333,0.119883219
114.1366667,0.126627604
114.14,0.097976685
114.1433333,0.081288656
114.1466667,0.094680786
114.15,0.094223022
114.1533333,0.100021362
114.1566667,0.123697917
114.16,0.097183228
114.1633333,0.126393636
114.1666667,0.097020467
114.17,0.117874146
114.1733333,0.145594279
114.1766667,0.160364787
114.18,0.12008667
114.1833333,0.135676066
114.1866667,0.158971151
114.19,0.167022705
114.1933333,0.14700826
114.1966667,0.105484009
114.2,0.111694336
114.2033333,0.143763224
114.2066667,0.149571737
114.21,0.185531616
114.2133333,0.119252523
114.2166667,0.129038493
114.22,0.12310791
114.2233333,0.14151001
114.2266667,0.172561646
114.23,0.127426147
114.2333333,0.123977661
114.2366667,0.15184021
114.24,0.148117065
114.2433333,0.106002808
114.2466667,0.165181478
114.25,0.144195557
114.2533333,0.127222697
114.2566667,0.140223185
114.26,0.173873901
114.2633333,0.163752238
114.2666667,0.075327555
114.27,0.127716064
114.2733333,0.158187866
114.2766667,0.143447876
114.28,0.154144287
114.2833333,0.111923218
114.2866667,0.119099935
114.29,0.139053345
114.2933333,0.101043701
114.2966667,0.168365479
114.3,0.134658813
114.3033333,0.14662679
114.3066667,0.130360921
114.31,0.126419067
114.3133333,0.167277018
114.3166667,0.165456136
114.32,0.157180786
114.3233333,0.151443481
114.3266667,0.117406209
114.33,0.113082886
114.3333333,0.12995402
114.3366667,0.101104736
114.34,0.113983154
114.3433333,0.115178426
114.3466667,0.183207194
114.35,0.0831604
114.3533333,0.135055542
114.3566667,0.196695964
114.36,0.167678833
114.3633333,0.1118927
114.3666667,0.096282959
114.37,0.095977783
114.3733333,0.113428752
114.3766667,0.112630208
114.38,0.082122803
114.3833333,0.092137655
114.3866667,0.094507853
114.39,0.085250854
114.3933333,0.119222005
114.3966667,0.097874959
114.4,0.115661621
114.4033333,0.084569295
114.4066667,0.122111003
114.41,0.120910645
114.4133333,0.103449504
114.4166667,0.064468384
114.42,0.093780518
114.4233333,0.108963013
114.4266667,0.113265991
114.43,0.106018066
114.4333333,0.087458293
114.4366667,0.100290934
114.44,0.132354736
114.4433333,0.133417765
114.4466667,0.114364624
114.45,0.113677979
114.4533333,0.115590413
114.4566667,0.132029215
114.46,0.11958313
114.4633333,0.125218709
114.4666667,0.103734334
114.47,0.102416992
114.4733333,0.111882528
114.4766667,0.126592
114.48,0.159606934
114.4833333,0.118891398
114.4866667,0.060923258
114.49,0.100418091
114.4933333,0.128585815
114.4966667,0.156016032
114.5,0.11100769
114.5033333,0.148874919
114.5066667,0.198781331
114.51,0.129074097
114.5133333,0.116185506
114.5166667,0.115280151
114.52,0.16317749
114.5233333,0.138554891
114.5266667,0.15860494
114.53,0.11491394
114.5333333,0.139719645
114.5366667,0.130594889
114.54,0.160461426
114.5433333,0.159952799
114.5466667,0.189885457
114.55,0.157165527
114.5533333,0.187632243
114.5566667,0.191670736
114.56,0.189453125
114.5633333,0.152842204
114.5666667,0.134607951
114.57,0.146957397
114.5733333,0.131251017
114.5766667,0.10492452
114.58,0.111297607
114.5833333,0.174967448
114.5866667,0.177118937
114.59,0.100738525
114.5933333,0.135960897
114.5966667,0.178588867
114.6,0.150222778
114.6033333,0.132202148
114.6066667,0.189793905
114.61,0.143981934
114.6133333,0.109390259
114.6166667,0.113016764
114.62,0.151229858
114.6233333,0.198481242
114.6266667,0.148768107
114.63,0.133407593
114.6333333,0.140482585
114.6366667,0.227330526
114.64,0.231414795
114.6433333,0.294748942
114.6466667,0.325668335
114.65,0.354919434
114.6533333,0.372350057
114.6566667,0.391911825
114.66,0.264129639
114.6633333,0.233164469
114.6666667,0.19938151
114.67,0.183273315
114.6733333,0.041676839
114.6766667,-0.029413859
114.68,-0.083099365
114.6833333,-0.167948405
114.6866667,-0.157114665
114.69,-0.179290771
114.6933333,-0.178003947
114.6966667,-0.118911743
114.7,-0.099105835
114.7033333,-0.045969645
114.7066667,0.046234131
114.71,0.094451904
114.7133333,0.065643311
114.7166667,0.098520915
114.72,0.123718262
114.7233333,0.106699626
114.7266667,0.082422892
114.73,0.140228271
114.7333333,0.07115682
114.7366667,0.11021932
114.74,0.154434204
114.7433333,0.113632202
114.7466667,0.124506632
114.75,0.170135498
114.7533333,0.12727356
114.7566667,0.140797933
114.76,0.15222168
114.7633333,0.142272949
114.7666667,0.137379964
114.77,0.141464233
114.7733333,0.19497172
114.7766667,0.166224162
114.78,0.14465332
114.7833333,0.13827006
114.7866667,0.126022339
114.79,0.152923584
114.7933333,0.171824137
114.7966667,0.127044678
114.8,0.100402832
114.8033333,0.144439697
114.8066667,0.150960286
114.81,0.147338867
114.8133333,0.200098674
114.8166667,0.176467896
114.82,0.161178589
114.8233333,0.200937907
114.8266667,0.180246989
114.83,0.098175049
114.8333333,0.146865845
114.8366667,0.16679891
114.84,0.205718994
114.8433333,0.225270589
114.8466667,0.207951864
114.85,0.169525146
114.8533333,0.197052002
114.8566667,0.225535075
114.86,0.197937012
114.8633333,0.264526367
114.8666667,0.250523885
114.87,0.245437622
114.8733333,0.223180135
114.8766667,0.248931885
114.88,0.233688354
114.8833333,0.228017171
114.8866667,0.223754883
114.89,0.284988403
114.8933333,0.309494019
114.8966667,0.287185669
114.9,0.236816406
114.9033333,0.256388346
114.9066667,0.273488363
114.91,0.252227783
114.9133333,0.252487183
114.9166667,0.226084391
114.92,0.247802734
114.9233333,0.289072673
114.9266667,0.288823446
114.93,0.295150757
114.9333333,0.274073283
114.9366667,0.271993001
114.94,0.259414673
114.9433333,0.234400431
114.9466667,0.219070435
114.95,0.24559021
114.9533333,0.211659749
114.9566667,0.210072835
114.96,0.179870605
114.9633333,0.152654012
114.9666667,0.176798503
114.97,0.145812988
114.9733333,0.115748088
114.9766667,0.150878906
114.98,0.119415283
114.9833333,0.092671712
114.9866667,0.086878459
114.99,0.065750122
114.9933333,0.056243896
114.9966667,0.07355245
115,0.0415802
115.0033333,0.080286662
115.0066667,0.079218547
115.01,0.047195435
115.0133333,0.053131104
115.0166667,0.083033244
115.02,0.058456421
115.0233333,0.086736043
115.0266667,0.123662313
115.03,0.134994507
115.0333333,0.128046672
115.0366667,0.109446208
115.04,0.149612427
115.0433333,0.120452881
115.0466667,0.082387288
115.05,0.13343811
115.0533333,0.178888957
115.0566667,0.117589315
115.06,0.157333374
115.0633333,0.091105143
115.0666667,0.094019572
115.07,0.106155396
115.0733333,0.083262126
115.0766667,0.094721476
115.08,0.064620972
115.0833333,0.118891398
115.0866667,0.105214437
115.09,0.114868164
115.0933333,0.100107829
115.0966667,0.087738037
115.1,0.108337402
115.1033333,0.070566813
115.1066667,0.165323893
115.11,0.079803467
115.1133333,0.061299642
115.1166667,0.125630697
115.12,0.139205933
115.1233333,0.130050659
115.1266667,0.116266886
115.13,0.092788696
115.1333333,0.112330119
115.1366667,0.12697347
115.14,0.112365723
115.1433333,0.09362793
115.1466667,0.119455973
115.15,0.146560669
115.1533333,0.122502645
115.1566667,0.096089681
115.16,0.114761353
115.1633333,0.090474447
115.1666667,0.115076701
115.17,0.104263306
115.1733333,0.080113729
115.1766667,0.070083618
115.18,0.047180176
115.1833333,0.076166789
115.1866667,0.085673014
115.19,0.093994141
115.1933333,0.092844645
115.1966667,0.039179484
115.2,0.068511963
115.2033333,0.059193929
115.2066667,0.083969116
115.21,0.069854736
115.2133333,0.044153849
115.2166667,0.056050618
115.22,0.0756073
115.2233333,0.083735148
115.2266667,0.109695435
115.23,0.08026123
115.2333333,0.113499959
115.2366667,0.091888428
115.24,0.120239258
115.2433333,0.108261108
115.2466667,0.016860962
115.25,0.105285645
115.2533333,0.08992513
115.2566667,0.181996663
115.26,0.147918701
115.2633333,0.122009277
115.2666667,0.146636963
115.27,0.123016357
115.2733333,0.104746501
115.2766667,0.120524089
115.28,0.103668213
115.2833333,0.106099447
115.2866667,0.113606771
115.29,0.100463867
115.2933333,0.08674113
115.2966667,0.070785522
115.3,0.055847168
115.3033333,0.077570597
115.3066667,0.066935221
115.31,0.098922729
115.3133333,0.076482137
115.3166667,0.055338542
115.32,0.048995972
115.3233333,0.10727946
115.3266667,0.096389771
115.33,0.121994019
115.3333333,0.071843465
115.3366667,0.107625326
115.34,0.114929199
115.3433333,0.137395223
115.3466667,0.106257121
115.35,0.111694336
115.3533333,0.073038737
115.3566667,0.047709147
115.36,0.055603027
115.3633333,0.131922404
115.3666667,0.130666097
115.37,0.105407715
115.3733333,0.106903076
115.3766667,0.146224976
115.38,0.144104004
115.3833333,0.108133952
115.3866667,0.147878011
115.39,0.127532959
115.3933333,0.119420369
115.3966667,0.08706665
115.4,0.106048584
115.4033333,0.157842
115.4066667,0.173940023
115.41,0.218841553
115.4133333,0.180216471
115.4166667,0.118001302
115.42,0.115097046
115.4233333,0.154764811
115.4266667,0.191894531
115.43,0.168457031
115.4333333,0.174967448
115.4366667,0.170120239
115.44,0.173934937
115.4433333,0.240086873
115.4466667,0.22068278
115.45,0.251083374
115.4533333,0.236216227
115.4566667,0.215794881
115.46,0.225708008
115.4633333,0.239227295
115.4666667,0.219167074
115.47,0.218460083
115.4733333,0.210210164
115.4766667,0.198521932
115.48,0.181213379
115.4833333,0.146026611
115.4866667,0.176305135
115.49,0.161376953
115.4933333,0.191726685
115.4966667,0.196177165
115.5,0.185394287
115.5033333,0.212092082
115.5066667,0.213241577
115.51,0.251739502
115.5133333,0.173924764
115.5166667,0.202128092
115.52,0.205825806
115.5233333,0.208175659
115.5266667,0.226613363
115.53,0.231719971
115.5333333,0.219548543
115.5366667,0.181137085
115.54,0.179840088
115.5433333,0.218053182
115.5466667,0.19207255
115.55,0.242996216
115.5533333,0.252466838
115.5566667,0.343114217
115.56,0.341964722
115.5633333,0.403849284
115.5666667,0.460510254
115.57,0.430450439
115.5733333,0.373062134
115.5766667,0.326716105
115.58,0.199783325
115.5833333,0.193913778
115.5866667,0.113454183
115.59,0.049087524
115.5933333,-0.018168132
115.5966667,-0.058731079
115.6,-0.054702759
115.6033333,-0.080540975
115.6066667,-0.044128418
115.61,-0.021011353
115.6133333,0.032948812
115.6166667,0.066935221
115.62,0.120407104
115.6233333,0.224080404
115.6266667,0.242869059
115.63,0.242202759
115.6333333,0.192337036
115.6366667,0.185333252
115.64,0.265609741
115.6433333,0.227325439
115.6466667,0.227966309
115.65,0.233917236
115.6533333,0.268117269
115.6566667,0.217681885
115.66,0.231384277
115.6633333,0.256474813
115.6666667,0.271860758
115.67,0.222396851
115.6733333,0.288024902
115.6766667,0.260889689
115.68,0.257095337
115.6833333,0.225982666